id,name,slug,source
170788,Borussia Düsseldorf,borussia-dusseldorf,sofascore
170800,TTC Zugbrücke Grenzau,ttc-zugbrucke-grenzau,sofascore
170796,Post SV Mühlhausen,post-sv-muhlhausen,sofascore
170804,TTC Hagen,ttc-hagen,sofascore
170790,TTC Frickenhausen,ttc-frickenhausen,sofascore
170794,TTC Bergneustadt,ttc-bergneustadt,sofascore
170802,TTC Fulda Maberzell,ttc-fulda-maberzell,sofascore
170798,Werder Bremen,werder-bremen,sofascore
170806,TTF Ochsenhausen,ttf-ochsenhausen,sofascore
170792,FC Saarbrücken,fc-saarbrucken,sofascore
25079,Chen W.,chen-weixing,sofascore
98253,Xin Xu.,xu-xin,sofascore
25084,Gardos R.,gardos-robert,sofascore
76867,Zhang J.,zhang-jike,sofascore
24894,Lashin E.,lashin-el-sayed,sofascore
98251,Fegerl S.,fegerl-stefan,sofascore
76821,Assar O.,assar-omar,sofascore
24884,Ali Saleh A.,ali-saleh-ahmed,sofascore
76945,Myong Sun Ri.,ri-myong-sun,sofascore
104485,Lee H.,lee-ho-ching,sofascore
76933,Jiang H.,jiang-huajun,sofascore
126146,Postoaca C.,postoaca-camelia,sofascore
131616,Ishigaki Y.,ishigaki-yuka,sofascore
126128,Solja P.,solja-petrissa,sofascore
187517,Alblooshi M.,alblooshi-majd,sofascore
25083,Freitas M.,freitas-marcos,sofascore
131626,Muramatsu Y.,muramatsu-yuto,sofascore
98269,Kim M.,kim-minseok,sofascore
98263,Chen C.,chen-chien-an,sofascore
104581,Morizono M.,morizono-masataka,sofascore
25094,Monteiro J.,monteiro-joao,sofascore
131628,Chiang H.,chiang-hung-chieh,sofascore
98271,Fan Zhendong,fan-zhendong,sofascore
103175,Mengyu Yu.,yu-mengyu,sofascore
25117,Feng T.,feng-tianwei,sofascore
131614,Doo H.,doo-hoi-kem,sofascore
25077,Apolónia T.,apolonia-tiago,sofascore
98297,Habesohn D.,habesohn-daniel,sofascore
76931,Ding N.,ding-ning,sofascore
159896,Isabelle Siyun Li.,li-isabelle-siyun,sofascore
157240,Zhu Yuling,zhu-yuling,sofascore
146866,Karlsson M.,karlsson-mattias,sofascore
182757,Gadiev V.,gadiev-vildan,sofascore
189125,Tregler T.,tregler-tomas,sofascore
189126,Lee C.,lee-chun-lin,sofascore
131612,Brossier B.,brossier-benjamin,sofascore
104517,Lee C.,lee-chia-sheng,sofascore
25086,Jakab J.,jakab-janos,sofascore
25124,Saive J.,saive-jean-michel,sofascore
159886,Kwan Kit Ho.,ho-kwan-kit,sofascore
126090,Pergel S.,pergel-szandra,sofascore
147936,Baravok K.,baravok-katsiaryna,sofascore
104467,Dvorak G.,dvorak-galia,sofascore
103185,Kato M.,kato-miyu,sofascore
76899,Das A.,das-ankita,sofascore
148020,Mutti L.,mutti-leonardo,sofascore
104571,Wong C.,wong-chun-ting,sofascore
182745,Ogata R.,ogata-ryotaro,sofascore
76849,Pattantyus A.,pattantyus-adam,sofascore
141630,Lorentz R.,lorentz-romain,sofascore
25097,Smirnov A.,smirnov-alexei,sofascore
126246,Salifou A.,salifou-abdel-kader,sofascore
126258,Kou L.,kou-lei,sofascore
25119,Liu J.,liu-jia,sofascore
76919,Partyka N.,partyka-natalia,sofascore
126106,Polcanova S.,polcanova-sofia,sofascore
126142,Madarasz D.,madarasz-dora,sofascore
25121,Shen Y.,shen-yanfei,sofascore
126110,Yu Fu.,fu-yu,sofascore
76911,Noskova Y.,noskova-yana,sofascore
126072,Pergel S / Pota G,pergel-s-pota-g,sofascore
126030,Balazova B / Matelova H,balazova-b-matelova-h,sofascore
126070,Solja P / Winter S,solja-p-winter-s,sofascore
98281,Matsumoto C.,matsumoto-cazuo,sofascore
126226,Konecny T.,konecny-tomas,sofascore
104537,Jeong S.,jeong-sangeun,sofascore
126218,Fertikowski P.,fertikowski-pawel,sofascore
76869,Jiang T.,jiang-tianyi,sofascore
104285,Matsudaira K.,matsudaira-kenji,sofascore
148050,Hachard A.,hachard-antoine,sofascore
126256,Geraldo J.,geraldo-joao,sofascore
98295,Gorak D.,gorak-d,sofascore
76901,Bilenko T.,bilenko-tetyana,sofascore
25169,Hirano S.,hirano-sayaka,sofascore
103171,Lin Y.,lin-ye,sofascore
104481,Wakamiya M.,wakamiya-misako,sofascore
25074,Jie Li.,li-jie,sofascore
126064,Polcanova S / Solja A,polcanova-s-solja-a,sofascore
126048,Dolgikh M / Mikhaylova P,dolgikh-m-mikhaylova-p,sofascore
148030,Duda Benedikt,duda-benedikt,sofascore
103153,Kang D.,kang-dongsoo,sofascore
126248,Duran M.,duran-marc,sofascore
141636,Petiot J.,petiot-jeremy,sofascore
148052,Robinot A.,robinot-alexandre,sofascore
158500,Soderland H.,soderland-hampus,sofascore
104549,Liao C.,liao-cheng-ting,sofascore
126238,Filus R.,filus-ruwen,sofascore
104531,Robinot Q.,robinot-quentin,sofascore
98285,Seo H.,seo-hyundeok,sofascore
131636,Walther R.,walther-ricardo,sofascore
126222,Platonov P.,platonov-pavel,sofascore
25089,Kuzmin F.,kuzmin-fedor,sofascore
158504,Ouaiche S.,ouaiche-stephane,sofascore
148014,Kosiba D.,kosiba-daniel,sofascore
126126,Troshneva E.,troshneva-elena,sofascore
25175,Tie Y.,tie-yana,sofascore
76927,Xue Li.,li-xue,sofascore
76891,Kumahara L.,kumahara-luca,sofascore
76923,Chen S.,chen-szu-yu,sofascore
157242,Chen M.,chen-meng,sofascore
104489,Lee I.,lee-i-chen,sofascore
103183,Jeon J.,jeon-jihee,sofascore
126148,Ying H.,ying-han,sofascore
189916,Zeng J.,zeng-jian,sofascore
131650,Ivancan I.,ivancan-irene,sofascore
131656,Winter S.,winter-sabine,sofascore
76939,Xiaoxia Li.,li-xiaoxia,sofascore
134986,Dolgikh M.,dolgikh-maria,sofascore
158532,Jung Y / Kim M,jung-y-kim-m,sofascore
172140,Filus R / Walther R,filus-r-walther-r,sofascore
76831,Gerell P.,gerell-par,sofascore
103141,Karlsson K.,karlsson-kristian,sofascore
131622,Kim D.,kim-donghyun,sofascore
126112,Baranova O.,baranova-olga,sofascore
76907,Privalova A.,privalova-alexandra,sofascore
25031,Melek Hu.,hu-melek,sofascore
25032,Huang Y.,huang-yi-hua,sofascore
131652,Seo H.,seo-hyowon,sofascore
104499,I-Ching Cheng,cheng-i-ching,sofascore
103191,Liu S.,liu-shiwen,sofascore
104495,Zhou Y.,zhou-yihan,sofascore
131646,Yang H.,yang-haeun,sofascore
157246,Yang Wu.,wu-yang,sofascore
131668,Park Y.,park-youngsook,sofascore
104625,Chiang H-C / Huang S-S,chiang-h-c-huang-s-s,sofascore
189936,Cassin A / Robinot A,cassin-a-robinot-a,sofascore
189932,Freitas M / Gacina A,freitas-m-gacina-a,sofascore
141680,Tang P / Wong C T,tang-p-wong-c-t,sofascore
126156,Gardos R / Habesohn D,gardos-r-habesohn-d,sofascore
183693,Fang B / Liang J,fang-b-liang-j,sofascore
189933,Jeong S / Lee S,jeong-s-lee-s,sofascore
103213,Karlsson K / Karlsson M,karlsson-k-karlsson-m,sofascore
157268,FAN Z / MA L,fan-z-ma-l,sofascore
159928,Kuzmin F / Vlasov G,kuzmin-f-vlasov-g,sofascore
157278,XU X / Zhang J,xu-x-zhang-j,sofascore
189934,Lebesson E / Salifou A-K,lebesson-e-salifou-a-k,sofascore
189935,Assar K / Assar O,assar-k-assar-o,sofascore
189937,Platonov P / Samsonov V,platonov-p-samsonov-v,sofascore
189938,Alanssari B / AL Bahrani H,alanssari-b-al-bahrani-h,sofascore
189918,Bilenko T / Dolgikh M,bilenko-t-dolgikh-m,sofascore
189919,Chen M / WU Y,chen-m-wu-y,sofascore
104587,Cheng I-C / Huang Y-H,cheng-i-c-huang-y-h,sofascore
159916,Baranova O / Troshneva E,baranova-o-troshneva-e,sofascore
189923,DOO H K / Lee H C,doo-h-k-lee-h-c,sofascore
189924,Hwang J / Lee Z,hwang-j-lee-z,sofascore
103235,Feng T / Yu M,feng-t-yu-m,sofascore
131690,Park Y / Yang H,park-y-yang-h,sofascore
189922,Jeon J / Yoo E,jeon-j-yoo-e,sofascore
131692,Han Y / Ivancan I,han-y-ivancan-i,sofascore
189925,Jiang H / Tie Y,jiang-h-tie-y,sofascore
189926,LI X / Liu S,li-x-liu-s,sofascore
103245,Lin Y / Zhou Y,lin-y-zhou-y,sofascore
189917,El-Dawlatly N / Meshref D,el-dawlatly-n-meshref-d,sofascore
189920,Noskova Y / Prokhorova Y,noskova-y-prokhorova-y,sofascore
189921,Ding N / Zhu Y,ding-n-zhu-y,sofascore
141632,Hugo Calderano,calderano-hugo,sofascore
98275,Jung Y.,jung-youngsik,sofascore
25165,Samsonov V.,samsonov-vladimir,sofascore
131630,Liang J.,liang-jingkun,sofascore
24903,Tsuboi G.,tsuboi-gustavo,sofascore
158514,Fang B.,fang-bo,sofascore
98279,Skachkov K.,skachkov-kirill,sofascore
25180,Gao N.,gao-ning,sofascore
158518,Wang Y.,wang-yang,sofascore
76871,Joo S.,joo-se-hyuk,sofascore
98289,Cho E.,cho-eonrae,sofascore
103157,Liventsov A.,liventsov-alexey,sofascore
98255,Long Ma.,ma-long,sofascore
76865,Gacina A.,gacina-andrej,sofascore
98293,Lebesson E.,lebesson-emmanuel,sofascore
158494,Jang W.,jang-woojin,sofascore
25159,Chuang C.,chuang-chih-yuan,sofascore
76813,Tang P.,tang-peng,sofascore
98277,Lee S.,lee-sangsu,sofascore
189915,Al Bahrani H.,al-bahrani-husain,sofascore
104577,Zhikang Wu.,wu-zhikang,sofascore
104565,Hung T.,hung-tzu-hsiang,sofascore
98287,Franziska P.,franziska-patrick,sofascore
25106,Yang Z.,yang-zi,sofascore
76833,Ghosh S.,ghosh-soumyajit,sofascore
126232,Pitchford L.,pitchford-liam,sofascore
148046,Nuytinck C.,nuytinck-cedric,sofascore
103139,Ahmet Li.,li-ahmet,sofascore
25108,Tan R.,tan-ruiwu,sofascore
157238,Ching Wan Li.,li-ching-wan,sofascore
141652,Lin C.,lin-chia-hui,sofascore
190373,Franziska P / Steger B,franziska-p-steger-b,sofascore
190374,LI P / Pitchford L,li-p-pitchford-l,sofascore
182797,LI A / Menge G,li-a-menge-g,sofascore
190376,Robinot Q / Salifou A-K,robinot-q-salifou-a-k,sofascore
126210,Tan R / Wang Z Y,tan-r-wang-z-y,sofascore
190369,HU M / Yang X,hu-m-yang-x,sofascore
190371,Winter S / WU J,winter-s-wu-j,sofascore
190368,Ekholm M / Rakovac L,ekholm-m-rakovac-l,sofascore
190372,Madarasz D / Pergel S,madarasz-d-pergel-s,sofascore
141664,Liu J / Vacenovska I,liu-j-vacenovska-i,sofascore
25163,Ovtcharov D.,ovtcharov-dimitrij,sofascore
76819,Quadri Aruna,aruna-quadri,sofascore
25115,Tokić B.,tokic-bojan,sofascore
190366,Ping Li.,li-ping,sofascore
98261,Steger B.,steger-bastian,sofascore
25179,Jiaduo Wu.,wu-jiaduo,sofascore
147952,Liu H.,liu-hsing-yin,sofascore
25042,Samara E.,samara-elizabeta,sofascore
183689,Calderano H / Tsuboi G,calderano-h-tsuboi-g,sofascore
148034,Lambiet F.,lambiet-florent,sofascore
192176,Zhang Q.,zhang-qiang,sofascore
103197,Barthel Z.,barthel-zhenqi,sofascore
147942,Mori S.,mori-sakura,sofascore
131672,Boll T / Franziska P,boll-t-franziska-p,sofascore
159926,HO K K / LI H M,ho-k-k-li-h-m,sofascore
192228,Choi H / JO Y,choi-h-jo-y,sofascore
157272,Chen F / Yang Z,chen-f-yang-z,sofascore
103149,Vlasov G.,vlasov-grigory,sofascore
104583,Yoshimura M.,yoshimura-maharu,sofascore
158508,Oshima Y.,oshima-yuya,sofascore
98259,Niwa K.,niwa-koki,sofascore
25085,Gionis P.,gionis-panagiotis,sofascore
25123,Mizutani J.,mizutani-jun,sofascore
146862,Mengel S.,mengel-steffen,sofascore
98265,Baum P.,baum-patrick,sofascore
25185,Boll T.,boll-timo,sofascore
159890,Yoshida M.,yoshida-masaki,sofascore
103143,Yoshida K.,yoshida-kaii,sofascore
98283,Matsudaira K.,matsudaira-kenta,sofascore
104519,Shiono M.,shiono-masato,sofascore
98257,Yan A.,yan-an,sofascore
141666,Shan X / Solja P,shan-x-solja-p,sofascore
76929,Silbereisen K.,silbereisen-kristin,sofascore
141648,Liu F.,liu-fei,sofascore
76935,Ishikawa K.,ishikawa-kasumi,sofascore
192230,Ruochen Gu.,gu-ruochen,sofascore
25120,Pota G.,pota-georgina,sofascore
25102,Qian Li.,li-qian,sofascore
192227,Che X.,che-xiaoxi,sofascore
103177,Ito M.,ito-mima,sofascore
103173,Shan X.,shan-xiaona,sofascore
192231,Jiayuan Li.,li-jiayuan,sofascore
104629,Matsudaira K / Niwa K,matsudaira-k-niwa-k,sofascore
192226,Skachkov K / Smirnov A,skachkov-k-smirnov-a,sofascore
131686,Fukuhara A / Wakamiya M,fukuhara-a-wakamiya-m,sofascore
103187,Matsudaira S.,matsudaira-shiho,sofascore
147944,Galonja M.,galonja-marija,sofascore
148054,Ruiz J.,ruiz-jose-manuel,sofascore
131640,Assar K.,assar-khalid,sofascore
182763,Robles A.,robles-alvaro,sofascore
159882,Andersson H.,andersson-harald,sofascore
126138,Necula I.,necula-iulia,sofascore
158490,Tsui P.,tsui-pao-wen,sofascore
147922,Xiao M.,xiao-maria,sofascore
147932,Schuh A.,schuh-anja,sofascore
147956,Prokhorova Y.,prokhorova-yulia,sofascore
192741,Shao J.,shao-jieni,sofascore
192775,Tsuchida M.,tsuchida-mika,sofascore
103189,Eka So.,so-eka,sofascore
192778,Wong C.,wong-chung-wan,sofascore
147966,Maeda M.,maeda-miyu,sofascore
126134,Varady B.,balazova-barbora,sofascore
183685,Rakovac L.,rakovac-l,sofascore
146888,Matsuzawa M.,matsuzawa-marina,sofascore
76925,Vacenovska I.,vacenovska-iveta,sofascore
192784,Zarif A.,zarif-audrey,sofascore
147960,Zhang X.,zhang-xuan,sofascore
104469,Ekholm M.,ekholm-matilda,sofascore
141644,Tashiro S.,tashiro-saki,sofascore
192779,De Nutte S.,de-nutte-sarah,sofascore
146900,Lee H.,lee-hyunju,sofascore
103161,Hirano M.,hirano-miu,sofascore
25111,Xia Lian Ni.,ni-xia-lian,sofascore
76915,Tian Y.,tian-yuan,sofascore
192783,Remzi S.,remzi-sibel,sofascore
192770,Yujin Jo.,jo-yujin,sofascore
192785,Bollmeier N.,bollmeier-nadine,sofascore
192786,Hamamoto Y.,hamamoto-yui,sofascore
192776,Choi H.,choi-hyojoo,sofascore
192777,Feher G.,feher-gabriela,sofascore
192771,Lemmer A.,lemmer-alena,sofascore
147924,Huang H.,huang-hsin,sofascore
126120,Grundisch C.,grundisch-carole,sofascore
131654,Morizono M.,morizono-misaki,sofascore
126140,Matelova H.,matelova-hana,sofascore
76913,Ramirez S.,ramirez-sara,sofascore
192782,Vivarelli D.,vivarelli-debora,sofascore
148058,Bouloussa M.,bouloussa-mehdi,sofascore
182749,Oikawa M.,oikawa-mizuki,sofascore
141646,Sakai H.,sakai-haruka,sofascore
141642,Cheng H.,cheng-hsien-tzu,sofascore
192780,Yoon H.,yoon-hyobin,sofascore
159900,Lee D.,lee-dasom,sofascore
192781,Liu Y.,liu-yu-hsin,sofascore
126154,Mikhaylova P.,mikhaylova-polina,sofascore
24923,Paskauskiene R.,paskauskiene-ruta,sofascore
146896,Yang X.,yang-xiaoxin,sofascore
25167,Fukuhara A.,fukuhara-ai,sofascore
141658,Penkavova K.,penkavova-katerina,sofascore
192787,Burov V / Liventsov A,burov-v-liventsov-a,sofascore
192788,Drinkhall P / Mcbeath D,drinkhall-p-mcbeath-d,sofascore
126212,Jancarik L / Prokopcov D,jancarik-l-prokopcov-d,sofascore
192789,Ghosh S / Kumar J,ghosh-s-kumar-j,sofascore
192790,HO K K / Wong C T,ho-k-k-wong-c-t,sofascore
141688,Lashin E-S / Saleh A,lashin-e-s-saleh-a,sofascore
192791,Jang W / Lim J,jang-w-lim-j,sofascore
192792,KIM M / Park G,kim-m-park-g,sofascore
126176,He Zhi W / Machado C,he-zhi-w-machado-c,sofascore
172142,Morizono M / Oshima Y,morizono-m-oshima-y,sofascore
192793,Lorentz R / Robinot A,lorentz-r-robinot-a,sofascore
192794,Shibaev A / Smirnov A,shibaev-a-smirnov-a,sofascore
182791,CHO E / Kim D,cho-e-kim-d,sofascore
104533,Huang S.,huang-sheng-sheng,sofascore
25107,Zhiwen He.,he-zhiwen,sofascore
25184,Kreanga K.,kreanga-kalinikos,sofascore
76875,Shibaev A.,shibaev-alexander,sofascore
192769,Akerstrom F.,akerstrom-fabian,sofascore
182755,El-Beiali M.,el-beiali-mohamed,sofascore
158498,Lim J.,lim-jonghoon,sofascore
126234,Angles E.,angles-enzo,sofascore
25087,Karakasevic A.,karakasevic-aleksandar,sofascore
126240,Prokopcov D.,prokopcov-dimitrij,sofascore
76829,Drinkhall P.,drinkhall-paul,sofascore
148038,Stoyanov N.,stoyanov-niagol,sofascore
25093,Lundqvist J.,lundqvist-jens,sofascore
192774,Wang Z.,wang-zhixu,sofascore
131638,Wang E.,wang-eugene,sofascore
76847,Machado C.,machado-carlos,sofascore
131620,Jancarik L.,jancarik-lubomir,sofascore
192772,Kim M.,kim-minhyeok,sofascore
192773,Park G.,park-ganghyeon,sofascore
148032,Persson J.,persson-jon,sofascore
148040,Sakai A.,sakai-asuka,sofascore
148024,Sambe K.,sambe-kohei,sofascore
192795,Bilenko T / Mikhailova P,bilenko-t-mikhailova-p,sofascore
104585,Cheng H-T / Chen S-Y,cheng-h-t-chen-s-y,sofascore
192796,LEE S / Yoon H,lee-s-yoon-h,sofascore
192797,Jeon J / Lee D,jeon-j-lee-d,sofascore
192798,Dvorak G / Xiao M,dvorak-g-xiao-m,sofascore
192799,Pota G / Tian Y,pota-g-tian-y,sofascore
192800,Feher G / Ramirez S,feher-g-ramirez-s,sofascore
103243,Hirano M / Ito M,hirano-m-ito-m,sofascore
192801,Prokhorova Y / Troshneva E,prokhorova-y-troshneva-e,sofascore
192802,LIU H Y / Huang H,liu-h-y-huang-h,sofascore
192803,Necula I / Penkavova K,necula-i-penkavova-k,sofascore
194735,Jayasingha N / Warusawithana E,jayasingha-n-warusawithana-e,sofascore
194736,Belkadi A / Laid I,belkadi-a-laid-i,sofascore
194737,KIM H B / Kim J,kim-h-b-kim-j,sofascore
194738,Lara M / Serrano M,lara-m-serrano-m,sofascore
194741,Karakasevic A / Paskauskiene R,karakasevic-a-paskauskiene-r,sofascore
194742,YAN A / WU Y,yan-a-wu-y,sofascore
195043,Alto G.,alto-gaston-diego,sofascore
159914,Chew Z.,chew-zhe-yu-clarence,sofascore
195044,BEN Ari O.,ben-ari-omry,sofascore
195048,Schmid E.,schmid-elia,sofascore
195041,Kolarek T.,kolarek-tomislav,sofascore
24885,Bobocica M.,bobocica-mihai,sofascore
148060,Lakatos T.,lakatos-tamas,sofascore
195046,Kenjaev Z.,kenjaev-zokhid,sofascore
76817,Alamiyan N.,alamiyan-noshad,sofascore
195039,Norouzi A.,norouzi-afshin,sofascore
126228,Pete Z.,pete-zolt,sofascore
195042,Rao J.,rao-jingwen,sofascore
172170,Pistej L.,pistej-lubomir,sofascore
24882,Aguirre M.,aguirre-marcelo,sofascore
195045,Tanviriyavechakul P.,tanviriyavechakul-padasak,sofascore
24902,Toriola S.,toriola-segun,sofascore
195058,Powell D.,powell-david,sofascore
195050,Cioti C.,cioti-constantin,sofascore
126236,Devos R.,devos-robin,sofascore
172166,Dyjas J.,dyjas-j,sofascore
195059,Peto Z.,peto-zsolt,sofascore
76861,Wang Z.,wang-zengyi,sofascore
195049,Alamian N.,alamian-nima,sofascore
104527,Groth J.,groth-jonathan,sofascore
195047,Rech Daldosso M.,rech-daldosso-marco,sofascore
195051,Olah B.,olah-benedek,sofascore
182765,Tauber M.,tauber-michael,sofascore
195052,Chen D.,chen-diogo,sofascore
76825,Burgis M.,burgis-matiss,sofascore
148026,Sternberg K.,sternberg-kasper,sofascore
76845,Jevtovic M.,jevtovic-marko,sofascore
159888,Madrid M.,madrid-marcos,sofascore
76873,Mattenet A.,mattenet-adrien,sofascore
195054,Mino A.,mino-alberto,sofascore
24892,Kim H.,kim-hyok-bong,sofascore
126244,Ionescu O.,ionescu-ovidiu,sofascore
25076,Achanta S.,achanta-sharath-kamal,sofascore
195056,Pak S.,pak-sin-hyok,sofascore
25081,Crisan A.,crisan-adrian,sofascore
195055,Papageorgiou K.,papageorgiou-konstantinos,sofascore
141640,Filimon A.,filimon-andrei,sofascore
126220,Gauzy S.,gauzy-simon,sofascore
76851,Pereira A.,pereira-andy,sofascore
182741,Gnanasekaran S.,gnanasekaran-sathiyan,sofascore
131644,Katkov I.,katkov-ivan,sofascore
25095,Monteiro T.,monteiro-thiago,sofascore
195040,Sereda P.,sereda-peter,sofascore
195057,Choe I.,choe-il,sofascore
195053,Zibrat J.,zibrat-jan,sofascore
194916,Adriana Díaz,diaz-adriana,sofascore
147968,Batra M.,batra-manika,sofascore
76883,Oshonaike O.,oshonaike-olufunke,sofascore
194919,Luo A.,luo-anqi,sofascore
194915,Fajmut M.,fajmut-manca,sofascore
194914,Gui L.,gui-lin,sofascore
24924,Pesotska M.,pesotska-margaryta,sofascore
194909,Guan A.,guan-angela,sofascore
194912,Jha P.,jha-prachi,sofascore
194910,Jonsson J.,jonsson-jennifer,sofascore
194911,Mittelham N.,mittelham-nina,sofascore
25033,Kim J.,kim-jong,sofascore
194939,Moret R.,moret-rachel,sofascore
194941,Sock Khim NG.,ng-sock-khim,sofascore
194942,Lee Z.,lee-zion,sofascore
194917,Karova A.,karova-anelia,sofascore
194960,Yee H.,yee-herng-hwee,sofascore
194952,Rios D.,rios-daniely,sofascore
126092,Gaponova G.,gaponova-g,sofascore
147934,Arlouskaya A.,arlouskaya-alina,sofascore
194955,Samet M.,samet-maryam,sofascore
194908,Vega P.,vega-paulina,sofascore
126094,Eerland B.,eerland-britt,sofascore
194920,Todorovic A.,todorovic-andrea,sofascore
76879,El-Dawlatly N.,el-dawlatly-nadeen,sofascore
24935,Zhang M.,zhang-mo,sofascore
194918,Gats Y.,gats-yuliya,sofascore
146890,Hirici C.,hirici-cristina,sofascore
194913,Sladkova N.,sladkova-nataliya,sofascore
183681,Khetkhuan T.,khetkhuan-t,sofascore
25035,Komwong N.,komwong-nanthana,sofascore
147928,Kumaresan S.,kumaresan-shamini,sofascore
194945,Das M.,das-mouma,sofascore
194946,Oliveira L.,oliveira-leila,sofascore
76897,Meshref D.,meshref-dina,sofascore
194948,Pavcnik T.,pavcnik-tamara,sofascore
126114,Grzybowska K.,grzybowska-katarzyna,sofascore
24920,Odorova E.,odorova-eva,sofascore
76885,Silva L.,silva-ligia,sofascore
194953,Lee R.,lee-rou-you,sofascore
126108,Strbikova R.,strbikova-renata,sofascore
194959,Ruano L.,ruano-lady,sofascore
194943,Hwang J.,hwang-jina,sofascore
194944,ZI MU.,mu-zi,sofascore
194922,Stuckyte E.,stuckyte-egle,sofascore
194921,Gelman S.,gelman-shelli,sofascore
76887,Han X.,han-xing,sofascore
76895,Hanffou S.,hanffou-sarah,sofascore
208097,Xian Y.,xian-yifang,sofascore
194923,Hugh J.,hugh-judy,sofascore
24917,Medina P.,medina-paula,sofascore
25172,Jiao Li.,li-jiao,sofascore
194938,Kim H.,kim-hye-song,sofascore
24915,Lay J.,lay-jian-fang,sofascore
194940,Galic A.,galic-alex,sofascore
194950,MI Gyong RI.,ri-mi-gyong,sofascore
194951,Lorenzotti M.,lorenzotti-maria,sofascore
24930,Silva Y.,silva-yadira,sofascore
194947,Papadaki A.,papadaki-angelika,sofascore
194949,Petek P.,petek-petra,sofascore
194924,Erdelji A.,erdelji-ana-maria,sofascore
25118,Qiangbing Li.,li-qiangbing,sofascore
183687,Sawettabut S.,sawettabut-s,sofascore
177738,Szocs B.,szocs-bernadette,sofascore
194954,Umbacia A.,umbacia-angie,sofascore
194957,Toliou A.,toliou-aikaterini,sofascore
194958,Trosman N.,trosman-nicole,sofascore
194956,Piccolin G.,piccolin-giorgia,sofascore
194709,Fertikowski P / Grzybowska K,fertikowski-p-grzybowska-k,sofascore
194710,Mutti L / Piccolin G,mutti-l-piccolin-g,sofascore
194801,XU X / Yang H,xu-x-yang-h,sofascore
194802,Tokic B / Fajmut M,tokic-b-fajmut-m,sofascore
194731,Jakab J / Pergel S,jakab-j-pergel-s,sofascore
194707,Fegerl S / LI Q,fegerl-s-li-q,sofascore
194717,Gauzy S / Grundisch C,gauzy-s-grundisch-c,sofascore
194726,Jiang T / Lee H C,jiang-t-lee-h-c,sofascore
194785,Sawettabut S / Tanviriyavechakul P,sawettabut-s-tanviriyavechakul-p,sofascore
194782,Yang Z / YU M,yang-z-yu-m,sofascore
194790,Menge G / HU M,menge-g-hu-m,sofascore
194752,LEE S / Park Y,lee-s-park-y,sofascore
194696,Vlasov G / Noskova Y,vlasov-g-noskova-y,sofascore
195011,Filimon A / Ionescu O,filimon-a-ionescu-o,sofascore
126186,Apolonia T / Monteiro J,apolonia-t-monteiro-j,sofascore
195021,Jorgic D / Zibrat J,jorgic-d-zibrat-j,sofascore
104617,Chen C-A / Chuang C-Y,chen-c-a-chuang-c-y,sofascore
195067,DAS M / Kumaresan S,das-m-kumaresan-s,sofascore
195068,Komwong N / LI X,komwong-n-li-x,sofascore
183641,LIU S / Zhu Y,liu-s-zhu-y,sofascore
195069,Khetkhuan T / Paranang O,khetkhuan-t-paranang-o,sofascore
194697,Chen C-A / Chen S-Y,chen-c-a-chen-s-y,sofascore
194773,PAK S H / Kim H S,pak-s-h-kim-h-s,sofascore
194688,Pistej L / Balazova B,pistej-l-balazova-b,sofascore
194756,Tromer L / Eerland B,tromer-l-eerland-b,sofascore
194761,Mengel S / Solja P,mengel-s-solja-p,sofascore
194767,Niwa K / Hirano S,niwa-k-hirano-s,sofascore
194760,Wong C T / Doo H K,wong-c-t-doo-h-k,sofascore
194753,Liventsov A / Prokhorova Y,liventsov-a-prokhorova-y,sofascore
194804,Yoshimura M / Ishikawa K,yoshimura-m-ishikawa-k,sofascore
255075,Boll T / MA L,boll-t-ma-l,sofascore
195009,Dyjas J / Gorak D,dyjas-j-gorak-d,sofascore
126192,Gauzy S / Lebesson E,gauzy-s-lebesson-e,sofascore
103211,Liventsov A / Paykov M,liventsov-a-paykov-m,sofascore
195031,Chen D / Freitas M,chen-d-freitas-m,sofascore
195022,KIM H B / Pak S H,kim-h-b-pak-s-h,sofascore
195038,LEE S / Seo H,lee-s-seo-h,sofascore
195028,Matsumoto C / Monteiro T,matsumoto-c-monteiro-t,sofascore
195027,FAN Z / Zhou Y,fan-z-zhou-y,sofascore
195108,RI M G / RI M S,ri-m-g-ri-m-s,sofascore
195103,Mittelham N / Solja P,mittelham-n-solja-p,sofascore
195100,Bilenko T / Gaponova G,bilenko-t-gaponova-g,sofascore
195076,Cheng I-C / Lee I-C,cheng-i-c-lee-i-c,sofascore
126056,Grzybowska K / Partyka N,grzybowska-k-partyka-n,sofascore
195092,HU M / Shen Y,hu-m-shen-y,sofascore
183643,Silbereisen K / Winter S,silbereisen-k-winter-s,sofascore
195112,KIM H S / Kim J,kim-h-s-kim-j,sofascore
192232,LI J / LI Q,li-j-li-q,sofascore
103231,Ding N / Li X,ding-n-li-x,sofascore
182769,Shamruk G.,shamruk-gleb,sofascore
148068,Kojic F.,kojic-frane,sofascore
196309,Kulpa K.,kulpa-konrad,sofascore
147958,Sabitova V.,sabitova-valentina,sofascore
103195,Kim M.,kim-mingyung,sofascore
196359,Guseva E.,guseva-ekaterina,sofascore
196377,Walker S.,walker-samuel,sofascore
141628,Jin T.,jin-takuya,sofascore
104563,Paykov M.,paykov-mikhail,sofascore
158524,Yoshimura K.,yoshimura-kazuhiro,sofascore
182759,Lakeev V.,lakeev-vasily,sofascore
195023,Groth J / Sternberg K,groth-j-sternberg-k,sofascore
182787,Burov V / Lakeev V,burov-v-lakeev-v,sofascore
76921,Tikhomirova A.,tikhomirova-anna,sofascore
131632,Sato H.,sato-hitomi,sofascore
159920,Hirano S / Morizono M,hirano-s-morizono-m,sofascore
104611,Maeda M / Mori S,maeda-m-mori-s,sofascore
159902,Lee S.,lee-seul,sofascore
141656,Yoo E.,yoo-eunchong,sofascore
182795,Duran M / Robles A,duran-m-robles-a,sofascore
157290,Jeon J / Yang H,jeon-j-yang-h,sofascore
104479,Lee E.,lee-eunhee,sofascore
197988,Yoon S.,yoon-sunae,sofascore
147926,Hayata H.,hayata-hina,sofascore
197989,Moon H.,moon-hyunjung,sofascore
76835,Han J.,han-justin,sofascore
148016,Desai H.,desai-harmeet,sofascore
104623,Desai H / Ghosh S,desai-h-ghosh-s,sofascore
147994,Devos R / Nuytinck C,devos-r-nuytinck-c,sofascore
158520,Yang H.,yang-heng-wei,sofascore
157256,Sun C.,sun-chia-hung,sofascore
98267,Takakiwa T.,takakiwa-taku,sofascore
157260,Wen W.,wen-wei-chieh,sofascore
104573,Chih-Chi Wu.,wu-chih-chi,sofascore
103151,Chen F.,chen-feng,sofascore
182739,Choi J.,choi-jeongmin,sofascore
200084,Chen F / Chew Z Y C,chen-f-chew-z-y-c,sofascore
200085,Apolonia T / Tan R,apolonia-t-tan-r,sofascore
200086,HO K K / Liventsov A,ho-k-k-liventsov-a,sofascore
159932,Muramatsu Y / Shiono M,muramatsu-y-shiono-m,sofascore
190378,WU Z / Yang Z,wu-z-yang-z,sofascore
200087,Kallberg A / Gerell P,kallberg-a-gerell-p,sofascore
159884,Yang T.,yang-tzu-yi,sofascore
200088,LAM Y L / Zhu C,lam-y-l-zhu-c,sofascore
200089,Akerstrom F / Karlsson M,akerstrom-f-karlsson-m,sofascore
141684,Ma L / Xu X,ma-l-xu-x,sofascore
200090,Jang W / Park J,jang-w-park-j,sofascore
200091,Fang B / Yan A,fang-b-yan-a,sofascore
200092,Oikawa M / Sambe K,oikawa-m-sambe-k,sofascore
200093,FAN Z / Shang K,fan-z-shang-k,sofascore
200094,Bollmeier N / Tikhomirova A,bollmeier-n-tikhomirova-a,sofascore
157282,Ding N / Liu S,ding-n-liu-s,sofascore
200095,LIU F / WU Y,liu-f-wu-y,sofascore
200096,SEO H / YU S,seo-h-yu-s,sofascore
200083,Hamamoto Y / Kato M,hamamoto-y-kato-m,sofascore
157280,Chen M / Zhu Y,chen-m-zhu-y,sofascore
200097,Kitaoka E / Shoji Y,kitaoka-e-shoji-y,sofascore
200098,DOO H K / Jiang H,doo-h-k-jiang-h,sofascore
200099,LEE H C / Tie Y,lee-h-c-tie-y,sofascore
158474,LEE S / Lee Z,lee-s-lee-z,sofascore
200101,Shang K.,shang-kun,sofascore
200100,Ranefur E.,ranefur-elias,sofascore
200621,Oya H.,oya-hidetoshi,sofascore
158510,Kim D.,kim-daewoo,sofascore
158502,Tsuboi Y.,tsuboi-yuma,sofascore
141634,Flore T.,flore-tristan,sofascore
158516,Cho S.,cho-seungmin,sofascore
200659,Kizukuri Y.,kizukuri-yuto,sofascore
200660,Park J.,park-jeongwoo,sofascore
200678,DAS A / Das M,das-a-das-m,sofascore
200679,Balazova B / Meshref D,balazova-b-meshref-d,sofascore
200680,Hwang J / Seo H,hwang-j-seo-h,sofascore
200681,Hayata H / Sato H,hayata-h-sato-h,sofascore
200682,LEE S / Song M,lee-s-song-m,sofascore
200683,KIM J / Kim M,kim-j-kim-m,sofascore
141650,Kim M.,kim-min-hee,sofascore
200674,Yeongeun AN.,an-yeongeun,sofascore
200675,Kim J.,kim-jiho,sofascore
200676,Song M.,song-maeum,sofascore
200677,Kang D.,kang-dayeon,sofascore
200661,Suzuki R.,suzuki-rika,sofascore
200663,Gerell P / Karlsson M,gerell-p-karlsson-m,sofascore
200664,Cheon M / Joo S,cheon-m-joo-s,sofascore
200665,Apolonia T / Assar O,apolonia-t-assar-o,sofascore
200666,LI P / Mengel S,li-p-mengel-s,sofascore
159924,Ouaiche S / Salifou A-K,ouaiche-s-salifou-a-k,sofascore
200667,Mizutani J / Yoshida M,mizutani-j-yoshida-m,sofascore
200668,KIM D / Seo H,kim-d-seo-h,sofascore
200669,Jang W / Seo J,jang-w-seo-j,sofascore
200670,Brossier B / Flore T,brossier-b-flore-t,sofascore
200671,Niwa K / Yoshimura M,niwa-k-yoshimura-m,sofascore
200672,Ghosh S / Karia D,ghosh-s-karia-d,sofascore
200673,CHO S / Kim M,cho-s-kim-m,sofascore
104547,Machi A.,machi-asuka,sofascore
200662,Cheon M.,cheon-min-hyuck,sofascore
148018,Hon Ming Li.,li-hon-ming,sofascore
24899,Saka S.,saka-suraju,sofascore
203620,GU Y / MU Z,gu-y-mu-z,sofascore
203619,Kim S.,kim-song-i,sofascore
203626,HO K K / Lam S H,ho-k-k-lam-s-h,sofascore
203627,Brossier B / Hachard A,brossier-b-hachard-a,sofascore
203628,Choe I / Pak S H,choe-i-pak-s-h,sofascore
203629,Fang B / Zhu L,fang-b-zhu-l,sofascore
203630,Jung Y / Lee S,jung-y-lee-s,sofascore
203631,KIM M / Lim J,kim-m-lim-j,sofascore
203632,Freitas M / Lundqvist J,freitas-m-lundqvist-j,sofascore
192229,MA L / Zhang J,ma-l-zhang-j,sofascore
195016,Idowu S / Saka S,idowu-s-saka-s,sofascore
203633,Ovtcharov D / Samsonov V,ovtcharov-d-samsonov-v,sofascore
183695,Fan Z / Xu X,fan-z-xu-x,sofascore
203621,Jong U.,jong-un-ju,sofascore
203622,Choe H.,choe-hyon-hwa,sofascore
203624,Zhu L.,zhu-linfeng,sofascore
203623,Kang W.,kang-wi-hun,sofascore
103159,Hu Li.,li-hu,sofascore
203634,Chen M / Liu S,chen-m-liu-s,sofascore
203635,LAM Y L / LI C W,lam-y-l-li-c-w,sofascore
203636,Choi H / Jung Y,choi-h-jung-y,sofascore
203637,HAN Y / Shan X,han-y-shan-x,sofascore
195081,Eerland B / LI J,eerland-b-li-j,sofascore
203638,KIM S I / RI M S,kim-s-i-ri-m-s,sofascore
204273,KST Energa Man­e­kin Torun,kst-energa-manekin-torun,sofascore
204274,Eslövs AI BT,eslovs-ai-bt,sofascore
204280,Gazprom Fakel Orenburg,gazprom-fakel-orenburg,sofascore
204281,SPG Walter Wels,spg-walter-wels,sofascore
204279,VS Angers TT,vs-angers-tt,sofascore
204222,UMMC Jekaterinburg,ummc-jekaterinburg,sofascore
204223,GV Hennebont TT,gv-hennebont-tt,sofascore
204272,AS Pontoise-Cergy TT,as-pontoise-cergy-tt,sofascore
204276,Chartres Astt,chartres-astt,sofascore
204277,Sten HB Ostrov,sten-hb-ostrov,sofascore
204275,Bogoria Grodzisk Mazowiecki,bogoria-grodzisk-mazowiecki,sofascore
180880,Jha K.,jha-kanak,sofascore
204270,Weinviertel Niederösterreich,weinviertel-niederosterreich,sofascore
204271,Olimpia Unia Grudziadz,olimpia-unia-grudziadz,sofascore
202978,ASV Gruenwettersbach,asv-gruenwettersbach,sofascore
147962,Ambrus K.,ambrus-krisztina,sofascore
172158,Sikorska M.,sikorska-magdalena,sofascore
205170,Hielscher L.,hielscher-lars,sofascore
25038,Lovas P.,lovas-petra,sofascore
205210,Soo W.,soo-wai-yam-minnie,sofascore
126100,Fen Li.,li-fen,sofascore
104601,Jiang H / Lee H C,jiang-h-lee-h-c,sofascore
205194,DOO H K / Tie Y,doo-h-k-tie-y,sofascore
205195,Shao J / YU F,shao-j-yu-f,sofascore
205196,LEE I-C / Liu H-Y,lee-i-c-liu-h-y,sofascore
205197,LIN Y / YU M,lin-y-yu-m,sofascore
190367,Pota G / Samara E,pota-g-samara-e,sofascore
205198,Jouti E.,jouti-eric,sofascore
98273,Chan K.,chan-kazuhiro,sofascore
126250,Baggaley A.,baggaley-andrew,sofascore
25104,Primorac Z.,primorac-zoran,sofascore
205199,Zeljko F.,zeljko-filip,sofascore
158534,Baum P / Franziska P,baum-p-franziska-p,sofascore
195024,Tokic B / Karakasevic A,tokic-b-karakasevic-a,sofascore
195014,Gerell P / Persson J,gerell-p-persson-j,sofascore
205200,Jang W / Lee S,jang-w-lee-s,sofascore
126200,Shibaev A / Skachkov K,shibaev-a-skachkov-k,sofascore
205638,Kosowski J.,kosowski-jakub,sofascore
146884,Habesohn D / Fegerl S,habesohn-d-fegerl-s,sofascore
205747,Feng T / Zhou Y,feng-t-zhou-y,sofascore
146904,Gaponova G / Bilenko T,gaponova-g-bilenko-t,sofascore
205748,Guseva E / Prokhorova Y,guseva-e-prokhorova-y,sofascore
157284,Komwong N / Sawettabut S,komwong-n-sawettabut-s,sofascore
205751,Reed D / Walker S,reed-d-walker-s,sofascore
207123,Tabachnik P.,tabachnik-pablo,sofascore
159892,Kim B.,kim-byeolnim,sofascore
195102,Arguelles C / Codina A,arguelles-c-codina-a,sofascore
207562,Cechova D.,cechova-dana,sofascore
25044,Xian Y.,xian-yi-fang,sofascore
183679,Pucar T.,pucar-tomislav,sofascore
25116,Dodean D.,dodean-daniela,sofascore
103193,Solja A.,solja-amelie,sofascore
195075,Medina P / Ruano L,medina-p-ruano-l,sofascore
76827,Didukh O.,didukh-oleksandr,sofascore
76859,Zhmudenko Y.,zhmudenko-yaroslav,sofascore
194722,Chaitat C / Komwong N,chaitat-c-komwong-n,sofascore
25162,Maze M.,maze-michael,sofascore
194991,Oshima Y / Morizono M,oshima-y-morizono-m,sofascore
208086,Zatowka P.,zatowka-patryk,sofascore
146898,Blazhko A.,blazhko-anna,sofascore
182793,Drinkhall P / Pitchford L,drinkhall-p-pitchford-l,sofascore
208100,Flore T / Ouaiche S,flore-t-ouaiche-s,sofascore
208101,Jorgic D / Kozul D,jorgic-d-kozul-d,sofascore
208102,Kallberg A / Lundqvist J,kallberg-a-lundqvist-j,sofascore
208115,Gionis P / Pattantyus A,gionis-p-pattantyus-a,sofascore
208103,Pistej L / Sereda P,pistej-l-sereda-p,sofascore
208104,Jancarik L / Sirucek P,jancarik-l-sirucek-p,sofascore
195019,Jevtovic M / Pete Z,jevtovic-m-pete-z,sofascore
208105,Konecny T / Prokopcov D,konecny-t-prokopcov-d,sofascore
208106,Jorgensen E / Ronneberg L,jorgensen-e-ronneberg-l,sofascore
208107,Konstantinopoulos K / Papageorgiou K,konstantinopoulos-k-papageorgiou-k,sofascore
208108,Kulpa K / Wang Z,kulpa-k-wang-z,sofascore
208109,Lakatos T / Szudi A,lakatos-t-szudi-a,sofascore
208110,Chen D / Geraldo J,chen-d-geraldo-j,sofascore
208111,Oostwouder E / Zibrat J,oostwouder-e-zibrat-j,sofascore
208112,Fegerl S / Monteiro J,fegerl-s-monteiro-j,sofascore
208113,Rech Daldosso M / Stoyanov N,rech-daldosso-m-stoyanov-n,sofascore
208114,KOU L / Zhmudenko Y,kou-l-zhmudenko-y,sofascore
208116,Jonsson J / Kallberg C,jonsson-j-kallberg-c,sofascore
208117,Cechova D / Privalova A,cechova-d-privalova-a,sofascore
195093,De Nutte S / Ni X L,de-nutte-s-ni-x-l,sofascore
208118,Hirici C / Postoaca C,hirici-c-postoaca-c,sofascore
208119,Diaconu A / Jeger M,diaconu-a-jeger-m,sofascore
208120,Arlouskaya A / Nikitchanka A,arlouskaya-a-nikitchanka-a,sofascore
208121,Noskova Y / Tikhomirova A,noskova-y-tikhomirova-a,sofascore
208122,Fajmut M / Galic A,fajmut-m-galic-a,sofascore
208123,Gonderinger T / Konsbruck D,gonderinger-t-konsbruck-d,sofascore
208124,Bajor N / Trosman N,bajor-n-trosman-n,sofascore
208125,Piccolin G / Vivarelli D,piccolin-g-vivarelli-d,sofascore
195083,Erdelji A / Feher G,erdelji-a-feher-g,sofascore
208126,Loyen E / Lung L,loyen-e-lung-l,sofascore
208127,Tamasauskaite E / Zancaner D,tamasauskaite-e-zancaner-d,sofascore
208128,Xian Y F / LI X,xian-y-f-li-x,sofascore
208129,Baranova O / Blazhko A,baranova-o-blazhko-a,sofascore
208092,Kallberg A.,kallberg-anton,sofascore
208093,Polansky T.,polansky-tomas,sofascore
208087,Diaconu A.,diaconu-adina,sofascore
208089,Nikitchanka A.,nikitchanka-alina,sofascore
208085,Jurkova E.,jurkova-eva,sofascore
208096,Menge M.,menge-merve,sofascore
208090,Konsbruck D.,konsbruck-danielle,sofascore
24889,Henzell W.,henzell-william,sofascore
209034,Butler J.,butler-jimmy,sofascore
182753,Burov V.,burov-viacheslav,sofascore
148028,Akkuzu C.,akkuzu-can,sofascore
209539,Harimoto T.,harimoto-tomokazu,sofascore
205749,Chiang H C / Chuang C Y,chiang-h-c-chuang-c-y,sofascore
209540,Aruna Q / Assar O,aruna-q-assar-o,sofascore
209548,Sirucek P / Tregler T,sirucek-p-tregler-t,sofascore
195107,Postoaca C / Szocs B,postoaca-c-szocs-b,sofascore
209530,Silbereisen K / Wu J,silbereisen-k-wu-j,sofascore
76877,Zhang L.,zhang-lily,sofascore
209541,Kusinska K.,kusinska-klaudia,sofascore
209542,Fukuhara A / Ito M,fukuhara-a-ito-m,sofascore
158548,Huang Y-H / Lee I-C,huang-y-h-lee-i-c,sofascore
158550,Zhang L / Zheng J,zhang-l-zheng-j,sofascore
104557,Nordberg H.,nordberg-hampus,sofascore
104559,Oversjo M.,oversjo-mattias,sofascore
76937,Pavlovich V.,pavlovich-viktoria,sofascore
209553,Zheng J.,zheng-jiaqi,sofascore
183683,Bergstrom Linda,bergstrom-linda,sofascore
210909,Mantz C.,mantz-chantal,sofascore
195015,GAO N / Yang Z,gao-n-yang-z,sofascore
210919,Akerstrom F / Oversjo M,akerstrom-f-oversjo-m,sofascore
25088,Kishikawa S.,kishikawa-seiya,sofascore
210912,Chen M / MU Z,chen-m-mu-z,sofascore
210914,Bergand F / Holmsten E,bergand-f-holmsten-e,sofascore
210913,Paskauskiene R / Pota G,paskauskiene-r-pota-g,sofascore
210918,Ekholm M / Kallberg C,ekholm-m-kallberg-c,sofascore
210916,Ishikawa K / Ito M,ishikawa-k-ito-m,sofascore
210917,MAK T W / Soo W Y M,mak-t-w-soo-w-y-m,sofascore
210915,Bilenko T / Pavlovich V,bilenko-t-pavlovich-v,sofascore
195035,Bobocica M / Stoyanov N,bobocica-m-stoyanov-n,sofascore
210920,Fang B / XU X,fang-b-xu-x,sofascore
205750,Dyjas J / Geraldo J,dyjas-j-geraldo-j,sofascore
209549,FAN Z / Zhang J,fan-z-zhang-j,sofascore
141676,Flore T / Lebesson E,flore-t-lebesson-e,sofascore
210910,Kasahara H.,kasahara-hiromitsu,sofascore
25082,Eloi D.,eloi-damien,sofascore
209546,Ismailov S.,ismailov-sadi,sofascore
210911,Cantero J.,cantero-jesus,sofascore
209551,Balint B.,balint-bernadett,sofascore
205746,Tomanovska K.,tomanovska-katerina,sofascore
213386,Guisnel O.,guisnel-oceane,sofascore
213384,Morizono M.,morizono-mizuki,sofascore
213402,Bobocica M / Mutti L,bobocica-m-mutti-l,sofascore
213403,Chuang C-Y / Huang S-S,chuang-c-y-huang-s-s,sofascore
213406,Bruckner M / Nagy K,bruckner-m-nagy-k,sofascore
213407,Chen C-A / Chiang H-C,chen-c-a-chiang-h-c,sofascore
213400,Alexandrov T / Kodjabashev D,alexandrov-t-kodjabashev-d,sofascore
213401,HO K K / NG P N,ho-k-k-ng-p-n,sofascore
213404,Kizukuri Y / Matsuyama Y,kizukuri-y-matsuyama-y,sofascore
213405,Abiodun B / Aruna Q,abiodun-b-aruna-q,sofascore
213390,Bajor N / Grzybowska K,bajor-n-grzybowska-k,sofascore
213394,Cheng H-T / Liu Y-H,cheng-h-t-liu-y-h,sofascore
213395,Park Y / Lee Z,park-y-lee-z,sofascore
213393,HU M / Menge M,hu-m-menge-m,sofascore
213392,Guisnel O / Migot M,guisnel-o-migot-m,sofascore
213391,Tikhomirova A / Troshneva E,tikhomirova-a-troshneva-e,sofascore
213380,Yu M / Zhou Y,yu-m-zhou-y,sofascore
213387,Nakahata N.,nakahata-natsumi,sofascore
213389,Yue WU.,wu-yue,sofascore
213388,Yang YU.,yu-yang,sofascore
213385,Hashimoto H.,hashimoto-honoka,sofascore
213381,Bankosz M.,bankosz-michal,sofascore
213382,Obeslo M.,obeslo-michal,sofascore
213379,Szita M.,szita-marton,sofascore
213383,Vrablik J.,vrablik-jiri,sofascore
104493,Liu G.,liu-gaoyang,sofascore
213664,HO K K / Tang P,ho-k-k-tang-p,sofascore
213663,Boll T / Mengel S,boll-t-mengel-s,sofascore
213665,Franziska P / Ovtcharov D,franziska-p-ovtcharov-d,sofascore
213666,Jang W / Jeong S,jang-w-jeong-s,sofascore
213667,Freitas M / Geraldo J,freitas-m-geraldo-j,sofascore
213669,Chen S-Y / Lee I-C,chen-s-y-lee-i-c,sofascore
213668,Feng T / Lin Y,feng-t-lin-y,sofascore
158482,Chen Xingtong,chen-xingtong,sofascore
131662,Limei Hu.,hu-limei,sofascore
25176,Wang C.,wang-chen,sofascore
126230,Sirucek P.,sirucek-pavel,sofascore
25182,Schlager W.,schlager-werner,sofascore
216371,Assar K / El-Beiali M,assar-k-el-beiali-m,sofascore
216369,Albahrani A / Alrashidi M,albahrani-a-alrashidi-m,sofascore
216368,Flore T / Gauzy S,flore-t-gauzy-s,sofascore
216370,LIM J / Park G,lim-j-park-g,sofascore
216372,Jiang T / Wong C T,jiang-t-wong-c-t,sofascore
194996,Alkhadrawi A / BU Shulaybi A,alkhadrawi-a-bu-shulaybi-a,sofascore
216367,Chen F / LI H,chen-f-li-h,sofascore
216373,LI X / Zhu Y,li-x-zhu-y,sofascore
216374,Abdulraheem M / Alshammari M,abdulraheem-m-alshammari-m,sofascore
216439,Shibata S.,shibata-saki,sofascore
216438,Al-Hasan S.,al-hasan-salem,sofascore
205753,Zhai Y.,zhai-yujia,sofascore
141626,Al-Mohannadi A.,al-mohannadi-ahmad,sofascore
209544,Szocs H.,szocs-hunor,sofascore
216765,Al-Mohannadi A / LI P,al-mohannadi-a-li-p,sofascore
216764,Ismailov S / Liventsov A,ismailov-s-liventsov-a,sofascore
216766,Faramarzi M / Mohamed A,faramarzi-m-mohamed-a,sofascore
216767,Pota G / Vacenovska I,pota-g-vacenovska-i,sofascore
76889,Mohamed A.,mohamed-aia,sofascore
126122,Stefanska K.,stefanska-kinga,sofascore
208091,Jorgić D.,jorgic-darko,sofascore
217678,Simon Mathan,simon-mathan,sofascore
104515,Anthony A.,anthony-amalraj,sofascore
218121,Indeherberg J.,indeherberg-julien,sofascore
218122,Uemura Keiya,uemura-keiya,sofascore
218123,Khanin A.,khanin-aliaksandr,sofascore
218124,Mcbeath D.,mcbeath-david,sofascore
209543,Brodd V.,brodd-viktor,sofascore
218126,Lotfijanabadi M.,lotfijanabadi-miad,sofascore
218125,Khatchanov M.,khatchanov-martin,sofascore
218129,Kotowski Tomasz,kotowski-tomasz,sofascore
218130,Rezetka R.,rezetka-roman,sofascore
148010,Kwan M.,kwan-man-ho,sofascore
218131,Badowski M.,badowski-marek,sofascore
218132,Serdaroglu D.,serdaroglu-david,sofascore
218133,Adrian Wiecek,wiecek-adrian,sofascore
208099,Tromer L.,tromer-laurens,sofascore
218128,Magdy S.,magdy-shady,sofascore
208088,Bajor N.,bajor-natalia,sofascore
209552,Migot M.,migot-marie,sofascore
218134,Patseyeva Hanna,patseyeva-hanna,sofascore
218135,Brateyko S.,brateyko-solomiya,sofascore
218136,Wolowiec Dominika,wolowiec-dominika,sofascore
218137,Mak T.,mak-tze-wing,sofascore
218138,Pfefer L.,pfefer-laura,sofascore
158512,Tazoe K.,tazoe-kenta,sofascore
218127,Murawski M.,murawski-michal,sofascore
148048,Vilchez M.,vilchez-miguel,sofascore
218143,Weerasinghe Helshan,weerasinghe-helshan,sofascore
218144,Gorgona Alberto Pan,gorgona-alberto-pan,sofascore
218145,Moavro S.,moavro-sebastian,sofascore
218147,Tutura Marek Svk,tutura-marek-svk,sofascore
218139,Trigolos D.,trigolos-daria,sofascore
218140,Nowocin K.,nowocin-katarzyna,sofascore
218148,Zalomska R.,zalomska-roksana,sofascore
218149,Bruna Takahashi,takahashi-bruna,sofascore
218150,MA Wenting ^^ Nor,ma-wenting-nor,sofascore
218151,Zhu Chengzhu,zhu-chengzhu,sofascore
218152,Amano Y.,amano-yu,sofascore
131608,Abe M.,abe-megumi,sofascore
218226,Savelyeva A.,savelyeva-antonina,sofascore
218218,Chasselin P.,chasselin-pauline,sofascore
218227,Liu Q.,liu-qi,sofascore
218228,Loeuillette S.,loeuillette-stephanie,sofascore
218229,Shiomi M.,shiomi-maki,sofascore
218222,Bai H.,bai-he,sofascore
218221,Ishiy V.,ishiy-vitor,sofascore
218220,Landrieu A.,landrieu-andrea,sofascore
218219,Korbel P.,korbel-petr,sofascore
218210,Gorak D / Wang Z,gorak-d-wang-z,sofascore
218211,Cassin A / Flore T,cassin-a-flore-t,sofascore
218208,Kosiba D / Szudi A,kosiba-d-szudi-a,sofascore
218209,Liventsov A / Skachkov K,liventsov-a-skachkov-k,sofascore
218207,Kodjabashev D / Pryshchepa Y,kodjabashev-d-pryshchepa-y,sofascore
218212,Ciobanu I / Postoaca C,ciobanu-i-postoaca-c,sofascore
218213,ABE M / Morizono M,abe-m-morizono-m,sofascore
218214,Hamamoto Y / Hayata H,hamamoto-y-hayata-h,sofascore
218215,MA W / Zhang M,ma-w-zhang-m,sofascore
218216,Loeuillette S / Migot M,loeuillette-s-migot-m,sofascore
146864,Floras R.,floras-robert,sofascore
218230,Ievgen Pryshchepa,pryshchepa-yevhen,sofascore
218223,Cassin A.,cassin-alexandre,sofascore
218224,Rasmussen T.,rasmussen-tobias,sofascore
218225,Pak Nam NG.,ng-pak-nam,sofascore
222933,Ciobanu I / Szocs B,ciobanu-i-szocs-b,sofascore
76853,Shing Y.,shing-yoshua,sofascore
76881,Shahsavari N.,shahsavari-neda,sofascore
104569,Ueda J.,ueda-jin,sofascore
223910,Kallberg A / Karlsson K,kallberg-a-karlsson-k,sofascore
223911,Apolonia T / Freitas M,apolonia-t-freitas-m,sofascore
223912,Shibaev A / Vlasov G,shibaev-a-vlasov-g,sofascore
223913,Jeoung Y / Lee S,jeoung-y-lee-s,sofascore
223905,Grundisch C / Vacenovska I,grundisch-c-vacenovska-i,sofascore
223903,Samara E / Szocs B,samara-e-szocs-b,sofascore
25170,Kim K.,kim-kyung-ah,sofascore
158522,Hwang M.,hwang-minha,sofascore
25187,Sang Eun Oh.,oh-sang-eun,sofascore
224397,Wen J.,wen-jia,sofascore
223914,HU M / Liu J,hu-m-liu-j,sofascore
224467,WEN J / Zhu Y,wen-j-zhu-y,sofascore
223906,Hashimoto H / Sato H,hashimoto-h-sato-h,sofascore
224465,Desai H / Gnanasekaran S,desai-h-gnanasekaran-s,sofascore
224464,Gacina A / Wang E,gacina-a-wang-e,sofascore
224461,Haiqal M A / Ibrahim M S,haiqal-m-a-ibrahim-m-s,sofascore
224462,Jang W / Park G,jang-w-park-g,sofascore
224463,Pitchford L / Walker S,pitchford-l-walker-s,sofascore
224466,LEE C S / Liao C T,lee-c-s-liao-c-t,sofascore
195025,Alamian N / Alamiyan N,alamian-n-alamiyan-n,sofascore
224487,Choi Y.,choi-yelin,sofascore
224488,Wang X.,wang-xi,sofascore
229185,Afanador B.,afanador-brian,sofascore
229187,Wang J.,wang-jianan,sofascore
229186,Yan X.,yan-xin,sofascore
229190,Gerassimenko K.,gerassimenko-kirill,sofascore
229189,Campos J.,campos-jorge,sofascore
229188,Feng Y.,feng-yijun,sofascore
229180,Lariba I.,lariba-ian,sofascore
229181,Tapper M.,tapper-melissa,sofascore
76941,Offiong E.,offiong-edem,sofascore
229179,Yee S.,yee-sally,sofascore
229178,Allejji H.,allejji-heba,sofascore
229183,Saidani S.,saidani-safa,sofascore
229182,Sahakian M.,sahakian-mariana,sofascore
229184,Arvelo G.,arvelo-gremlis,sofascore
229488,Chtchetinine E.,chtchetinine-evgueni,sofascore
229489,Mendes E.,mendes-enio,sofascore
229490,Kucera Stanislav,kucera-stanislav,sofascore
229491,Vostes Y.,vostes-yannick,sofascore
229492,Hanak M.,hanak-martin,sofascore
229493,Vozicky B.,vozicky-bohumil,sofascore
229494,David P.,david-petr,sofascore
229665,Forster G.,forster-gregor,sofascore
24820,Brazil,brazil,sofascore
24835,South Korea,south-korea,sofascore
24825,China,china,sofascore
229197,Nigeria,nigeria,sofascore
76951,Great Britain,great-britain,sofascore
229193,France,france,sofascore
24836,Sweden,sweden,sofascore
229194,USA,usa,sofascore
24837,Australia,australia,sofascore
76965,North Korea,north-korea,sofascore
24868,China,china,sofascore
76961,Brazil (F),brazil-f,sofascore
76959,Egypt,egypt,sofascore
24878,Singapore,singapore,sofascore
24879,South Korea,south-korea,sofascore
229191,Romania,romania,sofascore
229192,Chinese Taipei,chinese-taipei,sofascore
24872,Hong Kong,hong-kong,sofascore
24871,Germany,germany,sofascore
24881,USA,usa,sofascore
24874,Netherlands,netherlands,sofascore
24838,Austria,austria,sofascore
24876,Poland,poland,sofascore
24873,Japan,japan,sofascore
24818,Australia,australia,sofascore
24830,Hong Kong,hong-kong,sofascore
229195,Chinese Taipei,chinese-taipei,sofascore
24828,Germany,germany,sofascore
24831,Japan,japan,sofascore
229196,Poland,poland,sofascore
76949,Portugal,portugal,sofascore
24819,Austria,austria,sofascore
229773,Horejsi M.,horejsi-miroslav,sofascore
229774,Vyborny R.,vyborny-richard,sofascore
229775,Sitak A.,sitak-andriy,sofascore
229776,Baum B.,baum-bjorn,sofascore
229777,Kopanyi T.,kopanyi-tomas,sofascore
229778,Mego P.,mego-pavol,sofascore
230272,Placek F.,placek-frantisek,sofascore
230273,Kleprlik J.,kleprlik-jakub,sofascore
230274,Rakov V.,rakov-valerij,sofascore
230275,Szudi A.,szudi-adam,sofascore
230276,Majoros J.,majoros-janos-bence,sofascore
230277,Ollivier B.,ollivier-brice,sofascore
230849,Sipos R.,sipos-rares,sofascore
230837,Bekir D.,bekir-denis,sofascore
230804,Todorov S.,todorov-stefan,sofascore
230803,Kotiyan R.,kotiyan-ravindra,sofascore
208095,Krastev P.,krastev-petyo,sofascore
230838,Lee J.,lee-junsang,sofascore
230836,Lind A.,lind-anders,sofascore
230802,Stoyanov S.,stoyanov-svetozar,sofascore
230841,Eriksson A.,eriksson-anders,sofascore
230827,Golovanov S.,golovanov-stanislav,sofascore
230828,Pletea C.,pletea-cristian,sofascore
230842,Ghosh A.,ghosh-arjun,sofascore
230805,Kamberov R.,kamberov-radoslav,sofascore
230806,Petrov V.,petrov-vladimir,sofascore
230839,Tsai C.,tsai-chun-yu,sofascore
230840,Chernov K.,chernov-konstantin,sofascore
230829,Alexandrov T / Krastev P,alexandrov-t-krastev-p,sofascore
230830,Kizukuri Y / Matsudaira K,kizukuri-y-matsudaira-k,sofascore
230834,Brodd V / Tran A,brodd-v-tran-a,sofascore
230835,Oikawa M / Takakiwa T,oikawa-m-takakiwa-t,sofascore
230831,Le Breton T / Mattenet A,le-breton-t-mattenet-a,sofascore
230832,Karakasevic A / Konecny T,karakasevic-a-konecny-t,sofascore
230833,Eriksson A / Ranefur E,eriksson-a-ranefur-e,sofascore
230933,Chirita C / Sidorenko V,chirita-c-sidorenko-v,sofascore
230934,Anthony A / Gnanasekaran S,anthony-a-gnanasekaran-s,sofascore
230929,Lorentz R / Robinot Q,lorentz-r-robinot-q,sofascore
230930,Liao C-T / Sun C-H,liao-c-t-sun-c-h,sofascore
230931,Peng W-W / Soderlund H,peng-w-w-soderlund-h,sofascore
230932,Hachard A / Ruiz R,hachard-a-ruiz-r,sofascore
230928,Chernov K / Ismailov S,chernov-k-ismailov-s,sofascore
230826,Batra M / Das A,batra-m-das-a,sofascore
195078,Diaz A / Diaz M,diaz-a-diaz-m,sofascore
230895,Christensen S / Jonsson J,christensen-s-jonsson-j,sofascore
230823,Diaconu A / Dragoman A,diaconu-a-dragoman-a,sofascore
230894,Hadziahmetovic E / Remzi S,hadziahmetovic-e-remzi-s,sofascore
230891,Kato M / Morizono M,kato-m-morizono-m,sofascore
230822,Karova A / Zamfirova E,karova-a-zamfirova-e,sofascore
230890,LIN C C / Wang Y J,lin-c-c-wang-y-j,sofascore
230896,Sahasrabudhe P / Tennison R,sahasrabudhe-p-tennison-r,sofascore
230824,Shcherbatykh V / Tailakova M,shcherbatykh-v-tailakova-m,sofascore
230825,Yovkova K / Yovkova M,yovkova-k-yovkova-m,sofascore
230892,Vorobeva O / Noskova Y,vorobeva-o-noskova-y,sofascore
230893,Matsuzawa M / Takahashi M,matsuzawa-m-takahashi-m,sofascore
147948,Lin C.,lin-chia-chih,sofascore
230713,Kim O.,kim-olga,sofascore
230807,Jean G.,jean-gregoire,sofascore
230808,Gabrovski P.,gabrovski-petko,sofascore
230811,Alexandrov T.,alexandrov-teodor,sofascore
230843,Manole  A.,manole-alexandru,sofascore
230809,Popov K.,popov-kiril,sofascore
230810,Ruiz R.,ruiz-romain,sofascore
230844,Thakkar M.,thakkar-manav-vikash,sofascore
230845,Spelbus A.,spelbus-alin,sofascore
148036,Le Breton T.,le-breton-thomas,sofascore
230812,Vatov K.,vatov-konstantin,sofascore
230813,Allegro M.,allegro-martin,sofascore
230814,Peng W.,peng-wang-wei,sofascore
230847,Wisutmaythangkoon S.,wisutmaythangkoon-supanut,sofascore
230816,Baciocchi A.,baciocchi-alessandro,sofascore
230817,Tran A.,tran-anthony,sofascore
230848,Belakov Y.,belakov-yavor,sofascore
230815,Nielsen C.,nielsen-claus,sofascore
230850,Aldmaisy Z.,aldmaisy-zeyad,sofascore
230846,Vladimir Sidorenko,sidorenko-vladimir,sofascore
230885,Lin P.,lin-po-hsuan,sofascore
230818,Hadziahmetovic E.,hadziahmetovic-emina,sofascore
230886,Shcherbatykh V.,shcherbatykh-valeria,sofascore
230887,Takahashi M.,takahashi-mariko,sofascore
230819,Ciobanu I.,ciobanu-irina,sofascore
230917,Kulikova O.,kulikova-olga,sofascore
230888,Mukherjee A.,mukherjee-ayhika,sofascore
230889,Ermakova I.,ermakova-irina,sofascore
230820,Malanina M.,malanina-maria,sofascore
230821,Vorobeva O.,vorobeva-olga,sofascore
157244,Kato K.,kato-kyoka,sofascore
230790,Kadlcek M.,kadlcek-michal,sofascore
230791,Pichler M.,pichler-michael,sofascore
230792,Konstantinos A.,konstantinos-angelakis,sofascore
231439,Artemenko N / Fedotov P,artemenko-n-fedotov-p,sofascore
231440,Chirita C / Sipos R,chirita-c-sipos-r,sofascore
231441,Dosz A / Dosz S,dosz-a-dosz-s,sofascore
231442,Manna R / Seretti D,manna-r-seretti-d,sofascore
231445,Desai H / Thakkar M V,desai-h-thakkar-m-v,sofascore
231446,Polansky T / Reitspies D,polansky-t-reitspies-d,sofascore
231447,Huang C-T / Tsai C-Y,huang-c-t-tsai-c-y,sofascore
231448,Stoyanov N / Szudi A,stoyanov-n-szudi-a,sofascore
231451,Lewandowski T / Zatowka P,lewandowski-t-zatowka-p,sofascore
231458,Bergstrom L / Moskovits D,bergstrom-l-moskovits-d,sofascore
231459,Mynarova K / Stefcova K,mynarova-k-stefcova-k,sofascore
231452,Lupulesku A / Lupulesku I,lupulesku-a-lupulesku-i,sofascore
231453,Balint B / Nagyvaradi M,balint-b-nagyvaradi-m,sofascore
231456,Mantz C / Wan Y,mantz-c-wan-y,sofascore
231457,Troshneva E / Vinogradova M,troshneva-e-vinogradova-m,sofascore
231454,Strbikova R / Harabaszova L,strbikova-r-harabaszova-l,sofascore
231455,Jonsson J / Reust C,jonsson-j-reust-c,sofascore
231496,Tennison R.,tennison-reeth,sofascore
231493,Park S.,park-seri,sofascore
231449,Badowski M / Kulpa K,badowski-m-kulpa-k,sofascore
231483,Fujimura T / Yoshimura K,fujimura-t-yoshimura-k,sofascore
231484,Landrieu A / Lorentz R,landrieu-a-lorentz-r,sofascore
147930,Nagyvaradi M.,nagyvaradi-mercedes,sofascore
231494,Asai H.,asai-hitoe,sofascore
231509,Cechova D / Matelova H,cechova-d-matelova-h,sofascore
231508,LIN C-H / Lin P-H,lin-c-h-lin-p-h,sofascore
231510,Galic A / Moret R,galic-a-moret-r,sofascore
231590,Adamkova K / Kucerova A,adamkova-k-kucerova-a,sofascore
231512,Ekholm M / Pota G,ekholm-m-pota-g,sofascore
231514,Arvidsson S.,arvidsson-simon,sofascore
141638,Park C.,park-chan-hyeok,sofascore
231513,Ryuzaki T.,ryuzaki-tonin,sofascore
231500,Jung Y.,jung-yumi,sofascore
231505,Kosiba D / Nagy K,kosiba-d-nagy-k,sofascore
231506,Franziska P / Groth J,franziska-p-groth-j,sofascore
231503,Matsudaira K / Oshima Y,matsudaira-k-oshima-y,sofascore
231443,ORT K / Qiu D,ort-k-qiu-d,sofascore
231504,CHO E / Park J,cho-e-park-j,sofascore
231507,Filus R / Wang X,filus-r-wang-x,sofascore
231593,Batra M / Das M,batra-m-das-m,sofascore
231516,Fujimura T.,fujimura-tomoya,sofascore
231487,Blaszcyk L.,blaszcyk-lucjan,sofascore
131634,Shetty S.,shetty-sanil,sofascore
231720,AS Pontoise Cergy,as-pontoise-cergy,sofascore
231721,Roanne Lntt,roanne-lntt,sofascore
231714,Angers Vaillante T T,angers-vaillante-t-t,sofascore
231715,Istres Sports,istres-sports,sofascore
231712,Chartres Astt,chartres-astt,sofascore
231713,PPC Villeneuve,ppc-villeneuve,sofascore
231718,GV Hennebont,gv-hennebont,sofascore
231719,Morez Haut-Jura,morez-haut-jura,sofascore
231716,La Romagne,la-romagne,sofascore
231717,Caen Ttc,caen-ttc,sofascore
232015,Park S.,park-seri,sofascore
232024,Bogdanova N / Trigolos D,bogdanova-n-trigolos-d,sofascore
232025,Jung Y / Park S,jung-y-park-s,sofascore
232023,Alkhouskaya U / Kisel D,alkhouskaya-u-kisel-d,sofascore
182743,Baibuldin A.,baibuldin-andrei,sofascore
147940,Mokhnacheva S.,mokhnacheva-svetlana,sofascore
232076,Baravok K / Mynarova K,baravok-k-mynarova-k,sofascore
232068,Sourav S.,sourav-saha,sofascore
232069,Nagy K.,nagy-krisztian,sofascore
232070,Klasek M.,klasek-marek,sofascore
232474,Avi-Tal O / Soto K,avi-tal-o-soto-k,sofascore
232475,Choong J / Leong C F,choong-j-leong-c-f,sofascore
232476,Green W / Tao W,green-w-tao-w,sofascore
232477,KIM D / Kim M,kim-d-kim-m,sofascore
232478,Tsai C-Y / Yang H-W,tsai-c-y-yang-h-w,sofascore
232479,Chang L S A / Zeng J,chang-l-s-a-zeng-j,sofascore
232480,LEE R Y / NG S K,lee-r-y-ng-s-k,sofascore
232481,LEE Y / Kim H,lee-y-kim-h,sofascore
158488,Wang Manyu,wang-manyu,sofascore
232516,Hsiung N.,hsiung-nai-i,sofascore
232517,Kim H.,kim-haeun,sofascore
232518,Lee Y.,lee-yea-ram,sofascore
232519,Yu-Jhun LI.,li-yu-jhun,sofascore
232465,Haiqal M.,haiqal-muhamad-ashraf,sofascore
232463,Leong C.,leong-chee-feng,sofascore
232464,Wang Li C.,wang-li-chung-yi,sofascore
232466,Avi-Tal O.,avi-tal-omer,sofascore
232467,Tao W.,tao-wenzhang,sofascore
232470,Gordon E.,gordon-evan,sofascore
232471,Green W.,green-wally,sofascore
232469,Ibrahim M.,ibrahim-muhd-shakirin,sofascore
232468,Choong J.,choong-javen,sofascore
232472,Soto K.,soto-kevin,sofascore
232473,Yeh C.,yeh-chih-wei,sofascore
131642,Zhou Y.,zhou-yu,sofascore
232593,ASD Marcozzi,asd-marcozzi,sofascore
232594,DT Recken,dt-recken,sofascore
232589,CS Mioveni,cs-mioveni,sofascore
232590,SK Vydrany,sk-vydrany,sofascore
232599,Colina Clinic Burgos,colina-clinic-burgos,sofascore
232600,TT Vedrinamur,tt-vedrinamur,sofascore
232587,DT Diddeleng,dt-diddeleng,sofascore
232588,CTT Cer L'Escala,ctt-cer-lescala,sofascore
232591,Istanbul Bbsk,istanbul-bbsk,sofascore
232592,GD Toledos,gd-toledos,sofascore
232601,Knightswood Ttc,knightswood-ttc,sofascore
232602,Sustem Reklam SC,sustem-reklam-sc,sofascore
232597,STK Starr Varazdin,stk-starr-varazdin,sofascore
232598,GDSC Juncal,gdsc-juncal,sofascore
232595,TTC Sokah Hoboken,ttc-sokah-hoboken,sofascore
232596,Ankara Spor Kulubu,ankara-spor-kulubu,sofascore
232580,Hedlund J.,hedlund-jesper,sofascore
233102,Akerstrom F / Andersson H,akerstrom-f-andersson-h,sofascore
233106,Ecseki N / Majoros B,ecseki-n-majoros-b,sofascore
233100,Huzjak J.,huzjak-josip,sofascore
233101,Simoncik J.,simoncik-josef,sofascore
233417,Yoshida M.,yoshida-mitsuki,sofascore
233418,Gobel J.,gobel-jessica,sofascore
233419,Kucerova A.,kucerova-aneta,sofascore
233420,Ismailova S.,ismailova-sibi,sofascore
233416,Slifirczyk K.,slifirczyk-katarzyna,sofascore
233622,Berlin Eastside,berlin-eastside,sofascore
233623,Postas Sport Egyesulet,postas-sport-egyesulet,sofascore
233624,UCAM Cartagena,ucam-cartagena,sofascore
233625,TUS Bad Driburg,tus-bad-driburg,sofascore
233626,Bursa Buyuksehir,bursa-buyuksehir,sofascore
233627,ALCL TT Grand-Quevilly,alcl-tt-grand-quevilly,sofascore
233628,KTS Siarka - ZOT,kts-siarka-zot,sofascore
233629,SKST Stavoimpex Hodonin,skst-stavoimpex-hodonin,sofascore
233664,Gerold G.,gerold-gabor,sofascore
233665,Sriram S.,sriram-sushmit,sofascore
233666,Demeter L.,demeter-lehel,sofascore
234218,Roskilde Bordtennis BTK61,roskilde-bordtennis-btk61,sofascore
234219,KS Unia Azs Awfis Gdansk,ks-unia-azs-awfis-gdansk,sofascore
234220,TTC Ostrava 2016,ttc-ostrava-2016,sofascore
234234,Dederko Z.,dederko-zhenhua,sofascore
234215,Gavlas A.,gavlas-antonin,sofascore
234216,Gauzy P.,gauzy-paul,sofascore
234217,Shmyrev M.,shmyrev-maxim,sofascore
234874,Perman O.,perman-oscar,sofascore
234875,Schabacker J.,schabacker-jens,sofascore
235233,Jonsson D.,jonsson-david,sofascore
235235,O'Connor M.,oconnor-miikka,sofascore
235234,Main C.,main-calum,sofascore
235236,Lindholm E.,lindholm-eskil,sofascore
235237,Howieson C.,howieson-craig,sofascore
235261,Carey C.,carey-charlotte,sofascore
235264,Zdanovska I.,zdanovska-inta,sofascore
235263,Christoforaki M.,christoforaki-maria,sofascore
235265,Christensen S.,christensen-stefanie,sofascore
235266,Yovkova K.,yovkova-krasimira,sofascore
235269,Alekseyenko N.,alekseyenko-natalia,sofascore
235267,Srebrnjak D.,srebrnjak-dorina,sofascore
235268,Rusinova D.,rusinova-diana,sofascore
235377,Lindholm E / Ronneberg L,lindholm-e-ronneberg-l,sofascore
235378,Glod E / Mladenovic L,glod-e-mladenovic-l,sofascore
235375,O Connor M / Tennila O,o-connor-m-tennila-o,sofascore
235376,Khanin A / Shamruk G,khanin-a-shamruk-g,sofascore
235272,Szudi A / Pergel S,szudi-a-pergel-s,sofascore
235273,Reinholds A / Zdanovska I,reinholds-a-zdanovska-i,sofascore
235379,Nagy K / Pavlovic A,nagy-k-pavlovic-a,sofascore
235380,Jorgic D / Galic A,jorgic-d-galic-a,sofascore
235381,Yefimov V / Aleksyeyenko N,yefimov-v-aleksyeyenko-n,sofascore
235382,Cantero J / Xiao M,cantero-j-xiao-m,sofascore
235270,Doval I.,doval-ilka,sofascore
235271,Fins R.,fins-rita,sofascore
235384,Aschwanden R.,aschwanden-rahel,sofascore
235385,Tan K.,tan-kubra,sofascore
231498,Lupulesku I.,lupulesku-izabela,sofascore
235472,Cantero J / Machado C,cantero-j-machado-c,sofascore
235469,Gionis P / Wang Y,gionis-p-wang-y,sofascore
235468,Duran M / Olah B,duran-m-olah-b,sofascore
235467,Gommers R / Oostwouder E,gommers-r-oostwouder-e,sofascore
235473,Kou L / Li A,kou-l-li-a,sofascore
235470,Krastev P / Valuch A,krastev-p-valuch-a,sofascore
235477,Brossier B / Gauzy S,brossier-b-gauzy-s,sofascore
235478,Duda B / Mengel S,duda-b-mengel-s,sofascore
231495,Kojic F / Robles A,kojic-f-robles-a,sofascore
235471,Kolarek T / Pucar T,kolarek-t-pucar-t,sofascore
235475,Pryshchepa Y / Yefimov V,pryshchepa-y-yefimov-v,sofascore
235476,Apolonia T / Geraldo J,apolonia-t-geraldo-j,sofascore
235474,Szocs H / Walker S,szocs-h-walker-s,sofascore
235456,Deng S / Zhou C,deng-s-zhou-c,sofascore
235450,Karahan I / Tan K,karahan-i-tan-k,sofascore
235454,Fajmut M / Pavcnik T,fajmut-m-pavcnik-t,sofascore
235451,Fins R / Oliveira L,fins-r-oliveira-l,sofascore
235457,Marchetti N / Zavitsanou G,marchetti-n-zavitsanou-g,sofascore
235452,Iacob C / Szocs B,iacob-c-szocs-b,sofascore
235453,Cechova D / Strbikova R,cechova-d-strbikova-r,sofascore
235458,Mischek K / Solja A,mischek-k-solja-a,sofascore
235455,Lupulesku I / Trigolos D,lupulesku-i-trigolos-d,sofascore
235460,Bajor N / Kusinska K,bajor-n-kusinska-k,sofascore
235462,Bergstrom L / Jonsson J,bergstrom-l-jonsson-j,sofascore
235390,Ramirez S / Zhang X,ramirez-s-zhang-x,sofascore
126026,Dodean D / Samara E,dodean-d-samara-e,sofascore
235459,Lovas P / Odorova E,lovas-p-odorova-e,sofascore
235461,Carey C / Trosman N,carey-c-trosman-n,sofascore
235463,Li Q / Polcanova S,li-q-polcanova-s,sofascore
235464,Guisnel O / Loeuillette S,guisnel-o-loeuillette-s,sofascore
235465,Maksuti A / Todorovic A,maksuti-a-todorovic-a,sofascore
235392,Paskauskiene R / Stuckyte E,paskauskiene-r-stuckyte-e,sofascore
235420,Duda B / Winter S,duda-b-winter-s,sofascore
194792,Karlsson M / Ekholm M,karlsson-m-ekholm-m,sofascore
235418,Dyjas J / Grzybowska K,dyjas-j-grzybowska-k,sofascore
235419,Robles A / Dvorak G,robles-a-dvorak-g,sofascore
235409,Skachkov K / Odorova E,skachkov-k-odorova-e,sofascore
235411,Olah B / Pota G,olah-b-pota-g,sofascore
235412,Brossier B / Loeuillette S,brossier-b-loeuillette-s,sofascore
235416,Pitchford L / HO T-T,pitchford-l-ho-t-t,sofascore
235417,Geraldo J / YU F,geraldo-j-yu-f,sofascore
194787,Schmid E / Aschwanden R,schmid-e-aschwanden-r,sofascore
235413,LI A / HU M,li-a-hu-m,sofascore
235410,Chen W / Polcanova S,chen-w-polcanova-s,sofascore
235414,Wang Y / Mikhailova P,wang-y-mikhailova-p,sofascore
235415,Platonov P / Pavlovich V,platonov-p-pavlovich-v,sofascore
194713,Gardos R / Liu J,gardos-r-liu-j,sofascore
235422,Drinkhall P / Sibley K,drinkhall-p-sibley-k,sofascore
194747,Konecny T / Matelova H,konecny-t-matelova-h,sofascore
194702,Glod E / De Nutte S,glod-e-de-nutte-s,sofascore
194727,Ionescu O / Szocs B,ionescu-o-szocs-b,sofascore
235426,Mengel S / Silbereisen K,mengel-s-silbereisen-k,sofascore
235427,Kodjabashev D / Yovkova M,kodjabashev-d-yovkova-m,sofascore
235424,Monteiro J / Dodean D,monteiro-j-dodean-d,sofascore
235425,Smirnov A / Kirichenko A,smirnov-a-kirichenko-a,sofascore
235421,Stoyanov N / Vivarelli D,stoyanov-n-vivarelli-d,sofascore
235423,Gionis P / Bilenko T,gionis-p-bilenko-t,sofascore
235435,Crisan A / Ionescu O,crisan-a-ionescu-o,sofascore
235436,Smirnov A / Vainula V,smirnov-a-vainula-v,sofascore
235383,Oostwouder E.,oostwouder-ewout,sofascore
235386,Gommers R.,gommers-rajko,sofascore
235387,Vainula V.,vainula-vallot,sofascore
235388,Sgouropoulos I.,sgouropoulos-ioannis,sofascore
235391,Brateyko S / Vasylieva I,brateyko-s-vasylieva-i,sofascore
235389,Jeger M / Pavlovic A,jeger-m-pavlovic-a,sofascore
218146,Lewandowski Tomasz,lewandowski-tomasz,sofascore
235448,Efimov V.,efimov-viktor,sofascore
235444,Maksuti A.,maksuti-aneta,sofascore
235443,Pavlovic A.,pavlovic-andrea,sofascore
235446,Jeger M.,jeger-mateja,sofascore
235447,Iacob C.,iacob-camelia,sofascore
235445,Tin Tin HO.,ho-tin-tin,sofascore
235912,Bluhm F.,bluhm-florian,sofascore
235913,Kriston D.,kriston-daniel,sofascore
233652,TT Saint-Quentin,tt-saint-quentin,sofascore
233654,Szekszard AC,szekszard-ac,sofascore
233655,Metz TT,metz-tt,sofascore
236176,GDSC Juncal,gdsc-juncal,sofascore
236177,Tecnigen Linares,tecnigen-linares,sofascore
236178,Istanbul Bbsk,istanbul-bbsk,sofascore
236179,Onisilos Lakatamias,onisilos-lakatamias,sofascore
236180,ACD De Sao Joao,acd-de-sao-joao,sofascore
236181,ASD Tennistavolo Norbello,asd-tennistavolo-norbello,sofascore
236182,Tigem SC Ankara,tigem-sc-ankara,sofascore
236183,DT Diddeleng,dt-diddeleng,sofascore
236185,Cajasur Priego TM,cajasur-priego-tm,sofascore
236186,Gdcgp Madalena,gdcgp-madalena,sofascore
236187,Dozy Den Helder,dozy-den-helder,sofascore
236188,GDD Toledos,gdd-toledos,sofascore
236184,Irun Leka Enea,irun-leka-enea,sofascore
236189,Sparvagen BTK,sparvagen-btk,sofascore
236192,ADC Ponta do Pargo,adc-ponta-do-pargo,sofascore
236193,TT Vedrinamur,tt-vedrinamur,sofascore
236190,CTT Balaguer - Villart,ctt-balaguer-villart,sofascore
236191,TTC Rapid Luzern,ttc-rapid-luzern,sofascore
235496,Cajasur Priego TM,cajasur-priego-tm,sofascore
235492,El Nino Praha,el-nino-praha,sofascore
235491,Enjoy & Deploy Taverzo,enjoy-and-deploy-taverzo,sofascore
235493,Irun Leka Enea Tenis de Mesa,irun-leka-enea-tenis-de-mesa,sofascore
235497,SPG Linz,spg-linz,sofascore
235494,STK Libertas Marinkolor,stk-libertas-marinkolor,sofascore
235490,Ttc Kazan,ttc-kazan,sofascore
235495,Yroni Givatayim,yroni-givatayim,sofascore
233653,LZ Linz Froschberg,lz-linz-froschberg,sofascore
236229,Cheaib D.,cheaib-dauud,sofascore
236225,Kiss D.,kiss-daniel,sofascore
236726,Fadeev E.,fadeev-evgeny,sofascore
237296,Grinninger T.,grinninger-thomas,sofascore
237297,Hohmeier N.,hohmeier-nils,sofascore
231519,Matsuyama Y.,matsuyama-yuki,sofascore
237298,Luhr S.,luhr-sergio,sofascore
237299,Valuch A.,valuch-alexander,sofascore
237293,Jiaji Wu.,wu-jiaji,sofascore
231518,Qiu L.,qiu-liang,sofascore
237285,Persolja L.,persolja-ludvik,sofascore
237302,Kožul D.,kozul-d,sofascore
237300,Trink M.,trink-michael,sofascore
237301,Lehmann M.,lehmann-matthew,sofascore
237369,Lotfollah Nasabi M.,lotfollah-nasabi-midya,sofascore
237284,Franzen A.,franzen-alexander,sofascore
237287,Pfeffer S.,pfeffer-simon,sofascore
231515,Kaluzny S.,kaluzny-samuel,sofascore
237288,Subotic D.,subotic-dragan,sofascore
237289,Capello B.,capello-benjy,sofascore
237303,Loyen E.,loyen-eline,sofascore
237304,Jazbec I.,jazbec-ida,sofascore
237305,Marchetti N.,marchetti-nathalie,sofascore
237306,Luginger M.,luginger-melanie,sofascore
237307,Park J.,park-joohyun,sofascore
237316,Minagawa Y.,minagawa-yuka,sofascore
237317,Cote A.,cote-alicia,sofascore
237318,Dragoman A.,dragoman-andreea,sofascore
237319,Eunchae JI.,ji-eunchae,sofascore
237313,Lamadrid J.,lamadrid-juan,sofascore
237314,Brat A.,brat-adam,sofascore
237315,Poh S.,poh-shao-feng-ethan,sofascore
237292,Cheng P.,cheng-pak-hei,sofascore
237290,Olivares F.,olivares-felipe,sofascore
237291,Lim Z.,lim-zheng-jie-edric,sofascore
237294,Akhlaghpasand M.,akhlaghpasand-mohammadreza,sofascore
148062,Franco C.,franco-carlos,sofascore
237295,Tay M.,tay-ming-han-maxxe,sofascore
237311,Lupulesku L.,lupulesku-lorencio,sofascore
237312,Lam S.,lam-siu-hang,sofascore
104609,Shan X / Silbereisen K,shan-x-silbereisen-k,sofascore
237408,Tanviriyavechakul P / Wisutmaythangkoon S,tanviriyavechakul-p-wisutmaythangkoon-s,sofascore
237409,Amato A / Mutti M,amato-a-mutti-m,sofascore
237406,ZHU C / Fang Y,zhu-c-fang-y,sofascore
237407,Floras R / Dyjas J,floras-r-dyjas-j,sofascore
237552,Achanta S K / Habesohn D,achanta-s-k-habesohn-d,sofascore
237554,Flore T / Salifou A-K,flore-t-salifou-a-k,sofascore
237551,Chen W / Filus R,chen-w-filus-r,sofascore
237553,Jiang T / LI H M,jiang-t-li-h-m,sofascore
237550,Zhao Z / Zhou K,zhao-z-zhou-k,sofascore
237555,ORT K / Walther R,ort-k-walther-r,sofascore
237412,Sawettabut S / Sawettabut J,sawettabut-s-sawettabut-j,sofascore
237413,Surjan S / Lupulesku I,surjan-s-lupulesku-i,sofascore
237544,Choi H / Park J,choi-h-park-j,sofascore
237543,De Nutte S / Zheng J,de-nutte-s-zheng-j,sofascore
237545,LIN Y / Zeng J,lin-y-zeng-j,sofascore
237542,Hayata H / Kato M,hayata-h-kato-m,sofascore
237548,NG W N / Soo W Y M,ng-w-n-soo-w-y-m,sofascore
237547,Chasselin P / Loeuillette S,chasselin-p-loeuillette-s,sofascore
237546,Shibata S / Shiomi M,shibata-s-shiomi-m,sofascore
237415,Zhu C.,zhu-cheng,sofascore
237417,Fang Y.,fang-yinchi,sofascore
237416,Wang Chuqin,wang-chuqin,sofascore
237418,Izumo T.,izumo-takuto,sofascore
146872,Zhou K.,zhou-kai,sofascore
237419,Zhao Z.,zhao-zhaoyan,sofascore
237541,Ort K.,ort-kilian,sofascore
237420,Taylakova M.,taylakova-maria,sofascore
103169,Wing Nam Ng.,ng-wing-nam,sofascore
237421,Nagasaki M.,nagasaki-miyu,sofascore
237403,Petkov M.,petkov-marko,sofascore
238174,Singeorzan A.,singeorzan-arina,sofascore
238175,Miralmasi A.,miralmasi-amin,sofascore
238177,Yijie LI.,li-yijie,sofascore
238176,Ahlander-Johansson C.,ahlander-johansson-carl,sofascore
231499,Wang Y.,wang-yi-ju,sofascore
238227,Sawettabut J.,sawettabut-jinnipa,sofascore
238178,Keinath T.,keinath-thomas,sofascore
238179,Novota S.,novota-samuel,sofascore
238238,Lee C.,lee-chia-sheng,sofascore
238223,Eerland B / Vermaas K,eerland-b-vermaas-k,sofascore
238224,Holmsten E / Kallberg C,holmsten-e-kallberg-c,sofascore
238222,Sikorska M / Stefanska K,sikorska-m-stefanska-k,sofascore
195072,Castellano N / Vega P,castellano-n-vega-p,sofascore
238237,Karlsson M / Zetterstrom K,karlsson-m-zetterstrom-k,sofascore
238242,Matsudaira K / Ueda J,matsudaira-k-ueda-j,sofascore
238303,Liao C.,liao-cheng-ting,sofascore
238240,Khetkhuan T / Migot M,khetkhuan-t-migot-m,sofascore
238241,"Lin, P-H / Wang Y.",lin-p-h-wang-y-j,sofascore
238243,MA W / Yang X,ma-w-yang-x,sofascore
238244,HU M / Xiao M,hu-m-xiao-m,sofascore
238245,Madarasz D / Szocs B,madarasz-d-szocs-b,sofascore
238246,JI E / Lee E,ji-e-lee-e,sofascore
194990,Achanta S K / Gnanasekaran S,achanta-s-k-gnanasekaran-s,sofascore
238249,Zhao Z / Zhou Y,zhao-z-zhou-y,sofascore
238250,Badowski M / Wang Z,badowski-m-wang-z,sofascore
238248,Hachard A / Ouaiche S,hachard-a-ouaiche-s,sofascore
238247,KOU L / Wang Y,kou-l-wang-y,sofascore
238236,Song X.,song-xu,sofascore
238255,Barabanov K.,barabanov-kirill,sofascore
238256,Crepulja B.,crepulja-bojan,sofascore
238260,Besiktas Jimnastik Kulubu,besiktas-jimnastik-kulubu,sofascore
238297,Halmstad Btk,halmstad-btk,sofascore
238258,Fortune,fortune,sofascore
237598,Acs Dumbravita,acs-dumbravita,sofascore
237599,Lyssois Lille Metropole,lyssois-lille-metropole,sofascore
237600,Asv Eppan Raiffeisen,asv-eppan-raiffeisen,sofascore
237597,Ao Dao Tavrou,ao-dao-tavrou,sofascore
238391,SG Stockerau,sg-stockerau,sofascore
238392,CTT Borges Vall,ctt-borges-vall,sofascore
237601,Ttc Kazan,ttc-kazan,sofascore
237602,Novi Sad,novi-sad,sofascore
237603,TTC Moravsky Krumlov,ttc-moravsky-krumlov,sofascore
238259,Logis Auderghem,logis-auderghem,sofascore
237604,Budaorsi 2i Sport Club,budaorsi-2i-sport-club,sofascore
238746,Kramer T.,kramer-tanja,sofascore
238747,Muhlbach K.,muhlbach-kathrin,sofascore
238748,Vasylieva I.,vasylieva-ievgeniia,sofascore
25030,Ganina S.,ganina-svetlana,sofascore
238749,Kohatsu M.,kohatsu-martina,sofascore
239076,Figel J.,figel-jakub,sofascore
239077,Uribe S.,uribe-salvador,sofascore
239611,Surjan S.,surjan-sabina,sofascore
239612,Sanabria P.,sanabria-paola,sofascore
239613,Rivera L.,rivera-lineris,sofascore
239614,Jokić T.,jokic-tijana,sofascore
239598,Elhamady O.,elhamady-omar,sofascore
239599,Solanke A.,solanke-azeez,sofascore
239594,Abdel-Aziz Y.,abdel-aziz-youssef,sofascore
239597,Akanbi R.,akanbi-rilwan,sofascore
239687,Martinko J.,martinko-jiri,sofascore
239688,Klos P.,klos-patrik,sofascore
239799,Kim Y.,kim-youjin,sofascore
240426,Lin Y.,lin-yun-ju,sofascore
239699,Haidong XU.,xu-haidong,sofascore
239700,Huang C.,huang-chien-tu,sofascore
239701,Heyi YU.,yu-heyi,sofascore
239702,Feng Y.,feng-yi-hsin,sofascore
239703,Yingbin XU.,xu-yingbin,sofascore
239704,Djedjik L.,djedjik-loubna,sofascore
239705,Liao I.,liao-ivy,sofascore
239706,Feredj H.,feredj-hiba,sofascore
239707,Yeung J.,yeung-justina,sofascore
239708,Bouhenni Y.,bouhenni-yassamine,sofascore
239711,Devos L.,devos-laurens,sofascore
239712,Cnudde F.,cnudde-florian,sofascore
239713,Lau C.,lau-chun-kit,sofascore
239714,Darcis T.,darcis-thibaut,sofascore
239800,Ham Y.,ham-yu-song,sofascore
239801,Kim S.,kim-song-gun,sofascore
239802,Kim S.,kim-song-il,sofascore
239969,Clapa A.,clapa-andreea,sofascore
239970,Mostafavi L.,mostafavi-leili,sofascore
240174,Ndwabasini Ezile,ndwabasini-ezile,sofascore
240181,Pinto D.,pinto-daniele,sofascore
240183,Chen Ying-Chen,chen-ying-chen,sofascore
240184,Bouhenni Y.,bouhenni-yassamine,sofascore
240185,Guseva M.,guseva-marsha,sofascore
240112,Liu W.,liu-weishan,sofascore
240113,Sun Y.,sun-yizhen,sofascore
240114,Shi Xunyao,shi-xunyao,sofascore
240140,An Jaehyun,an-jaehyun,sofascore
240182,Chaplygin M.,chaplygin-maxim,sofascore
239596,Elhakem K.,elhakem-karim,sofascore
240189,Hazin J.,hazin-jeremy,sofascore
240190,Omeh A.,omeh-amadi,sofascore
240191,Engemann G.,engemann-gerrit,sofascore
240192,Wyngaardt D.,wyngaardt-darren,sofascore
240437,Hippler T.,hippler-tobias,sofascore
240329,Omeh A / Solanke A,omeh-a-solanke-a,sofascore
240330,Darcis T / Devos L,darcis-t-devos-l,sofascore
240186,Garcia A.,garcia-ana,sofascore
240187,Vignjevic D.,vignjevic-dragana,sofascore
240188,Wen R.,wen-ruei-ling,sofascore
240193,Liao I.,liao-ivy,sofascore
240194,Niguez M.,niguez-marina,sofascore
240195,Djedjik L.,djedjik-loubna,sofascore
240394,Hajok Caroline,hajok-caroline,sofascore
240347,Cote A / Liao I,cote-a-liao-i,sofascore
240348,Johnson L / Mookrey S,johnson-l-mookrey-s,sofascore
240422,Cho D.,cho-daeseong,sofascore
240411,Harimoto T / Ryuzaki T,harimoto-t-ryuzaki-t,sofascore
240345,Alguetti A / Liu V,alguetti-a-liu-v,sofascore
240448,AN J / Cho S,an-j-cho-s,sofascore
240386,Cifuentes H / Sanchi F,cifuentes-h-sanchi-f,sofascore
240042,Harimoto T / Hirano M,harimoto-t-hirano-m,sofascore
240047,Kwan M H / Soo W Y M,kwan-m-h-soo-w-y-m,sofascore
240080,Jorgic D / Lupulesku I,jorgic-d-lupulesku-i,sofascore
240081,MAK T W / NG P N,mak-t-w-ng-p-n,sofascore
240413,Tsai Y.,tsai-yu-chin,sofascore
240449,Diaz A / Rivera L,diaz-a-rivera-l,sofascore
240364,SHI X / Yuan Y,shi-x-yuan-y,sofascore
240365,LIU W / Sun Y,liu-w-sun-y,sofascore
240440,LIU Q / Wong C Y,liu-q-wong-c-y,sofascore
240425,Yang S.,yang-shuo,sofascore
240451,Kwan M H / NG P N,kwan-m-h-ng-p-n,sofascore
240453,Cassin A / Seyfried J,cassin-a-seyfried-j,sofascore
240053,CHO S / Kim J,cho-s-kim-j,sofascore
240058,XU H / Yuan Y,xu-h-yuan-y,sofascore
240063,Hayata H / Matsuyama Y,hayata-h-matsuyama-y,sofascore
240367,Kang D / Kim J,kang-d-kim-j,sofascore
239710,Arcila C.,arcila-carlos,sofascore
240774,Folwarski J.,folwarski-jakub,sofascore
242119,Kapolnek N.,kapolnek-narayan,sofascore
241970,Wolf C.,wolf-christian,sofascore
243797,Happek S.,happek-sven,sofascore
244153,Rossi C.,rossi-carlo,sofascore
244152,Katsman L.,katsman-lev,sofascore
244154,Gonzalez Y.,gonzalez-yomar,sofascore
244155,Omotayo O.,omotayo-olajide,sofascore
244156,Popovic M.,popovic-marko,sofascore
244157,Abiodun B.,abiodun-bode,sofascore
244158,Silva D.,silva-diogo,sofascore
244159,Raymond T.,raymond-titouan,sofascore
244160,Berglund S.,berglund-simon,sofascore
244161,Ecseki N.,ecseki-nandor,sofascore
240444,Ivonin D.,ivonin-denis,sofascore
244144,Stefcova K.,stefcova-kristyna,sofascore
244145,Fenyvesi A.,fenyvesi-anna,sofascore
244147,Truzsinszki V.,truzsinszki-viktoria,sofascore
240416, chernoray D.,chernoray-daria,sofascore
244148,Thi Hong Loan LE.,le-thi-hong-loan,sofascore
244150,Kirichenko A.,kirichenko-anna,sofascore
244149,Zavitsanou G.,zavitsanou-georgia,sofascore
244259,Khlyzova E.,khlyzova-elizaveta,sofascore
244258,Timina Y.,timina-yana,sofascore
231497,Lin C.,lin-chia-hsuan,sofascore
103205,Achanta S K / Shetty S,achanta-s-k-shetty-s,sofascore
244362,Fang B / Zhou Y,fang-b-zhou-y,sofascore
244304,Machado C / Robles A,machado-c-robles-a,sofascore
244352,Andersson H / Arvidsson S,andersson-h-arvidsson-s,sofascore
244353,Ishiy V / Matsumoto C,ishiy-v-matsumoto-c,sofascore
244363,Chew Z Y C / Gao N,chew-z-y-c-gao-n,sofascore
244364,Ecseki N / Szudi A,ecseki-n-szudi-a,sofascore
246289,Jiang / Lam,jiang-lam,sofascore
244355,Konecny T / Polansky T,konecny-t-polansky-t,sofascore
244346,Chen X / LI J,chen-x-li-j,sofascore
244348,Mittelham N / Trosman N,mittelham-n-trosman-n,sofascore
244360,Noskova Y / Tailakova M,noskova-y-tailakova-m,sofascore
244307,Bajor N / Trigolos D,bajor-n-trigolos-d,sofascore
244361,Ciobanu I / Iacob C,ciobanu-i-iacob-c,sofascore
244301,Abiodun B / Kazeem M,abiodun-b-kazeem-m,sofascore
244302,Gommers R / Khatchanov M,gommers-r-khatchanov-m,sofascore
244299,Sgouropoulos I / Sipos R,sgouropoulos-i-sipos-r,sofascore
244303,LIM Z J E / Tay M H M,lim-z-j-e-tay-m-h-m,sofascore
244300,Oostwouder E / Tromer L,oostwouder-e-tromer-l,sofascore
244350,Brodd V / Nordberg H,brodd-v-nordberg-h,sofascore
244354,Levenko A / Serdaroglu D,levenko-a-serdaroglu-d,sofascore
244351,Nielsen C / Rasmussen T,nielsen-c-rasmussen-t,sofascore
244340,Gaoyuan Lin,gaoyuan-lin,sofascore
244309,Arlouskaya A / Pavlovich V,arlouskaya-a-pavlovich-v,sofascore
244310,Migot M / Pfefer L,migot-m-pfefer-l,sofascore
244308,Ambrus K / Mischek K,ambrus-k-mischek-k,sofascore
244306,Fenyvesi A / Lupulesku A,fenyvesi-a-lupulesku-a,sofascore
244305,Kirichenko A / Scholz V,kirichenko-a-scholz-v,sofascore
244347,Kallber C / LI F,kallber-c-li-f,sofascore
244345,Galic A / Sikorska M,galic-a-sikorska-m,sofascore
244344,Helle T / Timina Y,helle-t-timina-y,sofascore
244358,Sheng D.,sheng-dandan,sofascore
244357,Liu J.,liu-judith,sofascore
244359,Jiayi LI.,li-jiayi,sofascore
245509,Yokota G.,yokota-gustavo,sofascore
245510,Bruno L.,bruno-luan,sofascore
245511,Chojnowski P.,chojnowski-patryk,sofascore
240424,Sanchi F.,sanchi-francisco,sofascore
240430,Cifuentes H.,cifuentes-horacio,sofascore
246034,Manna R.,manna-romualdo,sofascore
246380,Chandra Jeet,chandra-jeet,sofascore
246379,Ghosh Anirban,ghosh-anirban,sofascore
246391,Bhanja R.,bhanja-ronit,sofascore
246390,Gupta Utkarsh,gupta-utkarsh,sofascore
246381,Pande Siddhesh,pande-siddhesh,sofascore
246382,Uda Y.,uda-yukiya,sofascore
246383,Grover S.,grover-sudhanshu,sofascore
246384,Boro B.,boro-birdie,sofascore
246388,Yadav A.,yadav-abhishek,sofascore
246387,Merckx J.,merckx-jasper,sofascore
246400,Alamri A.,alamri-abdulaziz,sofascore
246386,Saha Subhajit,saha-subhajit,sofascore
246399,Kumar J.,kumar-jubin,sofascore
246385,Bu Shulaybi A.,bu-shulaybi-abdulaziz,sofascore
246397,Akula S.,akula-sreeja,sofascore
246403,Pushpak A.,pushpak-amrutha,sofascore
240401,Kamath A.,kamath-archana-girish,sofascore
246395,Paul Mousumi,paul-mousumi,sofascore
246396,Pareek Priyanka,pareek-priyanka,sofascore
246402,DAS Priyadarshini,das-priyadarshini,sofascore
147954,Patkar M.,patkar-madhurika,sofascore
246394,ROY Krittwika,roy-krittwika,sofascore
246398,Selvakumar S.,selvakumar-selena,sofascore
246392,Calange Harsha Vardhini,calange-harsha-vardhini,sofascore
246393,Dutta Moumita,dutta-moumita,sofascore
246404,Sutirtha Mukherjee,mukherjee-sutirtha,sofascore
246389,Alkhadrawi A.,alkhadrawi-ali,sofascore
246436,Ghosh A.,ghosh-anirban,sofascore
246401,Al-Abbad A.,al-abbad-abdulaziz,sofascore
246318,Akula S / Kamath A,akula-s-kamath-a,sofascore
246316,DAS A / Patkar M,das-a-patkar-m,sofascore
246317,Paul M / Roy K,paul-m-roy-k,sofascore
246311,Gardos R / Jancarik L,gardos-r-jancarik-l,sofascore
246310,Harimoto T / Uda Y,harimoto-t-uda-y,sofascore
246309,Akkuzu C / Geraldo J,akkuzu-c-geraldo-j,sofascore
246315,Al-Abbad A / Alamri A,al-abbad-a-alamri-a,sofascore
246312,Avi-Tal O / Merckx J,avi-tal-o-merckx-j,sofascore
246313,Bhanja R / Ghosh A,bhanja-r-ghosh-a,sofascore
246314,Flore T / Robinot Q,flore-t-robinot-q,sofascore
229943,Drinkhall P / Walker S,drinkhall-p-walker-s,sofascore
246921,Khayat J.,khayat-jennifer,sofascore
246916,Hameed A.,hameed-anwer,sofascore
246917,Oluyomi S.,oluyomi-salako,sofascore
246918,Abdulwahhab M.,abdulwahhab-mohammed,sofascore
246920,Hallak M.,hallak-mohamed,sofascore
246919,Fahes G.,fahes-ghaleb,sofascore
247038,Fan Z / Liang J,fan-z-liang-j,sofascore
247079,Cheng H-T / Lin C-C,cheng-h-t-lin-c-c,sofascore
247080,Chen S-Y / Cheng I-C,chen-s-y-cheng-i-c,sofascore
247081,Chen M / Wang M,chen-m-wang-m,sofascore
247041,De Nutte S / Migot M,de-nutte-s-migot-m,sofascore
247040,Stefanska K / Todorovic A,stefanska-k-todorovic-a,sofascore
247082,Hirano M / Ishikawa K,hirano-m-ishikawa-k,sofascore
104491,Yuting Gu.,yuting-gu,sofascore
247754,Tubikanec I.,tubikanec-ivana,sofascore
25029,Fadeeva O.,fadeeva-oksana,sofascore
240441,Levenko A.,levenko-andreas,sofascore
248192,Tomaszuk T.,tomaszuk-tomasz,sofascore
249150,Panagitgun Y.,panagitgun-yanapong,sofascore
240433,Yigenler A.,yigenler-abdullah,sofascore
249151,Barbolin I.,barbolin-illia,sofascore
249152,Takami M.,takami-masaki,sofascore
249153,Zhukov A.,zhukov-aleksei,sofascore
249155,Didukh V.,didukh-viktor,sofascore
249154,Antonau V.,antonau-vadim,sofascore
249141,Rukliatsou U.,rukliatsou-uladzislau,sofascore
249140,Daunarovich P.,daunarovich-pavel,sofascore
249142,Kiselev M.,kiselev-maksim,sofascore
249143,Tanaka Y.,tanaka-yuta,sofascore
240414,Kulakceken S.,kulakceken-simay,sofascore
249146,Yovkova M.,yovkova-maria,sofascore
249147,Yepifantseva A.,yepifantseva-anastasiya,sofascore
249149,Vakhliayeva K.,vakhliayeva-kastiaryna,sofascore
249148,Saritapirak M.,saritapirak-monapsorn,sofascore
249144,Prykhodko Y.,prykhodko-yaroslava,sofascore
249145,Kunats M.,kunats-maya,sofascore
249156,Artemenko N.,artemenko-nikita,sofascore
240443,Vedriel C.,vedriel-carlos,sofascore
249157,Voitsekhau T.,voitsekhau-tsimur,sofascore
249158,Kuchuk A.,kuchuk-aleksandr,sofascore
249159,Ulucak B.,ulucak-batuhan,sofascore
249160,Belov T.,belov-timur,sofascore
249161,Artur Grela,grela-artur,sofascore
249162,Onishi N.,onishi-naoya,sofascore
249164,Kortchinski I.,kortchinski-ilia,sofascore
249165,Tymofieiev O.,tymofieiev-oleksandr,sofascore
249163,Gandhi S.,gandhi-sarthak,sofascore
240442,Bertrand I.,bertrand-irvin,sofascore
249168,Lushnikov V.,lushnikov-volodymyr,sofascore
249169,Leshchanka D.,leshchanka-daniil,sofascore
249198,Gunduz I.,gunduz-ibrahim,sofascore
249199,Nalepa K.,nalepa-kamil,sofascore
126104,Gasnier L.,gasnier-laura,sofascore
249197,Bogdanova N.,bogdanova-nadezhda,sofascore
249167,Lazarkova V.,lazarkova-volha,sofascore
249166,Ozkaya G.,ozkaya-gul-pembe,sofascore
249200,Diaz M.,diaz-melanie,sofascore
249201,Kolish A.,kolish-anastasia,sofascore
249202,Kazantseva K.,kazantseva-kristina,sofascore
249209,Ahmadian A.,ahmadian-amin,sofascore
240417,Pieraert V.,pieraert-valentin,sofascore
249210,Fedotov P.,fedotov-petr,sofascore
249211,Sinkevych B.,sinkevych-bohdan,sofascore
249365,Nikulin I.,nikulin-ivan,sofascore
249417,Nagao T.,nagao-takako,sofascore
241117,Mikutis T.,mikutis-tomas,sofascore
249366,Barabanov K / Platonov P,barabanov-k-platonov-p,sofascore
249367,Gunduz I / Yigenler A,gunduz-i-yigenler-a,sofascore
249418,Chasselin P / Takahashi B,chasselin-p-takahashi-b,sofascore
249413,Brateyko S \ Perebeinos V,brateyko-s-perebeinos-v,sofascore
249414,Nikitchanka A / Patseyeva H,nikitchanka-a-patseyeva-h,sofascore
249412,Mikutis T / Udra A,mikutis-t-udra-a,sofascore
249415,Martinko J / Polansky T,martinko-j-polansky-t,sofascore
249416,Badowski M / Zatowka P,badowski-m-zatowka-p,sofascore
250681,Chen C.,chen-chun-hsiang,sofascore
250673,Pankhaoyoy S.,pankhaoyoy-supakron,sofascore
250682,Hsin Yang LI.,li-hsin-yang,sofascore
250676,Sangpao K.,sangpao-komgrit,sofascore
250683,Passara P.,passara-pattaratorn,sofascore
250679,Wang T.,wang-tai-wei,sofascore
250674,Zhao A.,zhao-anthony,sofascore
250675,Wong C.,wong-chun-cheun,sofascore
250678,Verakultawan P.,verakultawan-purit,sofascore
250677,Wongsiri N.,wongsiri-nikom,sofascore
250680,Chou T.,chou-te-hao,sofascore
250686,Poungsri C.,poungsri-cathareeya,sofascore
209550,Huang Y.,huang-yu-chiao,sofascore
250684,Zhang W.,zhang-wanling,sofascore
250685,Hoarakkit P.,hoarakkit-papatchaya,sofascore
250687,Tan E.,tan-en-hui,sofascore
250688,Kim S.,kim-seoyeon,sofascore
250689,Sahasrabudhe P.,sahasrabudhe-pooja,sofascore
250690,Huang Y.,huang-yu-wen,sofascore
250691,Ying HO.,ho-ying,sofascore
250692,Chen T.,chen-ting-ting,sofascore
240408,Wong C.,wong-chin-yau,sofascore
250702,Kakitsuka M.,kakitsuka-masato,sofascore
250703,Chin M.,chin-mao-cheng,sofascore
250700,Tan L.,tan-lucas,sofascore
250704,Chung Wen HU.,hu-chung-wen,sofascore
250707,Dhooria R / Zhao A,dhooria-r-zhao-a,sofascore
250708,LOY M H D / Tan L,loy-m-h-d-tan-l,sofascore
250705,Memmi D / Rumgay G,memmi-d-rumgay-g,sofascore
250706,Pankhaoyoy S / Verakultawan P,pankhaoyoy-s-verakultawan-p,sofascore
250711,KIM S / Lee Y,kim-s-lee-y,sofascore
250712,LEE K Y / Wong C Y,lee-k-y-wong-c-y,sofascore
250713,Mukherjee A / Patkar M,mukherjee-a-patkar-m,sofascore
250714,NG S K / Ting H P,ng-s-k-ting-h-p,sofascore
250701,Rumgay G.,rumgay-gavin,sofascore
250709,Lee Y.,lee-yujin,sofascore
250710,Paranang O.,paranang-orawan,sofascore
250821,Passara P / Sangpao K,passara-p-sangpao-k,sofascore
250822,GAO N / Pang X J,gao-n-pang-x-j,sofascore
250833,Desai H / Shetty S,desai-h-shetty-s,sofascore
250831,Matsudaira K / Ueda J,matsudaira-k-ueda-j,sofascore
250832,Kang D / Park J,kang-d-park-j,sofascore
250823,Huang Y-W / Lin P-H,huang-y-w-lin-p-h,sofascore
250824,Poungsri C / Sawettabut J,poungsri-c-sawettabut-j,sofascore
250825,Paranang O / Sawettabut S,paranang-o-sawettabut-s,sofascore
250834,Huang Y C / Wang Y J,huang-y-c-wang-y-j,sofascore
250835,DOO H K / Mak T W,doo-h-k-mak-t-w,sofascore
250820,Memmi D.,memmi-daniel,sofascore
250872,SUN C-H / Wang T-W,sun-c-h-wang-t-w,sofascore
250830,Robinson A.,robinson-ashley,sofascore
251310,Gilabert R.,gilabert-rodrigo,sofascore
251692,Fang B / Wang M,fang-b-wang-m,sofascore
251693,POH S F E / Wong X R,poh-s-f-e-wong-x-r,sofascore
251658,Albalooshi A / Abdulla M,albalooshi-a-abdulla-m,sofascore
251659,Chinbat E / Batkhishig B,chinbat-e-batkhishig-b,sofascore
251660,Salameh M / Khader K,salameh-m-khader-k,sofascore
251661,Ahmed M / Naseem M,ahmed-m-naseem-m,sofascore
251665,Nyyazgylyjova O.,nyyazgylyjova-oguljennet,sofascore
251668,Plotko M.,plotko-mariya,sofascore
251733,Choe H H / Kim S I,choe-h-h-kim-s-i,sofascore
251723,MAI H M T / Nguyen T N,mai-h-m-t-nguyen-t-n,sofascore
251720,Khalikova K / Madaliena S,khalikova-k-madaliena-s,sofascore
251737,NG S K / Chang L S A,ng-s-k-chang-l-s-a,sofascore
251750,Morizono M / Ito M,morizono-m-ito-m,sofascore
251691,Zhou Y / Chen X,zhou-y-chen-x,sofascore
251751,Tazoe K / Maeda M,tazoe-k-maeda-m,sofascore
251708,Pang X.,pang-xue-jie,sofascore
251707,Sarhan Z.,sarhan-zubair,sofascore
251747,Khader K.,khader-khaled,sofascore
251738,Sultonov I.,sultonov-islombek,sofascore
251739,Jargalsaikhan M.,jargalsaikhan-munkhzorig,sofascore
251709,Harb A.,harb-ahmad,sofascore
251710,Wang C.,wang-chun,sofascore
251711,Cheong C.,cheong-chi-chon,sofascore
251712,Dinh Q.,dinh-quang-linh,sofascore
251715,Chang H.,chang-hoi-wa,sofascore
251713,Santoso F.,santoso-ficky,sofascore
251714,AL Qarani S.,al-qarani-said,sofascore
251727,Fan Z / Lin G,fan-z-lin-g,sofascore
251729,Leong C F / Haiqal M A,leong-c-f-haiqal-m-a,sofascore
251730,Doan B T A / Nguyen D T,doan-b-t-a-nguyen-d-t,sofascore
251731,Teshaboev K / Sultonov I,teshaboev-k-sultonov-i,sofascore
251666,Madalieva S.,madalieva-sugdiyona,sofascore
251734,Oktariyani N.,oktariyani-novita,sofascore
251735,Nguyen T.,nguyen-thi-viet-linh,sofascore
251677,Indriani L.,indriani-lilis,sofascore
251736,Jamalifar F.,jamalifar-fatemeh,sofascore
251674,CHA Hyo S.,cha-hyo-sim,sofascore
251765,KIM K / Suh H,kim-k-suh-h,sofascore
158544,Chen K / Wang M,chen-k-wang-m,sofascore
251766,LEE Z / Yang H,lee-z-yang-h,sofascore
251767,RI H S / RI M G,ri-h-s-ri-m-g,sofascore
251768,Hayata H / Ito M,hayata-h-ito-m,sofascore
251753,Jayasingha N.,jayasingha-nirmala,sofascore
251755,Rameez M.,rameez-muhammad,sofascore
251754,Negara M.,negara-muhammad,sofascore
251764,Chen C A / Liao C T,chen-c-a-liao-c-t,sofascore
251695,Martinez G.,martinez-guillermo,sofascore
251994,Woo H.,woo-hyeonggyu,sofascore
251995,Kim W.,kim-woojin,sofascore
251996,Koriyama H.,koriyama-hokuto,sofascore
251992,Igarashi F.,igarashi-fumiya,sofascore
251999,Ando M.,ando-minami,sofascore
252000,Lee D.,lee-daeun,sofascore
251991,Hwang M.,hwang-min,sofascore
251993,Kang J.,kang-jinho,sofascore
251998,Choi H.,choi-haeeun,sofascore
251997,Soyeon AN.,an-soyeon,sofascore
252112,Hung T H / Yang H W,hung-t-h-yang-h-w,sofascore
252113,Shin Yubin,shin-yubin,sofascore
251988,Choi H / Lee Z,choi-h-lee-z,sofascore
251989,Huang Y-W / Wang Y-J,huang-y-w-wang-y-j,sofascore
251990,Jung Y / Lee E,jung-y-lee-e,sofascore
252143,Narumoto A.,narumoto-ayami,sofascore
252149,Lee E.,lee-eunhye,sofascore
251984,Kizukuri Y / Takami M,kizukuri-y-takami-m,sofascore
251985,Ionescu O / Kallberg A,ionescu-o-kallberg-a,sofascore
131682,Kim M / Seo H,kim-m-seo-h,sofascore
251987,Liao C-T / Wang T-W,liao-c-t-wang-t-w,sofascore
251986,Pletea C / Szocs H,pletea-c-szocs-h,sofascore
252240,Knyszewska P.,knyszewska-paulina,sofascore
252241,Olendzka A.,olendzka-aneta,sofascore
252351,Dziadkowiec M.,dziadkowiec-martyna,sofascore
252531,Chobeau C.,chobeau-clement,sofascore
252532,Park G.,park-gyeongtae,sofascore
240436,Jarvis T.,jarvis-tom,sofascore
252533,GRM Urbancic C.,grm-urbancic-crt,sofascore
252534,Hodaei A.,hodaei-amir-hossein,sofascore
252535,Matias F.,matias-francisco,sofascore
240439,Seyfried J.,seyfried-joe,sofascore
252536,Paulin E.,paulin-erik,sofascore
252527,Chen A.,chen-alexander,sofascore
252528,Kodjabashev D.,kodjabashev-denislav,sofascore
252529,Sfiligoj T.,sfiligoj-tom,sofascore
252539,Degraef M.,degraef-margo,sofascore
252537,Opeka L.,opeka-lara,sofascore
252538,Hartbrich L.,hartbrich-leonie,sofascore
252540,Lam Y.,lam-yee-lok,sofascore
252628,Schaible R.,schaible-rene,sofascore
252629,Bayona L.,bayona-lucas,sofascore
252626,Torino R.,torino-rafael,sofascore
252627,Moya M.,moya-manuel,sofascore
252631,Fernandez M.,fernandez-marcelo,sofascore
252630,Floritz P.,floritz-philipp,sofascore
252625,Campusano G.,campusano-guillermo,sofascore
237286,Rodriguez A.,rodriguez-alejandro,sofascore
252632,Ushisima G.,ushisima-gustavo,sofascore
252633,Garcia R.,garcia-rodrigo,sofascore
252634,Albornoz F.,albornoz-fabian,sofascore
252635,Paredes J.,paredes-jorge,sofascore
252636,Sepulveda D.,sepulveda-diego,sofascore
252639,Flores J.,flores-jerusalen,sofascore
252640,Saavedra A.,saavedra-antonia,sofascore
252637,Montecino M.,montecino-macarena,sofascore
252638,Diaz E.,diaz-eymmy,sofascore
252643,Cardenas C.,cardenas-carolina,sofascore
252644,Rios N.,rios-natasha,sofascore
252641,Infante C.,infante-claudia,sofascore
252642,Ramos N.,ramos-natalie,sofascore
252646,Meneses C.,meneses-cristal,sofascore
252647,Rios V.,rios-valentina,sofascore
252543,Kolodziejczyk M.,kolodziejczyk-maciej,sofascore
252607,Hajiei A.,hajiei-arman,sofascore
252547,Reitspies D.,reitspies-david,sofascore
252609,Hribar P.,hribar-peter,sofascore
252608,Kim D.,kim-doyub,sofascore
252542,Zovko V.,zovko-vjekoslav,sofascore
252544,Majstorovic I.,majstorovic-ilija,sofascore
252545,Vannucci M.,vannucci-marco,sofascore
252546,Olave A.,olave-alfonso,sofascore
252548,Kovacs S.,kovacs-sebestyen,sofascore
252602,Nadjnemedi V.,nadjnemedi-valentin,sofascore
252603,Cipin F.,cipin-filip,sofascore
252604,Klein D.,klein-dennis,sofascore
240412,Lung L.,lung-lisa,sofascore
252549,Lucie Gauthier,lucie-gauthier,sofascore
252550,Truksova L.,truksova-lucia,sofascore
252552,Mavri G.,mavri-gaja,sofascore
252551,Strazar K.,strazar-katarina,sofascore
252553,Vovk A.,vovk-aleksandra,sofascore
252554,Reust C.,reust-celine,sofascore
252657,Fierro D.,fierro-denys,sofascore
252696,Daher J.,daher-juan,sofascore
252658,Alvarado F.,alvarado-francisco,sofascore
252659,Sanchi T.,sanchi-tomas,sofascore
252660,Paredes J.,paredes-jeremias,sofascore
252623,Alto L.,alto-luciano,sofascore
252624,Lara E.,lara-emanuel,sofascore
252661,Molero C.,molero-candela,sofascore
252662,Perdomo M.,perdomo-maria,sofascore
252663,Loyola C.,loyola-constanza,sofascore
252698,Dang Qiu,qiu-dang,sofascore
252612,Ionescu O / Sipos R,ionescu-o-sipos-r,sofascore
252613,Cnudde F / Darcis T,cnudde-f-darcis-t,sofascore
252610,Lushnikov V / Sinkevych B,lushnikov-v-sinkevych-b,sofascore
252611,Allegro M / Lambiet F,allegro-m-lambiet-f,sofascore
252616,Hajiei A / Miralmasi A,hajiei-a-miralmasi-a,sofascore
252617,Franco C / Vilchez M,franco-c-vilchez-m,sofascore
252614,Manole A / Spelbus A,manole-a-spelbus-a,sofascore
252615,Mcbeath D / Walker S,mcbeath-d-walker-s,sofascore
252685,Choi W J / Lee J W,choi-w-j-lee-j-w,sofascore
252686,Landrieu A / Seyfried J,landrieu-a-seyfried-j,sofascore
252687,Ghosh A / Shetty S,ghosh-a-shetty-s,sofascore
252694,Karaksevic A / Peto Z,karaksevic-a-peto-z,sofascore
252695,Lundqvist J / Persson J,lundqvist-j-persson-j,sofascore
252692,Matsuyama Y / Yoshimura K,matsuyama-y-yoshimura-k,sofascore
252693,Lind A / Valuch A,lind-a-valuch-a,sofascore
252678,Fucec L.,fucec-luka,sofascore
252619,Kang D / Shin Y,kang-d-shin-y,sofascore
252620,LOW K / Ortega D,low-k-ortega-d,sofascore
240459,Lupulesku I / Surjan S,lupulesku-i-surjan-s,sofascore
252618,Guseva E / Malanina M,guseva-e-malanina-m,sofascore
252681,Degraef M / Marchetti N,degraef-m-marchetti-n,sofascore
252682,Tomanovska K / Vacenovska I,tomanovska-k-vacenovska-i,sofascore
252621,LIU J / Migot M,liu-j-migot-m,sofascore
252683,Polcanova S / Zhang M,polcanova-s-zhang-m,sofascore
252690,LAM Y L / Liu Q,lam-y-l-liu-q,sofascore
252691,Durak M / Jeger M,durak-m-jeger-m,sofascore
252689,Maksuti A / Truzsinszki V,maksuti-a-truzsinszki-v,sofascore
231501,Wan Y.,wan-yuan,sofascore
252699,Miyuu Kihara,kihara-miyuu,sofascore
252703,Gomez G.,gomez-gustavo,sofascore
252704,Sepulveda G.,sepulveda-gustavo,sofascore
252705,Coydan V / Sepulveda G,coydan-v-sepulveda-g,sofascore
252706,Daher J / Sanchi F,daher-j-sanchi-f,sofascore
252707,Moya M / Rodriguez A,moya-m-rodriguez-a,sofascore
252708,Schaible R / Ushisima G,schaible-r-ushisima-g,sofascore
252733,Floritz P / Szocs H,floritz-p-szocs-h,sofascore
252734,Gomez G / Lamadrid J,gomez-g-lamadrid-j,sofascore
252732,Galvano N /tabachnik P,galvano-n-tabachnik-p,sofascore
252711,Infante C / Montecino M,infante-c-montecino-m,sofascore
252712,Codina A / Molero C,codina-a-molero-c,sofascore
252709,Meneses C / Rios V,meneses-c-rios-v,sofascore
252710,Medina P / Perdomo M,medina-p-perdomo-m,sofascore
252768,Alto G / Cifuentes H,alto-g-cifuentes-h,sofascore
252767,Anthony A / Ghosh S,anthony-a-ghosh-s,sofascore
252763,Ruiz M.,ruiz-mariam,sofascore
252764,Guessi G.,guessi-giovanna,sofascore
252769,Codina A.,codina-ana,sofascore
252645,Iwasa A.,iwasa-agustina,sofascore
252765,Morales J / Vega P,morales-j-vega-p,sofascore
252766,Iwasa A / Kumahara L,iwasa-a-kumahara-l,sofascore
252761,Samara E / Strbikova R,samara-e-strbikova-r,sofascore
252782,Choi W / Lee J,choi-w-lee-j,sofascore
252957,Mijatovic D.,mijatovic-daniel,sofascore
240428,Mutti M.,mutti-matteo,sofascore
252955,Simovic M.,simovic-miho,sofascore
252956,Zeljko I.,zeljko-ivan,sofascore
240402,Mischek K.,mischek-karoline,sofascore
251678,Khalikova K.,khalikova-kamila,sofascore
252977,Ban I.,ban-ivor,sofascore
240419,Amato A.,amato-antonino,sofascore
252606,Mabey S.,mabey-samuel,sofascore
252958,Scholz V.,scholz-vivien,sofascore
253103,Costa M.,costa-mario,sofascore
253101,Fogaca L.,fogaca-leonardo,sofascore
253102,Barreto I.,barreto-israel,sofascore
253104,Pradella T.,pradella-thiago,sofascore
253116,Ishida C.,ishida-carlos,sofascore
253117,Narita H.,narita-henrique,sofascore
253118,Tomoike E.,tomoike-eduardo,sofascore
253119,Bernales M.,bernales-mauricio,sofascore
253105,Kohatsu M.,kohatsu-massao,sofascore
253106,Zauli I.,zauli-isaac,sofascore
253107,Santos V.,santos-vitor,sofascore
253112,Ucima V.,ucima-vitoria,sofascore
253110,Takahashi G.,takahashi-giulia,sofascore
253111,Yano D.,yano-daniela,sofascore
253109,Kodama F.,kodama-fernanda,sofascore
253115,Fukase T.,fukase-tamyres,sofascore
253113,Kimoto B.,kimoto-beatriz,sofascore
253114,Morales J.,morales-judith,sofascore
253120,Marques A.,marques-amanda,sofascore
253121,Amaral B.,amaral-brenda,sofascore
253197,Durak M.,durak-mirela,sofascore
252980,Lehmann M / Medjugorac M,lehmann-m-medjugorac-m,sofascore
252981,Obeslo M / Sirucek P,obeslo-m-sirucek-p,sofascore
252982,Zeljko I / Zovko V,zeljko-i-zovko-v,sofascore
252983,Le T H L / Piccolin G,le-t-h-l-piccolin-g,sofascore
252984,MEN S / Van Duin R,men-s-van-duin-r,sofascore
253169,De Nutte S / Moret R,de-nutte-s-moret-r,sofascore
249478,Farladanska G / Vasylieva I,farladanska-g-vasylieva-i,sofascore
253173,Ambrus K / Migot M,ambrus-k-migot-m,sofascore
253157,Arasaki F.,arasaki-fabio,sofascore
253160,Manhani H.,manhani-humberto,sofascore
253161,Rosenberg R.,rosenberg-rafael,sofascore
253162,Kodama G.,kodama-gustavo,sofascore
253163,Almeida S.,almeida-siddharta,sofascore
253165,Anjos L.,anjos-luiz,sofascore
253166,Bignardi S.,bignardi-sergio,sofascore
253164,Guilherme Teodoro,teodoro-guilherme,sofascore
253167,Katsumata L.,katsumata-luana,sofascore
253108,Lima L.,lima-livia,sofascore
231517,Kanamitsu K.,kanamitsu-koyo,sofascore
253198,Kolarek T / Simovic M,kolarek-t-simovic-m,sofascore
253235,Baum P / Keinath T,baum-p-keinath-t,sofascore
253236,Teodoro G / Torino R,teodoro-g-torino-r,sofascore
253240,Kimoto B / Lima L,kimoto-b-lima-l,sofascore
253238,Szocs B / Zarif A,szocs-b-zarif-a,sofascore
253239,Kodama F / Takahashi G,kodama-f-takahashi-g,sofascore
253287,Jouti E / Matsumoto C,jouti-e-matsumoto-c,sofascore
253333,GUI L / Takahashi B,gui-l-takahashi-b,sofascore
253332,Kohatsu M / Kumahara L,kohatsu-m-kumahara-l,sofascore
253803,Moregard M.,moregard-malte,sofascore
254885,Ursu V.,ursu-vladislav,sofascore
254886,Lockward M.,lockward-mariano,sofascore
241114,Naumi A.,naumi-alex,sofascore
254921,Bajada D.,bajada-daniel,sofascore
254919,Riofrio Emiliano,riofrio-emiliano,sofascore
254920,O'Connell D.,oconnell-daniel,sofascore
254922,Mccreery P.,mccreery-paul,sofascore
254923,Mosangsinh S.,mosangsinh-sonpasith,sofascore
254924,Radulovic F.,radulovic-filip,sofascore
252530,Stankevicius M.,stankevicius-medardas,sofascore
254889,Kelbuganov T.,kelbuganov-timur,sofascore
254887,Zholudev D.,zholudev-denis,sofascore
254888,Teshaboev K.,teshaboev-kutbidillo,sofascore
24900,St Louis D.,st-louis-dexter,sofascore
254929,Allahverdiyev V.,allahverdiyev-vazir,sofascore
241115,Udra A.,udra-alfredas,sofascore
254928,Riniotis A.,riniotis-anastasios,sofascore
254877,Gunduz I / Yilmaz O,gunduz-i-yilmaz-o,sofascore
254878,Medjugorac M / Cote A,medjugorac-m-cote-a,sofascore
254913,Karali N / Laid I,karali-n-laid-i,sofascore
254914,Rasmussen T / Christensen S,rasmussen-t-christensen-s,sofascore
254879,Sereda P / Jurkova E,sereda-p-jurkova-e,sofascore
254880,Ursu V / Brinza N,ursu-v-brinza-n,sofascore
254911,Villa R / Blanqueto G,villa-r-blanqueto-g,sofascore
254912,Kojic F / Durak M,kojic-f-durak-m,sofascore
254881,Belrose O / Le Caill T,belrose-o-le-caill-t,sofascore
254882,BEN Yahia K / Garci F,ben-yahia-k-garci-f,sofascore
254917,Gothe S / Nembang S,gothe-s-nembang-s,sofascore
254918,ST Louis D / Chung R,st-louis-d-chung-r,sofascore
254915,Kelbuganov T / Akasheva Z,kelbuganov-t-akasheva-z,sofascore
254916,Hamie M / Azar T,hamie-m-azar-t,sofascore
254883,Mora Y / Rodriguez L,mora-y-rodriguez-l,sofascore
254884,Gonzales R / Lariba I,gonzales-r-lariba-i,sofascore
254965,Abdulla S.,abdulla-shouq,sofascore
254900,Martins C.,martins-catia,sofascore
254966,Al-Makki S.,al-makki-shahd,sofascore
254901,Lavrova A.,lavrova-anastassiya,sofascore
254967,Lui B.,lui-brenda,sofascore
254930,Cervantes A.,cervantes-alejandra,sofascore
254931,Machinena D.,machinena-dulce,sofascore
255127,Kartuzovs O / Reinholds A,kartuzovs-o-reinholds-a,sofascore
255123,Chang H W / Cheong C C,chang-h-w-cheong-c-c,sofascore
255124,Karali N / Kherouf S,karali-n-kherouf-s,sofascore
255125,Avi-Tal O / Cortez L,avi-tal-o-cortez-l,sofascore
255126,Negara M / Santoso F,negara-m-santoso-f,sofascore
254895,Martinez L.,martinez-livan,sofascore
254894,Doufesh H.,doufesh-husam,sofascore
254896,Gonzalez D.,gonzalez-daniel,sofascore
254897,Gothe S.,gothe-shiva,sofascore
254926,Pino J.,pino-jonathan,sofascore
254927,Gutierrez A.,gutierrez-allan,sofascore
254899,Villa R.,villa-ricardo,sofascore
251670,Batbayar D.,batbayar-doljinzuu,sofascore
251671,Dwijayanti G.,dwijayanti-gustin,sofascore
254904,Jibric E.,jibric-ecaterina,sofascore
254903,Adamkova Karin,adamkova-karin,sofascore
254909,Kallberg C.,kallberg-christina,sofascore
254910,Petrova V.,petrova-valeria,sofascore
254902,Givan A.,givan-ashley,sofascore
240395,Yeung J.,yeung-justina,sofascore
254892,ALI K / Kouadjo Y E,ali-k-kouadjo-y-e,sofascore
254893,Lorenzotti G / Mora Y,lorenzotti-g-mora-y,sofascore
254907,Bhagwani D / Wahid H,bhagwani-d-wahid-h,sofascore
254908,Elia I / Savva C,elia-i-savva-c,sofascore
254905,Hazin J / HO B,hazin-j-ho-b,sofascore
254906,Riniotis A / Sgouropoulos I,riniotis-a-sgouropoulos-i,sofascore
254890,Rumgay G / Weber L,rumgay-g-weber-l,sofascore
254891,Kola A / Tapia D,kola-a-tapia-d,sofascore
255196,Christoforaki M / Toliou A,christoforaki-m-toliou-a,sofascore
255197,Andrade R / Fins R,andrade-r-fins-r,sofascore
255198,Chen X / Deng S,chen-x-deng-s,sofascore
255195,Durdyyeva M / Nyyazgylyjova O,durdyyeva-m-nyyazgylyjova-o,sofascore
195099,Laid I / Loghraibi L,laid-i-loghraibi-l,sofascore
255199,Fajmut M / Tofant A,fajmut-m-tofant-a,sofascore
255200,Avameri A / Mischek K,avameri-a-mischek-k,sofascore
255298,Helmy Y.,helmy-yousra,sofascore
255292,Hyon Sim Ri.,ri-hyon-sim,sofascore
255297,Kukulkova T.,kukulkova-tatiana,sofascore
255299,Low K.,low-katherine,sofascore
255291,Mai H.,mai-hoang-my-trang,sofascore
241120,Chasselin P.,chasselin-pauline,sofascore
240399,Wang C.,wang-crystal,sofascore
255296,Avameri A.,avameri-airi,sofascore
255293,Gufranova R.,gufranova-rimma,sofascore
255294,Zhou C.,zhou-chuyi,sofascore
238228,Vermaas K.,vermaas-kim,sofascore
255295,Ashtariahs M.,ashtariahs-mahshid,sofascore
255135,Alto G / Codina A,alto-g-codina-a,sofascore
194743,Kherouf S / Loghraibi L,kherouf-s-loghraibi-l,sofascore
251690,Choe I / RI M G,choe-i-ri-m-g,sofascore
255138,Afanador B / Diaz A,afanador-b-diaz-a,sofascore
255062,Nuytinck C / Lung L,nuytinck-c-lung-l,sofascore
255233,Fang B / Solja P,fang-b-solja-p,sofascore
255234,Chodri K / Zhang L,chodri-k-zhang-l,sofascore
255066,Flore T / Gasnier L,flore-t-gasnier-l,sofascore
255067,Jang W / Lee Z,jang-w-lee-z,sofascore
255065,Olah B / Eerland B,olah-b-eerland-b,sofascore
255136,Ho K K / Lee H C,ho-k-k-lee-h-c,sofascore
255137,Devos R / Degraef M,devos-r-degraef-m,sofascore
194748,Khanin A / Trigolos D,khanin-a-trigolos-d,sofascore
255055,LEE S / Yang H,lee-s-yang-h,sofascore
255056,Sanchi F / Molero C,sanchi-f-molero-c,sofascore
255060,Lamadrid J / Vega P,lamadrid-j-vega-p,sofascore
255061,Ishiy V / Kumahara L,ishiy-v-kumahara-l,sofascore
255064,Gomez G / Morales J,gomez-g-morales-j,sofascore
255058,Nagy K / Pergel S,nagy-k-pergel-s,sofascore
255059,Townsend K / Tan S,townsend-k-tan-s,sofascore
194769,O Connell D / Carey C,o-connell-d-carey-c,sofascore
255236,Pang X J / YU M,pang-x-j-yu-m,sofascore
194751,Leong C F / HO Y,leong-c-f-ho-y,sofascore
251694,Passara P / Komwong N,passara-p-komwong-n,sofascore
255057,Jouti E / Gui L,jouti-e-gui-l,sofascore
255063,El-Beiali M / Helmy Y,el-beiali-m-helmy-y,sofascore
255235,PAK S H / RI H S,pak-s-h-ri-h-s,sofascore
194700,Aruna Q / Edem O,aruna-q-edem-o,sofascore
255240,Ecseki N / Madarasz D,ecseki-n-madarasz-d,sofascore
194708,Assar O / Meshref D,assar-o-meshref-d,sofascore
255249,Gnanasekaran S / Batra M,gnanasekaran-s-batra-m,sofascore
255247,Groth J / Feng Y,groth-j-feng-y,sofascore
255242,Desai H / Patkar M,desai-h-patkar-m,sofascore
255238,Chuang C-Y / Chen S-Y,chuang-c-y-chen-s-y,sofascore
255244,Vermaas K / Gommers R,vermaas-k-gommers-r,sofascore
255246,Chen C A / Cheng I C,chen-c-a-cheng-i-c,sofascore
255317,Aruna Q / Toriola S,aruna-q-toriola-s,sofascore
255076,Lakatos T / Nagy K,lakatos-t-nagy-k,sofascore
255073,Assar O / El-Beiali M,assar-o-el-beiali-m,sofascore
255070,Madrid M / Villa R,madrid-m-villa-r,sofascore
255316,Ben Ari O / Simon M,ben-ari-o-simon-m,sofascore
255077,Aguirre M / Toranzos A,aguirre-m-toranzos-a,sofascore
255074,Kojic F / Pucar T,kojic-f-pucar-t,sofascore
255072,Gauzy S / Robinot Q,gauzy-s-robinot-q,sofascore
255326,Gerassimenko K / Kou L,gerassimenko-k-kou-l,sofascore
194995,Gionis P / Papageorgiou K,gionis-p-papageorgiou-k,sofascore
255079,Jorgic D / Tokic B,jorgic-d-tokic-b,sofascore
255321,Kozul D / Zibrat J,kozul-d-zibrat-j,sofascore
255078,LIN Y J / Sun C H,lin-y-j-sun-c-h,sofascore
255068,Olah B / Robles A,olah-b-robles-a,sofascore
255069,Karakasevic A / Wang Z,karakasevic-a-wang-z,sofascore
255071,Afanador B / Gonzalez D,afanador-b-gonzalez-d,sofascore
255082,Abdel-Aziz F / Bsaibes M,abdel-aziz-f-bsaibes-m,sofascore
255090,Akpan C / Edem O,akpan-c-edem-o,sofascore
255132,Bergstrom L / Kallberg C,bergstrom-l-kallberg-c,sofascore
255272,Cheng H-T / Huang Y W,cheng-h-t-huang-y-w,sofascore
255273,Brateyko S / Motsyuk I,brateyko-s-motsyuk-i,sofascore
255087,Codina A / Kaizoji C,codina-a-kaizoji-c,sofascore
255116,Colantoni C / Vivarelli D,colantoni-c-vivarelli-d,sofascore
255269,Mittelham N / Silbereisen K,mittelham-n-silbereisen-k,sofascore
255088,Diaconu A / Szocs B,diaconu-a-szocs-b,sofascore
255089,Fukuhara P / Molero C,fukuhara-p-molero-c,sofascore
255081,Cardozo L / Nino N,cardozo-l-nino-n,sofascore
195094,Hanffou S / Oshonaike O,hanffou-s-oshonaike-o,sofascore
255091,Aschwanden R / Kumahara L,aschwanden-r-kumahara-l,sofascore
255093,Helmy Y / Meshref D,helmy-y-meshref-d,sofascore
255094,Garci F / Saidani S,garci-f-saidani-s,sofascore
255080,Khetkhuan T / Komwong N,khetkhuan-t-komwong-n,sofascore
255118,Kulakceken S / Yilmaz O,kulakceken-s-yilmaz-o,sofascore
255083,LAY J F / Tan S,lay-j-f-tan-s,sofascore
255084,Matelova H / Tomanovska K,matelova-h-tomanovska-k,sofascore
255270,WU Y / Zhang L,wu-y-zhang-l,sofascore
255085,LOW K / Vega P,low-k-vega-p,sofascore
255173,Lupulesku I / Todorovic A,lupulesku-i-todorovic-a,sofascore
255086,Adamkova K / Kukulkova T,adamkova-k-kukulkova-t,sofascore
255092,Mikhailova P / Vorobeva O,mikhailova-p-vorobeva-o,sofascore
255218,Samet M / Shahsavari N,samet-m-shahsavari-n,sofascore
255216,Ashtari M / Safari S,ashtari-m-safari-s,sofascore
255231,Colantoni C.,colantoni-chiara,sofascore
255232,Ortega D.,ortega-daniela,sofascore
255219,Galvez S / Santos E,galvez-s-santos-e,sofascore
255215,Gufranova R / Kim O,gufranova-r-kim-o,sofascore
255213,Lovet I / Rodriguez L,lovet-i-rodriguez-l,sofascore
255214,Dwijayanti G / Indriani L,dwijayanti-g-indriani-l,sofascore
255212,Gasnier L / Srebrnjak D,gasnier-l-srebrnjak-d,sofascore
255217,TAN E H / Zhang W,tan-e-h-zhang-w,sofascore
255300,Menge G.,menge-gencay,sofascore
255307,Mladenovic L.,mladenovic-luka,sofascore
255306,Glod E.,glod-eric,sofascore
255304,Yang X.,yang-xinyu,sofascore
148042,Carvalho D.,carvalho-diogo,sofascore
256488,Yoshimura K.,yoshimura-kazuhiro,sofascore
231502,Vinogradova M.,vinogradova-mariia,sofascore
256436,Yuan X.,yuan-xuejiao,sofascore
256438,Imankadyrov A.,imankadyrov-anvar,sofascore
256441,Townsend W.,townsend-wade,sofascore
256439,Schaffer D.,schaffer-daniel,sofascore
256434,Nguyen A.,nguyen-anh-tu,sofascore
256478,Townsend K.,townsend-kane,sofascore
256437,Sasao A.,sasao-asuka,sofascore
256435,Odo Satsuki,odo-satsuki,sofascore
256487,Umemura Y.,umemura-yuka,sofascore
256620,Harimoto T / Kizukuri Y,harimoto-t-kizukuri-y,sofascore
256623,Shao J / Zeng J,shao-j-zeng-j,sofascore
256621,Chen X / Sun Y,chen-x-sun-y,sofascore
256624,Hamamoto Y / Ishikawa K,hamamoto-y-ishikawa-k,sofascore
256561,Assar O / Persson J,assar-o-persson-j,sofascore
256630,Sun Yingsha,sun-yingsha,sofascore
158484,Chen K.,chen-ke,sofascore
76863,Zwickl D.,zwickl-daniel,sofascore
257123,Zhang R.,zhang-rui,sofascore
257122,Kuo C.,kuo-chia-yun,sofascore
257254,Wang X / Wang Y,wang-x-wang-y,sofascore
257416,Kim D / Park J,kim-d-park-j,sofascore
257419,Niwa K / Oshima Y,niwa-k-oshima-y,sofascore
257418,Karlsson K / Persson J,karlsson-k-persson-j,sofascore
104633,Ueda J / Yoshimura M,ueda-j-yoshimura-m,sofascore
257417,Huang C-T / Wang T-W,huang-c-t-wang-t-w,sofascore
257257,Guan A / Kuo C-Y,guan-a-kuo-c-y,sofascore
257256,LEE H / Park J,lee-h-park-j,sofascore
257258,Chen S-Y / Huang Y-W,chen-s-y-huang-y-w,sofascore
258299,Amor K.,amor-kelsey,sofascore
258295,Liang B.,liang-bob,sofascore
258320,Huang D.,huang-dominic,sofascore
258296,Shu D.,shu-dean,sofascore
258309,Carter T.,carter-trent,sofascore
258306,Cheng Z.,cheng-zhiyang,sofascore
258300,Heming HU.,hu-heming,sofascore
258301,Liu T.,liu-tengteng,sofascore
258305,Chambers D.,chambers-dillon,sofascore
258304,Littler R.,littler-richard,sofascore
258307,Lin X.,lin-xuqi,sofascore
258308,Chan S.,chan-stanley,sofascore
258315,Houghton B.,houghton-benjamin,sofascore
258294,Tsao E.,tsao-erny,sofascore
258321,Zhang S.,zhang-shaoping,sofascore
258313,Lyu Z.,lyu-zhe,sofascore
258314,Liang M.,liang-mike,sofascore
258316,Dahl O.,dahl-olav,sofascore
258311,Jiamuwa WU.,wu-jiamuwa,sofascore
258303,Tan S.,tan-sarah,sofascore
258322,Sahasrabudhe P.,sahasrabudhe-pooja,sofascore
258297,Townsend D.,townsend-danni-elle,sofascore
258323,Jee M.,jee-minhyung,sofascore
258298,Michelle Wu.,wu-michelle,sofascore
258312,Stanley R.,stanley-rebekah,sofascore
258318,Fang S.,fang-sih-han,sofascore
258319,Alexandersson M.,alexandersson-matilda,sofascore
258317,Chiu S.,chiu-ssu-hua,sofascore
266901,Cheng Z / Liu T,cheng-z-liu-t,sofascore
266902,Hu H / Yan X,hu-h-yan-x,sofascore
266904,Drinkhall P / Rumgay G,drinkhall-p-rumgay-g,sofascore
266903,Gnanasekaran S / Shetty S,gnanasekaran-s-shetty-s,sofascore
195037,Powell D / Townsend K,powell-d-townsend-k,sofascore
266906,Amor K / Shu D,amor-k-shu-d,sofascore
266908,Anthony A / Desai H,anthony-a-desai-h,sofascore
266907,Duda B / Keinath T,duda-b-keinath-t,sofascore
266905,Carter T / Townsend W,carter-t-townsend-w,sofascore
266894,Bromley M / Tapper M,bromley-m-tapper-m,sofascore
266895,Miao M / Lay J F,miao-m-lay-j-f,sofascore
266896,Mukherjee S / Sahasrabudhe P,mukherjee-s-sahasrabudhe-p,sofascore
266900,Batra M / Patkar M,batra-m-patkar-m,sofascore
266898,Chen X / Wang M,chen-x-wang-m,sofascore
266897,Carey C / Reust C,carey-c-reust-c,sofascore
266899,Peng K / Zhu F,peng-k-zhu-f,sofascore
266921,Ghosh S/ Gnanasekaran S,ghosh-s-gnanasekaran-s,sofascore
266946,TSV Bad Konigshofen,tsv-bad-konigshofen,sofascore
266932,Kolish A / Vorobeva O,kolish-a-vorobeva-o,sofascore
266933,Motsyk I / Vasylieva I,motsyk-i-vasylieva-i,sofascore
266925,Kazantseva K / Tailakova M,kazantseva-k-tailakova-m,sofascore
266926,Migot M / Todorovic A,migot-m-todorovic-a,sofascore
266930,Gu R / Zhang Z,gu-r-zhang-z,sofascore
266929,Malanina M / Mikhailova P,malanina-m-mikhailova-p,sofascore
266927,Madarasz D / Polcanova S,madarasz-d-polcanova-s,sofascore
266928,De Nutte S / Mittelham N,de-nutte-s-mittelham-n,sofascore
266934,Fang Y / Xue F,fang-y-xue-f,sofascore
266931,Xue F.,xue-fei,sofascore
240407,Yuan Y.,yuan-yuan,sofascore
266935,Calderano H / Gauzy S,calderano-h-gauzy-s,sofascore
266885,Niwa K / Ueda J,niwa-k-ueda-j,sofascore
266948,Sun C H / Yang H W,sun-c-h-yang-h-w,sofascore
266947,Lakatos T / Majoros B,lakatos-t-majoros-b,sofascore
266886,Wang Y.,wang-yidi,sofascore
266888,Kato M / Nagasaki K,kato-m-nagasaki-k,sofascore
266887,Polcanova S / Wang Y,polcanova-s-wang-y,sofascore
266890,Muhlbach H.,muhlbach-herrmann,sofascore
266891,Benito J.,benito-javier,sofascore
266892,Sklensky M.,sklensky-miroslav,sofascore
266893,Dickhardt D.,dickhardt-dennis,sofascore
267485,Sporting CP,sporting-cp,sofascore
267486,Dekorglass Działdowo,dekorglass-dzialdowo,sofascore
301543,KTS Enea Siarka Tarnobrzeg,kts-enea-siarka-tarnobrzeg,sofascore
267630,CD Sao Roque,clube-desportivo-sao-roque,sofascore
267629,Sarkuysan Spor Kulubu,sarkuysan-spor-kulubu,sofascore
267631,STK Buducnost,stk-buducnost,sofascore
267632,ADC Ponta DO Pargo,adc-ponta-do-pargo,sofascore
267633,AD Vincios Bmc,ad-vincios-bmc,sofascore
267642,TT Dinez,tt-dinez,sofascore
267641,AFP Antwerpen,afp-antwerpen,sofascore
267643,Bordtennisklubben 72,bordtennisklubben-72,sofascore
267644,Team Grace,team-grace,sofascore
267634,Kocasinan Belediyesi Spor Club,kocasinan-belediyesi-spor-club,sofascore
267635,Bursaspor,bursaspor,sofascore
267646,CTT Royal Alpa Schaerbeek Woluwe,ctt-royal-alpa-schaerbeek-woluwe,sofascore
267648,CE Msc Tennis Academy Scc,ce-msc-tennis-academy-scc,sofascore
267647,Universidad de Burgos,universidad-de-burgos,sofascore
267645,DT Roodt - Syre,dt-roodt-syre,sofascore
267637,Sarises Florinas,sarises-florinas,sofascore
267636,DT Nidderkaerjeng,dt-nidderkaerjeng,sofascore
274645,Dr. Časl,dr-casl,sofascore
267735,Seretti D.,seretti-damiano,sofascore
267736,Jimenez R.,jimenez-ricardo,sofascore
268028,Ishida C.,ishida-carlos,sofascore
268029,Kulczycki S.,kulczycki-samuel,sofascore
268030,Spanik T.,spanik-tibor,sofascore
268032,Dziadek K.,dziadek-kamil,sofascore
268031,Tsiarokhin A.,tsiarokhin-andrei,sofascore
268034,Al-Jadai N.,al-jadai-naif,sofascore
268033,Raiter Erik,raiter-erik,sofascore
268042,Grigelova N.,grigelova-natalia,sofascore
268043,Perebeinos V.,perebeinos-veronika,sofascore
268044,Gryko Kamila,gryko-kamila,sofascore
268036,Zandecki J.,zandecki-jan,sofascore
268037,Bilas A.,bilas-arthur,sofascore
268038,Berner S.,berner-sondre,sofascore
268039,Golla M.,golla-marco,sofascore
268035,Dosz A.,dosz-adam,sofascore
268040,Petas K.,petas-kacper,sofascore
268041,Putuntica A.,putuntica-andrei,sofascore
268046,Bernadet A.,bernadet-antoine,sofascore
268047,Witkowski J.,witkowski-jakub,sofascore
268049,Jean L.,jean-lauric,sofascore
268050,Dosz S.,dosz-slawomir,sofascore
268048,Chodorski P.,chodorski-piotr,sofascore
268051,Kurlenda K.,kurlenda-krzysztof,sofascore
268119,Illas E.,illas-erik,sofascore
268120,Piccolin G.,piccolin-giorgia,sofascore
268053,Mustafa H.,mustafa-huda,sofascore
268055,"Slazak,julia",slazakjulia,sofascore
268056,Erkheikki A.,erkheikki-anna-sofia,sofascore
268054,Miklaszewska M.,miklaszewska-maja,sofascore
268058,Szczuka A.,szczuka-agata,sofascore
268057,AL Wedian B.,al-wedian-bara,sofascore
268059,Bhandarkar M.,bhandarkar-mallika,sofascore
268052,Wegrzyn K.,wegrzyn-katarzyna,sofascore
268121,"Omotayo, O / Memmi D.",omotayo-o-memmi-d,sofascore
268122,"Didukh, O / Tymofieiev O.",didukh-o-tymofieiev-o,sofascore
268125,Verhunou R / Tsiarokhin A,verhunou-r-tsiarokhin-a,sofascore
268126,Kulczycki S / Kubik M,kulczycki-s-kubik-m,sofascore
240454,Ivonin D / Sidorenko V,ivonin-d-sidorenko-v,sofascore
268127,"Srebrnjak, D / Sun J.",srebrnjak-d-sun-j,sofascore
268128,Slazak J / Zakrzewska A,slazak-j-zakrzewska-a,sofascore
268123,Wegrzyn A / Wegrzyn K,wegrzyn-a-wegrzyn-k,sofascore
268124,Deshpande D / Akula S,deshpande-d-akula-s,sofascore
268156,Mosconi V / Vivarelli D,mosconi-v-vivarelli-d,sofascore
268158,Miklaszewska M / Michalak A,miklaszewska-m-michalak-a,sofascore
268159,Maeda M / Kato M,maeda-m-kato-m,sofascore
268165,DAS A / Sahasrabudhe P,das-a-sahasrabudhe-p,sofascore
268166,Laurenti J / Le T H L,laurenti-j-le-t-h-l,sofascore
268167,Mustafa H / Bergstrom L,mustafa-h-bergstrom-l,sofascore
268209,Gavlas A / Tregler T,gavlas-a-tregler-t,sofascore
268210,Nordberg H / Berglund S,nordberg-h-berglund-s,sofascore
268557,Gonzales E.,gonzales-eduardo,sofascore
268558,Santos E.,santos-emil,sofascore
268559,Savill L.,savill-luke,sofascore
268560,Posch L.,posch-lars,sofascore
269290,Joffre T.,joffre-tomas,sofascore
269479,Palkovsky D.,palkovsky-david,sofascore
269915,Arteal Tenis De Mesa,arteal-tenis-de-mesa,sofascore
268749,Sknt Luch Vladimir,sknt-luch-vladimir,sofascore
268750,Hotel Patria Chica Museo Priego Tm,hotel-patria-chica-museo-priego-tm,sofascore
269914,Arteal Tenis De Mesa,arteal-tenis-de-mesa,sofascore
269957,Malobabic I.,malobabic-ivana,sofascore
269958,Franovic K.,franovic-karla,sofascore
270071,Llorca D.,llorca-damien,sofascore
270072,Galvano N.,galvano-nicolas,sofascore
270073,Rassenfosse A.,rassenfosse-adrien,sofascore
270074,Swartenbrouck G.,swartenbrouck-gaetan,sofascore
270075,Rahmou A.,rahmou-abdelrahman,sofascore
270101,Cechova K.,cechova-katerina,sofascore
270102,Diendorfer I.,diendorfer-ines,sofascore
270119,Sun J.,sun-jiayi,sofascore
270079,Shusterman Y.,shusterman-yonatan,sofascore
270080,Hansen J.,hansen-jonathan,sofascore
270081,Boccard S.,boccard-sam,sofascore
270082,Davidov R.,davidov-ronel,sofascore
270076,Givone N.,givone-nolan,sofascore
254898,Kouadjo Y.,kouadjo-yann-emmanuel,sofascore
270083,Masip J.,masip-joan,sofascore
270077,Wahid H.,wahid-habibie,sofascore
270078,Aiyelumo O.,aiyelumo-olayinka,sofascore
270120,Medjugorac M.,medjugorac-marko,sofascore
270122,Farfel G.,farfel-gal,sofascore
256440,Zhao T.,zhao-tianming,sofascore
270121,Degros N.,degros-nicolas,sofascore
270123,Cazacu A.,cazacu-alexandru,sofascore
240429,De Nodrest L.,de-nodrest-leo,sofascore
270252,Rolland J.,rolland-jules,sofascore
270282,Mosconi V.,mosconi-veronica,sofascore
270281,Fort N.,fort-nolwenn,sofascore
270204,Bardet L.,bardet-lilian,sofascore
270098,Van Duin R.,van-duin-rianne,sofascore
270136,Mynarova K.,mynarova-karolina,sofascore
270298,Weber L.,weber-lionel,sofascore
270266,Gonzalez D / Gonzalez Y,gonzalez-d-gonzalez-y,sofascore
270267,Martinez G / Masip J,martinez-g-masip-j,sofascore
270269,Darcis T / Jean L,darcis-t-jean-l,sofascore
270270,Aiyelumo O / Nasiru K,aiyelumo-o-nasiru-k,sofascore
270268,Putuntica A / Savill L,putuntica-a-savill-l,sofascore
270301,Cazacu A / Omotayo O,cazacu-a-omotayo-o,sofascore
270300,Davidov R / Shusterman Y,davidov-r-shusterman-y,sofascore
256622,Duda B / Qiu D,duda-b-qiu-d,sofascore
194992,Aguirre M / Gilabert R,aguirre-m-gilabert-r,sofascore
270303,Togami S / Uda Y,togami-s-uda-y,sofascore
270302,Carvalho D / Zhao T,carvalho-d-zhao-t,sofascore
270317,Berglund S / Soderlund H,berglund-s-soderlund-h,sofascore
270318,Takami M / Tanaka Y,takami-m-tanaka-y,sofascore
270341,Menand R.,menand-remi,sofascore
270264,Chipia F.,chipia-frenaz,sofascore
270271,KIM E / Shin J,kim-e-shin-j,sofascore
270272,Aschwanden R / Reust C,aschwanden-r-reust-c,sofascore
270273,Van Duin R / Vermaas K,van-duin-r-vermaas-k,sofascore
270274,Chasselin P / Pfeffer L,chasselin-p-pfeffer-l,sofascore
270275,Diendorfer I / Kellermann S,diendorfer-i-kellermann-s,sofascore
270276,LEE Z / Song M,lee-z-song-m,sofascore
270309,Altinkaya S / Karova A,altinkaya-s-karova-a,sofascore
270310,Hartbrich L / Marchetti N,hartbrich-l-marchetti-n,sofascore
270307,Carey C / HO T-T,carey-c-ho-t-t,sofascore
270308,Huang Y-W / LI Y-J,huang-y-w-li-y-j,sofascore
270328,Shunsuke Togami,togami-shunsuke,sofascore
270351,Kim Y.,kim-yedam,sofascore
255274,Degraef M / Lung L,degraef-m-lung-l,sofascore
270352,Baravok K / Sikorska M,baravok-k-sikorska-m,sofascore
270382,Isamilov S / Ivonin D,isamilov-s-ivonin-d,sofascore
270383,Huang Y-C / Lin C-H,huang-y-c-lin-c-h,sofascore
103163,Feng Y.,feng-y,sofascore
240415,Wolf J.,wolf-jennie,sofascore
270901,Sun M.,sun-mingyang,sofascore
270880,Chuang C-Y / Sun C-H,chuang-c-y-sun-c-h,sofascore
270879,LAM S-H / YU Z,lam-s-h-yu-z,sofascore
270878,Klein D / Ort K,klein-d-ort-k,sofascore
158496,Ziyang Yu.,yu-ziyang,sofascore
270882,Noskova Y / Bilenko T,noskova-y-bilenko-t,sofascore
270917,Dragoman A / Samara E,dragoman-a-samara-e,sofascore
270918,GU Y / Soo W Y M,gu-y-soo-w-y-m,sofascore
270881,Mittelham N / Winter S,mittelham-n-winter-s,sofascore
270948,Kallberg A / Persson J,kallberg-a-persson-j,sofascore
270947,Liao C-T / Yang H-W,liao-c-t-yang-h-w,sofascore
104465,Liu X.,liu-xi,sofascore
270949,LI Xiaodan,li-xiaodan,sofascore
270946,Hayata H / Hirano M,hayata-h-hirano-m,sofascore
270902,LIU J / Zhang M,liu-j-zhang-m,sofascore
271556,Soderlund S.,soderlund-simon,sofascore
240423,Truls Möregårdh,moregardh-t,sofascore
240409,Holmsten E.,holmsten-ellen,sofascore
270766,Ryu H.,ryu-hanna,sofascore
271562,Kimura M.,kimura-mitsuho,sofascore
271557,Tokunaga M.,tokunaga-miko,sofascore
271616,Shevtcova A.,shevtcova-anastasiia,sofascore
271554,Diaw I.,diaw-ibrahima,sofascore
271560,Caballero C.,caballero-carlos,sofascore
271559,Stamatouros G.,stamatouros-georgios,sofascore
271555,Liu D.,liu-dingshuo,sofascore
271561,Aida S.,aida-satoshi,sofascore
271802,Bergand F / Kallberg C,bergand-f-kallberg-c,sofascore
271803,Meshref D / Vivarelli D,meshref-d-vivarelli-d,sofascore
271804,Front E / Johansson T,front-e-johansson-t,sofascore
271805,Gasnier L / Zarif A,gasnier-l-zarif-a,sofascore
271806,Sikorska M / Todorovic A,sikorska-m-todorovic-a,sofascore
271853,Mikhailova P / Pavlovich V,mikhailova-p-pavlovich-v,sofascore
271855,LEE Z / Park J,lee-z-park-j,sofascore
271852,Xiao M / Zhang M,xiao-m-zhang-m,sofascore
271807,Aruna Q / Carvalho D,aruna-q-carvalho-d,sofascore
271808,Jarvis T / Mcbeath D,jarvis-t-mcbeath-d,sofascore
271810,Kopanyi T / Peter I,kopanyi-t-peter-i,sofascore
271809,Jorgic D / Pucar T,jorgic-d-pucar-t,sofascore
271813,Kosiba D / Schaffer D,kosiba-d-schaffer-d,sofascore
271812,Chen A / Pfeffer S,chen-a-pfeffer-s,sofascore
271811,Martinez G / Vilchez M,martinez-g-vilchez-m,sofascore
194721,Gerassimenko K / Lavrova A,gerassimenko-k-lavrova-a,sofascore
271856,SUN C H / Chuang C Y,sun-c-h-chuang-c-y,sofascore
271862,Khetkhuan T / Komwong N,khetkhuan-t-komwong-n,sofascore
271860,Jeong S / Park G,jeong-s-park-g,sofascore
271858,Jang W / Jeoung Y,jang-w-jeoung-y,sofascore
271861,Platonov P / Skachkov K,platonov-p-skachkov-k,sofascore
271923,Magyar L.,magyar-laszlo,sofascore
271948,Tolosa S.,tolosa-santiago,sofascore
272318,Caymel C.,caymel-claudia,sofascore
272317,Tsaptsinos M.,tsaptsinos-maria,sofascore
272314,Palacios D.,palacios-daniel,sofascore
272315,Casares R.,casares-rafael,sofascore
272319,Kim D.,kim-danbi,sofascore
272311,Palacios D.,palacios-daniel,sofascore
182767,Murzin V.,murzin-vitalii,sofascore
272313,Pradelle Q.,pradelle-quentin,sofascore
272312,Villanueva N.,villanueva-nelson,sofascore
272325,Meshref A.,meshref-ahmed,sofascore
272326,Diez E.,diez-endika,sofascore
272316,Soria J.,soria-javier,sofascore
272324,Kotcyur V.,kotcyur-valeria,sofascore
272327,Valenzuela D.,valenzuela-david,sofascore
272418,Bouloussa M / Lavergne P,bouloussa-m-lavergne-p,sofascore
272419,Baciocchi A / Piccolin J,baciocchi-a-piccolin-j,sofascore
272420,Glod E / Zholudev D,glod-e-zholudev-d,sofascore
272421,Caballero C / Casares R,caballero-c-casares-r,sofascore
272439,Cifuentes H / Galvano N,cifuentes-h-galvano-n,sofascore
272440,Klein D / Polansky T,klein-d-polansky-t,sofascore
272438,Iwakoshi H.,iwakoshi-honoka,sofascore
272422,Erkheikki A-S / Kirichenko A,erkheikki-a-s-kirichenko-a,sofascore
272423,Ermakova I / Kotcyur V,ermakova-i-kotcyur-v,sofascore
272424,Le Fevre K / Sibley K,le-fevre-k-sibley-k,sofascore
272425,Bonilla R / Caymal C,bonilla-r-caymal-c,sofascore
272446,Loeuillette S / Guisnel O,loeuillette-s-guisnel-o,sofascore
274276,Hontianske Trstany/Dudince,hontianske-trstanydudince,sofascore
274281,Etival Clairefontaine ASRTT,etival-clairefontaine-asrtt,sofascore
274283,TTC Villach,ttc-villach,sofascore
272522,Takeuchi K.,takeuchi-kana,sofascore
272458,Baltushite M.,baltushite-marharyta,sofascore
240368,Garcia A / Zhang X,garcia-a-zhang-x,sofascore
272459,Baltushite M / Bogdanova N,baltushite-m-bogdanova-n,sofascore
272460,ODO S / Soma Y,odo-s-soma-y,sofascore
274278,Drumchapel Glasgow,drumchapel-glasgow,sofascore
274280,TMK Tagmet-Taganrog,tmk-tagmet-taganrog,sofascore
274279,Girbau Vic TT,girbau-vic-tt,sofascore
272521,CHO S / Park G,cho-s-park-g,sofascore
274277,Ping Pong Club Villeneuvois,ping-pong-club-villeneuvois,sofascore
272620,Shah M.,shah-manush-utpalbhai,sofascore
272593,Hamdoun N.,hamdoun-nathael,sofascore
272690,Bentancor M.,bentancor-martin,sofascore
272594,Ammous O.,ammous-omar,sofascore
272686,Fuentes Leandro,fuentes-leandro,sofascore
272595,Bourass A.,bourass-aboubaker,sofascore
272685,Cheng Z.,cheng-zhiying,sofascore
241119,Laurenti J.,laurenti-jamila,sofascore
272687,Jiang N.,jiang-nai-xin,sofascore
272625,Roncallo V.,roncallo-valentina,sofascore
272688,Low S.,low-sophie,sofascore
272689,Delasa M.,delasa-marcella,sofascore
272709,Rembert B.,rembert-bastien,sofascore
272771,Friis M.,friis-martin,sofascore
272772,Oprea D.,oprea-dragos-florin,sofascore
272811,Baek H.,baek-hogyun,sofascore
272813,Kwak Y.,kwak-yu-bin,sofascore
240420,Feng Y.,feng-yi-hsin,sofascore
272812,Meissner C.,meissner-cedric,sofascore
272708,Pei-Ling SU.,su-pei-ling,sofascore
240397,Plaian T.,plaian-tania,sofascore
272596,Lai L.,lai-laura,sofascore
240403,Wang A.,wang-amy,sofascore
240410,Nakashima A.,nakashima-alexia,sofascore
272770,Sung R.,sung-rachel,sofascore
272800,Schreiner F.,schreiner-franziska,sofascore
272808,Klee S.,klee-sophia,sofascore
272909,Stumper K.,stumper-kay,sofascore
266923,Lee Y.,lee-yu-peng,sofascore
272920,Amato A / Jokic T,amato-a-jokic-t,sofascore
272921,Sidorenko V / Diaz A,sidorenko-v-diaz-a,sofascore
272953,Ammous O / Baklouti M,ammous-o-baklouti-m,sofascore
272954,Ivonin D / Kolish A,ivonin-d-kolish-a,sofascore
272964,Bentacor D / Diaz F,bentacor-d-diaz-f,sofascore
272965,Rolland J / Gauthier L,rolland-j-gauthier-l,sofascore
272918,Devos L / Lung L,devos-l-lung-l,sofascore
272919,Abusev A / Shadrina D,abusev-a-shadrina-d,sofascore
272951,Feng Y-H / Chen T-T,feng-y-h-chen-t-t,sofascore
272952,Meissner C / Klee S,meissner-c-klee-s,sofascore
272966,Jarvis T / Bogdanova N,jarvis-t-bogdanova-n,sofascore
272967,Elhakem K / Alhodaby M,elhakem-k-alhodaby-m,sofascore
272970,Kim B / Kim Y,kim-b-kim-y,sofascore
272971,Kumar N / Deb I,kumar-n-deb-i,sofascore
272949,Shah M U / Tofant A,shah-m-u-tofant-a,sofascore
272950,Bertrand I / Yovkova M,bertrand-i-yovkova-m,sofascore
272916,Soderlund S / Kallberg C,soderlund-s-kallberg-c,sofascore
272917,Almeida S / Takahashi B,almeida-s-takahashi-b,sofascore
272979,Spelbus F / Zaharia E,spelbus-f-zaharia-e,sofascore
272980,Tanaka Y / Nagasaki M,tanaka-y-nagasaki-m,sofascore
272925,XUE F / Wang M,xue-f-wang-m,sofascore
272926,Piciulin G / Delasa M,piciulin-g-delasa-m,sofascore
272922,XU H / Qian T,xu-h-qian-t,sofascore
272923,Martinko J / Blaskova Z,martinko-j-blaskova-z,sofascore
272962,Abdel-Aziz Y /Alhodaby M,abdel-aziz-y-alhodaby-m,sofascore
272963,Mutti M / Laurenti J,mutti-m-laurenti-j,sofascore
272914,Bourass A / Garci F,bourass-a-garci-f,sofascore
240031,Dragoman A / Sipos R,dragoman-a-sipos-r,sofascore
272934,Cnudde F / Cechova K,cnudde-f-cechova-k,sofascore
240036,TAI M-W / Tsai Y-C,tai-m-w-tsai-y-c,sofascore
240077,JHA K / Wang C,jha-k-wang-c,sofascore
272946,Dela Pena A / Cheng Z,dela-pena-a-cheng-z,sofascore
272935,Kazantseva K / Katsman L,kazantseva-k-katsman-l,sofascore
272936,Chandra J / Lee K Y,chandra-j-lee-k-y,sofascore
272944,Kwak Y B / Kim Y,kwak-y-b-kim-y,sofascore
272945,Suravajjula S / Wong C Y,suravajjula-s-wong-c-y,sofascore
272931,LI H-Y / Lee Y-P,li-h-y-lee-y-p,sofascore
272932,Engemann G / Bondareva A,engemann-g-bondareva-a,sofascore
272974,Niu G / Shi X,niu-g-shi-x,sofascore
272912,Martinez A / XU J,martinez-a-xu-j,sofascore
272977,Rembert B / Trigolos D,rembert-b-trigolos-d,sofascore
272978,Stumper K / Schreiner F,stumper-k-schreiner-f,sofascore
272933,Rossi C / Surjan S,rossi-c-surjan-s,sofascore
240075,Diaconu A / Pletea C,diaconu-a-pletea-c,sofascore
272929,Alguetti S / Wang A,alguetti-s-wang-a,sofascore
272930,AN J / Kim J,an-j-kim-j,sofascore
272941,De Nodrest L / Mostafavi L,de-nodrest-l-mostafavi-l,sofascore
272942,Wang C / Sun Y,wang-c-sun-y,sofascore
272968,Francisco J P / Chau W S,francisco-j-p-chau-w-s,sofascore
272969,Hippler T / Wolf J,hippler-t-wolf-j,sofascore
272939,Kolodziejczyk M / Lupulesku I,kolodziejczyk-m-lupulesku-i,sofascore
272940,Baek H / Shin Y,baek-h-shin-y,sofascore
272972,Lin Y-J / Su P-L,lin-y-j-su-p-l,sofascore
272973,Alguetti A / Sung R,alguetti-a-sung-r,sofascore
272937,Pinto D / Pavlovic A,pinto-d-pavlovic-a,sofascore
272938,Panagitgun Y / Sawettabut J,panagitgun-y-sawettabut-j,sofascore
272975,Putuntica A / Kukulkova T,putuntica-a-kukulkova-t,sofascore
272976,Bignardi S / Fung W C,bignardi-s-fung-w-c,sofascore
272981,Sanchi F / Cote A,sanchi-f-cote-a,sofascore
240030,Kamath A G / Thakkar M V,kamath-a-g-thakkar-m-v,sofascore
272982,Sgouropoulos I / Tailakova M,sgouropoulos-i-tailakova-m,sofascore
240043,Oprea D F / Plaian T,oprea-d-f-plaian-t,sofascore
272569,Garci F.,garci-fadwa,sofascore
239692,Alhodaby M.,alhodaby-mariam,sofascore
273029,Sanchez M.,sanchez-mileysha,sofascore
273024,Elborhamy A.,elborhamy-ahmed,sofascore
273032,Dvorani M.,dvorani-mateo,sofascore
240431,Tai M.,tai-ming-wei,sofascore
272567,Tifoura I.,tifoura-islam,sofascore
272592,Burgos N.,burgos-nicolas,sofascore
273073,Niu G.,niu-guankai,sofascore
273033,Alguetti S.,alguetti-sharon,sofascore
273074,Spelbus F.,spelbus-florin,sofascore
273072,Abusev A.,abusev-artur,sofascore
272622,Suravajjula S.,suravajjula-snehit,sofascore
273116,Ishida C / Tomoike E,ishida-c-tomoike-e,sofascore
273117,Dendan A / Elborhamy A,dendan-a-elborhamy-a,sofascore
273114,Oyebode J / Piciulin G,oyebode-j-piciulin-g,sofascore
273115,Fierro D / Paredes J,fierro-d-paredes-j,sofascore
273064,Maria Tailakova,tailakova-mariia,sofascore
273063,Wegrzyn A.,wegrzyn-anna,sofascore
273030,Lee K.,lee-ka-yee,sofascore
272570,HAJ Salah A.,haj-salah-abir,sofascore
273031,Fung W.,fung-wai-chu,sofascore
273028,Stewart E.,stewart-emily,sofascore
273120,KIM Y / Shin Y,kim-y-shin-y,sofascore
273121,Garci F / Haj A S,garci-f-haj-a-s,sofascore
273118,Laurenti J / Roncallo V,laurenti-j-roncallo-v,sofascore
273119,LOW S / Stewart E,low-s-stewart-e,sofascore
240427,Alguetti A.,alguetti-adar,sofascore
273025,Dela Pena A.,dela-pena-alfred,sofascore
273026,Wang R.,wang-roger,sofascore
273034,Piciulin G.,piciulin-gabiele,sofascore
273027,Oyebode J.,oyebode-john-michael,sofascore
272565,Aoues M.,aoues-mohamed,sofascore
273035,Gould B.,gould-benjamin,sofascore
273036,Victor MA.,ma-victor,sofascore
273077,Abusev A / Katsman L,abusev-a-katsman-l,sofascore
273078,Cnudde  F / Devos L,cnudde-f-devos-l,sofascore
273146,Alguetti A / Kumar N,alguetti-a-kumar-n,sofascore
240452,Engemann G / Hippler T,engemann-g-hippler-t,sofascore
240378,Amato A / Pinto D,amato-a-pinto-d,sofascore
273085,Li H-Y / Lin Y-J,li-h-y-lin-y-j,sofascore
240387,Bertrand I / De Nodrest L,bertrand-i-de-nodrest-l,sofascore
273145,Chandra J / Suravajjula S,chandra-j-suravajjula-s,sofascore
240338,Dela Pena A / Shu D,dela-pena-a-shu-d,sofascore
273142,Bourass A / Hamdoun N,bourass-a-hamdoun-n,sofascore
273144,Moregard T / Soderlund S,moregard-t-soderlund-s,sofascore
273087,Kim B / Kwak Y B,kim-b-kwak-y-b,sofascore
273088,Pletea C / Sipos R,pletea-c-sipos-r,sofascore
273147,Fuentes L / Tolosa S,fuentes-l-tolosa-s,sofascore
273079,Mutti M / Rossi C,mutti-m-rossi-c,sofascore
273080,Jarvis T / Savill L,jarvis-t-savill-l,sofascore
273083,Rembert B / Rolland J,rembert-b-rolland-j,sofascore
273084,Shah M U / Thakkar M V,shah-m-u-thakkar-m-v,sofascore
273081,Uda Y / Tanaka Y,uda-y-tanaka-y,sofascore
273082,Bentancor M / Sanchi F,bentancor-m-sanchi-f,sofascore
273143,Wang C / Xue F,wang-c-xue-f,sofascore
273148,AN J / Baek H,an-j-baek-h,sofascore
273149,Burgos N / Martinez A,burgos-n-martinez-a,sofascore
273151,Alguetti S / Jha K,alguetti-s-jha-k,sofascore
240383,Abdel-Aziz Y / Elhakem K,abdel-aziz-y-elhakem-k,sofascore
273150,Friis M / Thimon J,friis-m-thimon-j,sofascore
240332,Feng Y H / Tai M W,feng-y-h-tai-m-w,sofascore
273086,Meissner C / Stumpner K,meissner-c-stumpner-k,sofascore
273152,Oprea D F / Spelbus F,oprea-d-f-spelbus-f,sofascore
273153,NIU G / XU H,niu-g-xu-h,sofascore
273010,Takami M / Kimura M,takami-m-kimura-m,sofascore
273066,Zaharia E.,zaharia-elena,sofascore
273067,Matejovska A.,matejovska-anna,sofascore
273065,Qian T.,qian-tianyi,sofascore
272624,Blaskova Z.,blaskova-zdena,sofascore
273071,Deb I.,deb-ishana,sofascore
273069,Shadrina D.,shadrina-daria,sofascore
273068,Chau W.,chau-wing-sze,sofascore
273070,Tofant A.,tofant-ana,sofascore
273154,Cote A / Yeung J,cote-a-yeung-j,sofascore
273155,Kolish A / Tailakova M,kolish-a-tailakova-m,sofascore
240353,Jokic T / Vignjevic D,jokic-t-vignjevic-d,sofascore
273158,Shi X / Sun Y,shi-x-sun-y,sofascore
240457,Wang A / Wang C,wang-a-wang-c,sofascore
273089,Slazak J / Wegrzyn A,slazak-j-wegrzyn-a,sofascore
273091,Zaharia E / Plaian T,zaharia-e-plaian-t,sofascore
273092,Blaskova Z / Cechova K,blaskova-z-cechova-k,sofascore
273159,Chen T-T / SU P-L,chen-t-t-su-p-l,sofascore
273160,Alhodaby M / Alhodaby M,alhodaby-m-alhodaby-m,sofascore
240349,Djedjik L / Nasri M,djedjik-l-nasri-m,sofascore
273098,Diaz A / Diaz F,diaz-a-diaz-f,sofascore
273090,Gauthier  L / Mostafavi  L,gauthier-l-mostafavi-l,sofascore
273096,Kazantseva K / Shadrina D,kazantseva-k-shadrina-d,sofascore
273097,Qian T / Wang M,qian-t-wang-m,sofascore
273156,Kim J / Kim Y,kim-j-kim-y,sofascore
273157,Klee S / Bondareva A,klee-s-bondareva-a,sofascore
273163,DEB I / Sung R,deb-i-sung-r,sofascore
266912,Lee Y-P / Tsai Y-C,lee-y-p-tsai-y-c,sofascore
240350,Abousetta S / Kamal S,abousetta-s-kamal-s,sofascore
273095,Lima L / Takahashi B,lima-l-takahashi-b,sofascore
273161,Matejovska A / Slezakova S,matejovska-a-slezakova-s,sofascore
273162,Kihara M / Kimura M,kihara-m-kimura-m,sofascore
273093,Wolf J / Schreiner F,wolf-j-schreiner-f,sofascore
273094,Chau W S / Fung W C,chau-w-s-fung-w-c,sofascore
273057,DI Marino A.,di-marino-alessandro,sofascore
274539,Benes M.,benes-michal,sofascore
274750,Shouman M.,shouman-mohamed,sofascore
275277,Molnar I.,molnar-istvan,sofascore
244151,Feher O.,feher-orsolya,sofascore
275278,Imre L.,imre-leila,sofascore
275281,Yamada J.,yamada-jessica,sofascore
275280,Harasztovich F.,harasztovich-fanni,sofascore
275279,Chen S.,chen-shuainan,sofascore
275282,Bryan HO.,ho-bryan,sofascore
159894,Zhuojia He.,he-zhuojia,sofascore
244146,Peterman-Varga T.,peterman-varga-timea,sofascore
275393,FAN Z / YU Z,fan-z-yu-z,sofascore
275394,Lam S H / Ng P N,lam-s-h-ng-p-n,sofascore
275392,Liao C-T / Lin Y-J,liao-c-t-lin-y-j,sofascore
275391,Rasmussen T / Szita M,rasmussen-t-szita-m,sofascore
275390,Gaponova G / Vasylieva L,gaponova-g-vasylieva-l,sofascore
275283,Lind A / Majoros B,lind-a-majoros-b,sofascore
275285,Ambrus K / Ciobanu I,ambrus-k-ciobanu-i,sofascore
275284,Lung L / Marchetti N,lung-l-marchetti-n,sofascore
275286,Strazar K / Tofant A,strazar-k-tofant-a,sofascore
275387,Altinkaya S / HU M,altinkaya-s-hu-m,sofascore
275388,Xiang LI.,li-xiang,sofascore
275389,Chenhao Xu.,xu-chenhao,sofascore
146870,Wei S.,wei-shihao,sofascore
275841,Tianyuan Chen,tianyuan-chen,sofascore
275929,Dyjas J.,dyjas-jakub,sofascore
277121,Margarone A.,margarone-alberto,sofascore
277624,Kim N.,kim-nam-hae,sofascore
147964,Sibley K.,sibley-kelly,sofascore
277631,Filus R / Franziska P,filus-r-franziska-p,sofascore
277629,Feng Y / Alguetti A,feng-y-alguetti-a,sofascore
277628,Cassin A / Lebesson E,cassin-a-lebesson-e,sofascore
277630,El-Beiali M / Saleh A,el-beiali-m-saleh-a,sofascore
277649,Franziska P / Duda B,franziska-p-duda-b,sofascore
277650,Jeong S / Jeoung Y,jeong-s-jeoung-y,sofascore
277647,Jouti E / Tsuboi G,jouti-e-tsuboi-g,sofascore
277648,Gerell P / Kallberg A,gerell-p-kallberg-a,sofascore
277621,Chen S Y / Cheng H T,chen-s-y-cheng-h-t,sofascore
277644,Abdel-Aziz Y / Helmy M,abdel-aziz-y-helmy-m,sofascore
277617,LEE H C / Soo W Y M,lee-h-c-soo-w-y-m,sofascore
277643,Takahashi B / Kumahara L,takahashi-b-kumahara-l,sofascore
277619,KIM N H / Cha H S,kim-n-h-cha-h-s,sofascore
277618,Sibley K / Tsaptsinos M,sibley-k-tsaptsinos-m,sofascore
277674,Abdel-Aziz F.,abdel-aziz-farah,sofascore
277717,YU M / Yee H H,yu-m-yee-h-h,sofascore
277488,Dierks M.,dierks-maximilian,sofascore
277489,Tomaszuk K.,tomaszuk-kamil,sofascore
277632,Takahasi T.,takahasi-toru,sofascore
240432,Bressan L.,bressan-luca,sofascore
275840,Turcek P.,turcek-peter,sofascore
280475,Al-Malki N.,al-malki-nawaf,sofascore
280478,Hussain Y.,hussain-yousef,sofascore
280476,Al-Hajaji A.,al-hajaji-abdulaziz,sofascore
280477,Al-Naggar A.,al-naggar-abdulrahman,sofascore
251672,Faramarzi M.,faramarzi-maha,sofascore
280474,Ali M.,ali-maha,sofascore
280638,Abdulwahhab M / Al-Naggar A,abdulwahhab-m-al-naggar-a,sofascore
280557,Noskova Y / Polcanova S,noskova-y-polcanova-s,sofascore
280640,Choi H / Kim J,choi-h-kim-j,sofascore
223904,Ekholm M / LI F,ekholm-m-li-f,sofascore
266918,Anthony A / Shetty S,anthony-a-shetty-s,sofascore
280553,Fang B / Lin G,fang-b-lin-g,sofascore
280551,KOU L / Nuytinck C.,kou-l-nuytinck-c,sofascore
280552,Al-Abdulla A / Al-Maki N,al-abdulla-a-al-maki-n,sofascore
280550,"Mizutani, J / Oshima Y.",mizutani-j-oshima-y,sofascore
280554,ALI M / Hussain K,ali-m-hussain-k,sofascore
280555,Xiao M / Yang X,xiao-m-yang-x,sofascore
280556,Khetkhuan T / Mynarova K,khetkhuan-t-mynarova-k,sofascore
157292,LIN C-H / Liu H-Y,lin-c-h-liu-h-y,sofascore
280626,Piccolin J.,piccolin-jordy,sofascore
280627,Francisco J.,francisco-jose-pedro,sofascore
280632,Bergand F.,bergand-filippa,sofascore
280665,Savill L / Weerasinghe H,savill-l-weerasinghe-h,sofascore
280628,Sidorenko V / Sgouropoulos I,sidorenko-v-sgouropoulos-i,sofascore
280629,Masip J / Caballero C,masip-j-caballero-c,sofascore
280630,Soderlund S / Moregard M,soderlund-s-moregard-m,sofascore
280631,Pieraert V / Cnudde F,pieraert-v-cnudde-f,sofascore
240404,Sevcikova M.,sevcikova-marketa,sofascore
280634,Mosconi V / Laurenti J,mosconi-v-laurenti-j,sofascore
280635,Puchovanova N / Labosova E,puchovanova-n-labosova-e,sofascore
280633,Vovk A / Tofant A,vovk-a-tofant-a,sofascore
280733,Rossi C / Mutti M,rossi-c-mutti-m,sofascore
280734,Polansky T / Klein D,polansky-t-klein-d,sofascore
280731,Zatowka P / Badowski M,zatowka-p-badowski-m,sofascore
280732,Hohmeier N / Hippler T,hohmeier-n-hippler-t,sofascore
280737,Andras C / Molnar I,andras-c-molnar-i,sofascore
280803,Jorgic D / Kozul D,jorgic-d-kozul-d,sofascore
280735,Levenko A / Khanin A,levenko-a-khanin-a,sofascore
280736,Chernov K / Abusev A,chernov-k-abusev-a,sofascore
280742,Yilmaz O.,yilmaz-ozge,sofascore
280738,Surjan S / Jokic T,surjan-s-jokic-t,sofascore
280741,Vignjevic D / Maesen M,vignjevic-d-maesen-m,sofascore
280739,WAN Y / Wolf J,wan-y-wolf-j,sofascore
280740,Avameri A / Mischek K,avameri-a-mischek-k,sofascore
280743,Andras C.,andras-csaba,sofascore
280818,Brateyko S / Bajor N,brateyko-s-bajor-n,sofascore
280817,Lung L / Degraef M,lung-l-degraef-m,sofascore
240435,Dilling A.,dilling-andreas,sofascore
281099,Knight T.,knight-tyrese,sofascore
281116,Haug B.,haug-borgar,sofascore
281108,Kosolosky O.,kosolosky-olav,sofascore
281102,Travin D.,travin-danila,sofascore
281109,Cathcart O.,cathcart-owen,sofascore
281117,Bajger O.,bajger-ondrej,sofascore
281118,Wilson Z.,wilson-zak,sofascore
281103,Shvetc K.,shvetc-kirill,sofascore
281097,Miyamoto H.,miyamoto-haruki,sofascore
281119,Singeorzan B.,singeorzan-bogdan,sofascore
281098,Broiakovskyi V.,broiakovskyi-vsevolod,sofascore
281104,Wachowiak L.,wachowiak-lukasz,sofascore
281105,Walaszek P.,walaszek-przemyslaw,sofascore
281100,Wederlich D.,wederlich-damian,sofascore
281106,Akasheva Z.,akasheva-zauresh,sofascore
255194,Gjelle Maja Haugen,gjelle-maja-haugen,sofascore
281120,Payet D.,payet-denise,sofascore
281121,Dyszkiewicz G.,dyszkiewicz-gabriela,sofascore
281110,Vivarelli E.,vivarelli-evelyn,sofascore
281111,Blazejewicz Z.,blazejewicz-zuzanna,sofascore
239694,Yousry A.,yousry-amira,sofascore
281114,Moskovits D.,moskovits-daniela,sofascore
281112,Szymczak J.,szymczak-julia,sofascore
281122,Zakrzewska A.,zakrzewska-agata,sofascore
281115,Labosova E.,labosova-ema,sofascore
281113,Nasser G.,nasser-galila,sofascore
281101,Zhao Z.,zhao-ziyi,sofascore
266924,Altinkaya S.,altinkaya-sibel,sofascore
281214,Brat A / Spanik T,brat-a-spanik-t,sofascore
281215,Wachowiak L / Zandecki J,wachowiak-l-zandecki-j,sofascore
281205,CHO D / Kim D,cho-d-kim-d,sofascore
281206,Cathcart O / Wilson Z,cathcart-o-wilson-z,sofascore
281212,Grela A / Kulczycki S,grela-a-kulczycki-s,sofascore
281213,Berner S / Wetzel A,berner-s-wetzel-a,sofascore
281203,Grininger T / Kapolnek N,grininger-t-kapolnek-n,sofascore
281204,Broiakovskyi V / Zavadskyi I,broiakovskyi-v-zavadskyi-i,sofascore
281221,Tanaka Y / Togami S,tanaka-y-togami-s,sofascore
281311,Givone N / Menand R,givone-n-menand-r,sofascore
281310,Baciocchi A / Rech Daldosso M,baciocchi-a-rech-daldosso-m,sofascore
281312,Carlsen R.,carlsen-rebekkah,sofascore
281313,Farladanska G.,farladanska-ganna,sofascore
281207,Christensen S / Doval I,christensen-s-doval-i,sofascore
281208,Michalak A / Szymczak J,michalak-a-szymczak-j,sofascore
281216,Deshpande D / Patkar M,deshpande-d-patkar-m,sofascore
281217,Singeorzan A / Zaharia A,singeorzan-a-zaharia-a,sofascore
281218,Farladanska G / Truksova L,farladanska-g-truksova-l,sofascore
281219,Front E / Holmsten E,front-e-holmsten-e,sofascore
281209,Feher O / Hartbrich L,feher-o-hartbrich-l,sofascore
281210,Jurkova E / Kukulkova T,jurkova-e-kukulkova-t,sofascore
281299,Abdel-Aziz F / Nasser G,abdel-aziz-f-nasser-g,sofascore
281281,Ortega D / Vega P,ortega-d-vega-p,sofascore
281282,Ciobanu I / Dragoman A,ciobanu-i-dragoman-a,sofascore
281307,Mikulcova K / Stefcova K,mikulcova-k-stefcova-k,sofascore
281306,Gasnier L / Migot M,gasnier-l-migot-m,sofascore
281332,Khanin A / Platonov P,khanin-a-platonov-p,sofascore
281333,Sidorenko V / Vlasov G,sidorenko-v-vlasov-g,sofascore
281346,Zaharia A.,zaharia-alina,sofascore
281334,Altinkaya S / Yilmaz O,altinkaya-s-yilmaz-o,sofascore
281335,ODO S / Shibata S,odo-s-shibata-s,sofascore
281336,Huang Y-H / Wang Y-J,huang-y-h-wang-y-j,sofascore
281848,Huang Y.,huang-yingqi,sofascore
281849,Thomas C.,thomas-chloe,sofascore
281957,Fan S.,fan-siqi,sofascore
281851,Mendez M.,mendez-mariano,sofascore
281853,Jang L.,jang-luciano,sofascore
281852,Huergo M.,huergo-maximiliano,sofascore
281850,Kolawole D.,kolawole-dapo,sofascore
281987,Duda B / Ort K,duda-b-ort-k,sofascore
281989,SUN J / Wan Y,sun-j-wan-y,sofascore
281988,HAN Y / Mittelham N,han-y-mittelham-n,sofascore
280637,Harimoto T / Morizono M,harimoto-t-morizono-m,sofascore
282373,Grau S.,grau-sergi,sofascore
282374,Zhidkov I.,zhidkov-ilya,sofascore
282379,Giraldo C.,giraldo-camilo,sofascore
282380,Tiutriumov A.,tiutriumov-aleksandr,sofascore
282375,Guiterrez M.,guiterrez-marc,sofascore
282376,Guerricabeitia J.,guerricabeitia-jon-ander,sofascore
282385,Karpova A.,karpova-anna,sofascore
282386,Sim H.,sim-hyunju,sofascore
282378,Perez  A.,perez-andrea,sofascore
240405,Enriquez Y.,enriquez-yolanda,sofascore
282377,"Garcia ,nerea",garcia-nerea,sofascore
282019,Tazoe H.,tazoe-hibiki,sofascore
282426,Perez G.,perez-gabriel,sofascore
282382,Bailon D.,bailon-daniel,sofascore
282381,Cristobal I.,cristobal-ivan,sofascore
282383,Miramontes N.,miramontes-nataila,sofascore
282384,Cristobal A.,cristobal-ainhoa,sofascore
282461,Guman M.,guman-martin,sofascore
282427,CHO E / Kim M,cho-e-kim-m,sofascore
282428,Martinko J / Reitspiess D,martinko-j-reitspiess-d,sofascore
282429,Diez E / Palacios D,diez-e-palacios-d,sofascore
282430,Putuntica A / Ursu V,putuntica-a-ursu-v,sofascore
282457,Hippler T / Hohmeier N,hippler-t-hohmeier-n,sofascore
282458,Caballero C / Martinez G,caballero-c-martinez-g,sofascore
282456,Perman O / Soderlund S,perman-o-soderlund-s,sofascore
282433,Cristobal A / Martin M D P,cristobal-a-martin-m-d-p,sofascore
282434,Doval I / Pfefer L,doval-i-pfefer-l,sofascore
282431,Mosconi V / Piccolin G,mosconi-v-piccolin-g,sofascore
282432,SIM H / Yoon H,sim-h-yoon-h,sofascore
282436,Adamkova K / Bhandarkar M,adamkova-k-bhandarkar-m,sofascore
282437,Enriquez Y / Niguez M,enriquez-y-niguez-m,sofascore
282435,Fort N / Mostafavi L,fort-n-mostafavi-l,sofascore
282468,Kwan M H / LI H M,kwan-m-h-li-h-m,sofascore
282469,Giraldo C / Olave A,giraldo-c-olave-a,sofascore
282470,Cazacu A / Jean L,cazacu-a-jean-l,sofascore
282488,Mondal R / Saha S,mondal-r-saha-s,sofascore
282561,Tschanz C.,tschanz-cedric,sofascore
282572,Novak T.,novak-tilen,sofascore
282562,Trtnik R.,trtnik-rok,sofascore
282563,Evans C.,evans-callum,sofascore
282574,Radovic F.,radovic-filip,sofascore
282566,Kim R.,kim-regina,sofascore
282567,Trelec S.,trelec-spela,sofascore
282575,Meyer S.,meyer-sarah,sofascore
282576,Vogrincic N.,vogrincic-nusa,sofascore
282568,Lupulesku A.,lupulesku-anelia,sofascore
282569,Alimbayeva A.,alimbayeva-aiya,sofascore
282578,Matis S.,matis-stasa,sofascore
282570,Paulin L.,paulin-lea,sofascore
282472,Wenger Nico,wenger-nico,sofascore
282564,Novel M.,novel-matija,sofascore
282573,Kubik M.,kubik-maciej,sofascore
282565,Zelinka J.,zelinka-jakub,sofascore
282571,Urikova M.,urikova-monika,sofascore
282577,Cakol K.,cakol-klara,sofascore
282706,Tilen Cvetko,tilen-cvetko,sofascore
282672,Grela A / Zandecki J,grela-a-zandecki-j,sofascore
282673,Lupulesku L / Radovic F,lupulesku-l-radovic-f,sofascore
282724,Gommers R / Mladin P,gommers-r-mladin-p,sofascore
282725,Amato A / Oyebode J,amato-a-oyebode-j,sofascore
282727,Novota S / Pistej L,novota-s-pistej-l,sofascore
282730,Allegro M / Cnudde F,allegro-m-cnudde-f,sofascore
282728,Berglund S / Brodd V,berglund-s-brodd-v,sofascore
282729,Sambe K / Tazoe H,sambe-k-tazoe-h,sofascore
282749,Komova A.,komova-anastasiia,sofascore
282676,Colantoni C / Laurent J,colantoni-c-laurent-j,sofascore
282677,Alimbayeva A / Lavrova A,alimbayeva-a-lavrova-a,sofascore
282674,Gutnik K / Paulin L,gutnik-k-paulin-l,sofascore
282675,Adamkova K / Lupulesku A,adamkova-k-lupulesku-a,sofascore
282748,Slatinsek U.,slatinsek-uros,sofascore
282816,Galic A / Tofant A,galic-a-tofant-a,sofascore
282849,Kihara M / Nagasaki M,kihara-m-nagasaki-m,sofascore
282932,Silva F.,silva-francisko,sofascore
283199,Alicic A.,alicic-armin,sofascore
283197,Echevarria S.,echevarria-sebastian,sofascore
283210,Runjic F.,runjic-frane,sofascore
283201,Kovacek T.,kovacek-tena,sofascore
283198,Grgic I.,grgic-ivana,sofascore
283200,Timafalvi G.,timafalvi-gergo,sofascore
283383,Jakelic J.,jakelic-jakov,sofascore
283389,Sandstrom P.,sandstrom-per,sofascore
283390,Kotov A.,kotov-anton,sofascore
283299,Banek M / Zovko V,banek-m-zovko-v,sofascore
283373,Gadiev V / Ivonin D,gadiev-v-ivonin-d,sofascore
283374,Santos V / Yokota G,santos-v-yokota-g,sofascore
283297,Simon M / Tauber M,simon-m-tauber-m,sofascore
283298,Lupulesku L / Peto Z,lupulesku-l-peto-z,sofascore
283369,Kaluzny S / Novota S,kaluzny-s-novota-s,sofascore
283370,Hirano Y / Matsudaira K,hirano-y-matsudaira-k,sofascore
283395,Piccolin J / Stoyanov N,piccolin-j-stoyanov-n,sofascore
283300,Paulin L / Vovk A,paulin-l-vovk-a,sofascore
283301,Brateyko S / Prykhodko Y,brateyko-s-prykhodko-y,sofascore
283365,Ambrus K / Hartbrich L,ambrus-k-hartbrich-l,sofascore
283392,Cakol K / Jazbec I,cakol-k-jazbec-i,sofascore
283415,Cipin F / Fucec L,cipin-f-fucec-l,sofascore
283414,Devos L / Devos R,devos-l-devos-r,sofascore
283429,Duda B / Walther R,duda-b-walther-r,sofascore
282815,Peng W-W / Sun C-H,peng-w-w-sun-c-h,sofascore
283413,LIU Y-H / Wang Y-J,liu-y-h-wang-y-j,sofascore
283430,Malobabic I / Petek P,malobabic-i-petek-p,sofascore
284762,EL Eraky R.,el-eraky-reem,sofascore
284873,Lang K.,lang-kristin,sofascore
285052,Munoz M.,munoz-monica,sofascore
284973,Beh K.,beh-kun-ting,sofascore
285053,Aceves M.,aceves-marbella,sofascore
285055,Lovet I.,lovet-idalys,sofascore
285056,Castillo L.,castillo-lisi,sofascore
285057,Machado Fernandez S.,machado-fernandez-shelly,sofascore
285171,Zhamal B.,zhamal-bekulan,sofascore
255193,Toranzos A.,toranzos-alejandro,sofascore
285172,Gavilan A.,gavilan-axel,sofascore
285265,Doan B.,doan-ba-tuan-anh,sofascore
285266,Lesiv R.,lesiv-rimas,sofascore
285254,Wang X.,wang-xinyue,sofascore
285574,Henninger M.,henninger-marius,sofascore
285622,Husnik P.,husnik-petr,sofascore
286153,Sanglertsilpachai T.,sanglertsilpachai-thyme,sofascore
286155,Seo J.,seo-junghwa,sofascore
286154,Yang S.,yang-songling,sofascore
286156,Lai J.,lai-jiaxin,sofascore
286157,Yan S.,yan-sheng,sofascore
286158,Choi W.,choi-won-jin,sofascore
286146,Chae B.,chae-byeonguk,sofascore
286147,Tantakool Tananan,tantakool-tananan,sofascore
286148,Pang Y.,pang-yew-en-koen,sofascore
286149,Ali M.,ali-mohammed,sofascore
286151,SU Zhi,su-zhi,sofascore
286150,Zhi LI.,li-zhi,sofascore
286163,Kim J.,kim-jinhye,sofascore
286164,Park S.,park-seoyeon,sofascore
286165,Kuan E.,kuan-e-xian,sofascore
286166,Kang E.,kang-eunji,sofascore
286167,Zebao HE.,he-zebao,sofascore
286168,Yang S.,yang-sheng,sofascore
285974,Tapia R.,tapia-rodrigo,sofascore
286308,Kim E.,kim-eunsoo,sofascore
286159,Koriyama H / Oikawa M,koriyama-h-oikawa-m,sofascore
286160,De Nodrest L / Rolland J,de-nodrest-l-rolland-j,sofascore
286161,Tanaka Y / Uda Y,tanaka-y-uda-y,sofascore
286162,LAI J / Yan S,lai-j-yan-s,sofascore
286169,Kamath A G / Selvakumar S,kamath-a-g-selvakumar-s,sofascore
286170,HAN H / HU Y,han-h-hu-y,sofascore
286171,YAN S / Zuo Y,yan-s-zuo-y,sofascore
286172,Kang D / Kim H,kang-d-kim-h,sofascore
286334,Zonios P.,zonios-paris,sofascore
286362,Choi I.,choi-inhyeok,sofascore
286363,Lai C.,lai-chi-chien,sofascore
286309,Arvidsson S / Soderlund H,arvidsson-s-soderlund-h,sofascore
286366,Yueyan HU.,hu-yueyan,sofascore
286367,Kim H.,kim-hayeong,sofascore
286368,Zhang W.,zhang-wenjing,sofascore
286369,Goi R.,goi-rui-xuan,sofascore
286370,Kola N.,kola-nanapat,sofascore
286413,Kim J.,kim-jimin,sofascore
286310,Arlouskaya A / Carey C,arlouskaya-a-carey-c,sofascore
286311,HO Y / Kuan E X,ho-y-kuan-e-x,sofascore
286312,Saritapirak M / Sawettabut J,saritapirak-m-sawettabut-j,sofascore
286531,Ruifeng XU.,xu-ruifeng,sofascore
286364,Ghosh A / Mondal R,ghosh-a-mondal-r,sofascore
286365,Grininger T / Serdaroglu D,grininger-t-serdaroglu-d,sofascore
286476,Panagitgun Y / Pankhaoyoy S,panagitgun-y-pankhaoyoy-s,sofascore
286474,Morizono M / Tazoe K,morizono-m-tazoe-k,sofascore
286398,Yifan YU.,yu-yifan,sofascore
270329,Ojio H.,ojio-haruna,sofascore
286477,KIM M / Lee Y,kim-m-lee-y,sofascore
286478,YU Y / Yuan Y,yu-y-yuan-y,sofascore
286475,LEE Z / Yoon H,lee-z-yoon-h,sofascore
286537,Hippler T / Ort K,hippler-t-ort-k,sofascore
286576,Zuo Y.,zuo-yue,sofascore
286536,Gasnier L / Zarif A,gasnier-l-zarif-a,sofascore
286761,Jiang T / SU Z,jiang-t-su-z,sofascore
286762,Feng Y /	jha K,feng-y-jha-k,sofascore
286770,Robinot A / Seyfried J,robinot-a-seyfried-j,sofascore
286771,Zhou Q / Zhou Y,zhou-q-zhou-y,sofascore
286772,Zhou K / Zhu L,zhou-k-zhu-l,sofascore
286763,TE Ma.,ma-te,sofascore
146874,Zhou Q.,zhou-qihao,sofascore
286773,Chiu S.,chiu-ssu-hua,sofascore
286764,LI Q / Stefanska K,li-q-stefanska-k,sofascore
286765,LI C W / Liu Q,li-c-w-liu-q,sofascore
286910,Soma Y.,soma-yumeno,sofascore
286956,Hirano Y.,hirano-yuki,sofascore
286974,Yang X / Zhang M,yang-x-zhang-m,sofascore
286975,Arlouskaya A / Malanina M,arlouskaya-a-malanina-m,sofascore
286976,Yu M / Zeng J,yu-m-zeng-j,sofascore
286973,Devos R / Olah B,devos-r-olah-b,sofascore
287403,Purkani L.,purkani-luki-muhammad,sofascore
287404,Sintya R.,sintya-rina,sofascore
287576,Pistej L / Pitchford L,pistej-l-pitchford-l,sofascore
287581,Fegerl S / Polcanova S,fegerl-s-polcanova-s,sofascore
287582,Santoso F / Dwijayanti G,santoso-f-dwijayanti-g,sofascore
287583,AJI D / Indriani L,aji-d-indriani-l,sofascore
287574,HAN Y / LI Q,han-y-li-q,sofascore
287577,Hawwa K N / Rahayu A,hawwa-k-n-rahayu-a,sofascore
287578,Zeng J /	zhou Y,zeng-j-zhou-y,sofascore
287575,Oktariyani N / Sintya R,oktariyani-n-sintya-r,sofascore
287591,Harimoto T / Ueda J,harimoto-t-ueda-j,sofascore
287592,Ionescu O / Robles A,ionescu-o-robles-a,sofascore
287630,Lee S / Jeon J,lee-s-jeon-j,sofascore
287627,Filus R / Han Y,filus-r-han-y,sofascore
287631,Zhang J / Wang M,zhang-j-wang-m,sofascore
287629,Lim J / Yang H,lim-j-yang-h,sofascore
287632,Lin G / Chen X,lin-g-chen-x,sofascore
287628,Franziska P / Solja P,franziska-p-solja-p,sofascore
287613,Szocs B / Yang X,szocs-b-yang-x,sofascore
288239,Son S.,son-suk-hyun,sofascore
288238,Kim M.,kim-munsu,sofascore
288240,Junyeong AN.,an-junyeong,sofascore
288280,Matsubara Y.,matsubara-yutaka,sofascore
288281,Puthikungasern V.,puthikungasern-veerapat,sofascore
288241,Taguchi E.,taguchi-emiko,sofascore
288242,Wee Y.,wee-yeji,sofascore
288243,Phomma T.,phomma-thapanee,sofascore
288244,You S.,you-sowon,sofascore
288303,HO T-T / MA W,ho-t-t-ma-w,sofascore
288317,Lee E.,lee-en-chi,sofascore
288389,GAO N / YU M,gao-n-yu-m,sofascore
288390,Jang W / Jeon J,jang-w-jeon-j,sofascore
288393,Tanviriyavechakul P / Sawettabut S,tanviriyavechakul-p-sawettabut-s,sofascore
288391,LEE S / Choi H,lee-s-choi-h,sofascore
288379,Liang J / Chen X,liang-j-chen-x,sofascore
288394,Szocs H / Szocs B,szocs-h-szocs-b,sofascore
288392,YU Z / Wang M,yu-z-wang-m,sofascore
288427,Puthikungasern V / Verakultawan P,puthikungasern-v-verakultawan-p,sofascore
288399,Kallberg A / Pistej L,kallberg-a-pistej-l,sofascore
288378,Liang J / Zhou K,liang-j-zhou-k,sofascore
288398,Robles A / Szocs H,robles-a-szocs-h,sofascore
288397,Sanglertsilpachai T / Tantakool T,sanglertsilpachai-t-tantakool-t,sofascore
288395,Choi H / Yoo E,choi-h-yoo-e,sofascore
288396,LIU S / Wang M,liu-s-wang-m,sofascore
288380,Kola N / Phomma T,kola-n-phomma-t,sofascore
288624,Vila I.,vila-isaac,sofascore
288625,Galvez S.,galvez-samuel,sofascore
288548,Musko P.,musko-peter,sofascore
289627,Marlon S.,marlon-spiess,sofascore
291273,Wang D.,wang-david,sofascore
291282,Anstey Z.,anstey-zachary,sofascore
291276,Foley E.,foley-eric,sofascore
291277,Levis B.,levis-bruno,sofascore
291274,Dhooria R.,dhooria-rohan,sofascore
240418,Duffy J.,duffy-jake,sofascore
290964,Redjep R.,redjep-ronald,sofascore
290965,Gorecki J.,gorecki-jan,sofascore
291462,Gilmore S / Phan S,gilmore-s-phan-s,sofascore
291463,Dang T L / Silva S,dang-t-l-silva-s,sofascore
291470,LIM D / Anstey Z,lim-d-anstey-z,sofascore
291471,LOW N / Johnstone C,low-n-johnstone-c,sofascore
291466,Gracias C / Cosgriff L,gracias-c-cosgriff-l,sofascore
291467,OH S B / Zhang R,oh-s-b-zhang-r,sofascore
291472,KO W C / Duffy J,ko-w-c-duffy-j,sofascore
291473,Jiang I / Cheung J,jiang-i-cheung-j,sofascore
291468,TAN S / Wong C H,tan-s-wong-c-h,sofascore
291469,Walker E / Taylor B,walker-e-taylor-b,sofascore
291474,ZOU M / Dhooria R,zou-m-dhooria-r,sofascore
291475,Sinha A / Huang S,sinha-a-huang-s,sofascore
291507,Tsao E / Feng T,tsao-e-feng-t,sofascore
291508,Gould B / Jee M H,gould-b-jee-m-h,sofascore
291510,MA L / Yang Q,ma-l-yang-q,sofascore
291511,Miao M / Powell D,miao-m-powell-d,sofascore
291423,Lee J.,lee-jake,sofascore
291275,Wang X.,wang-xiao,sofascore
291280,Lin Ma.,ma-lin,sofascore
258310,Taylor B.,taylor-benjamin,sofascore
291424,Gilmore S.,gilmore-scott,sofascore
291426,Dang T.,dang-trung-le,sofascore
291427,Huang S.,huang-sida,sofascore
291425,Phan S.,phan-steven,sofascore
291278,Silva S.,silva-sajith,sofascore
291450,Yang Q / Miao M,yang-q-miao-m,sofascore
291451,Fernando A / Wong M C,fernando-a-wong-m-c,sofascore
291447,Mabel MA.,ma-mabel,sofascore
291448,Feng C.,feng-chunyi,sofascore
291444,Yang Q.,yang-qian,sofascore
291445,Fernando A.,fernando-anushka,sofascore
291431,Zou M.,zou-mia,sofascore
291449,Peng K.,peng-kai,sofascore
291432,Low N.,low-nicole,sofascore
291433,Wan Ching KO.,ko-wan-ching,sofascore
24918,Miao M.,miao-miao,sofascore
291446,Wong M.,wong-may-chyi,sofascore
291453,Sinha A.,sinha-avanti,sofascore
291454,Lei L.,lei-lina,sofascore
291478,Alexandersson M / Dvorani M,alexandersson-m-dvorani-m,sofascore
291479,WU M / Lum N,wu-m-lum-n,sofascore
291476,Kaur P / Yeung A,kaur-p-yeung-a,sofascore
291477,Stanley R / XU Y,stanley-r-xu-y,sofascore
291480,NIE M / Belokoptov E,nie-m-belokoptov-e,sofascore
291481,TAN S / Huang D,tan-s-huang-d,sofascore
291482,LIM D / Wong C H,lim-d-wong-c-h,sofascore
291573,Johnstone C / Mastromonaco M,johnstone-c-mastromonaco-m,sofascore
291574,Huang D / Levis B,huang-d-levis-b,sofascore
291575,Powell D / Chambers D,powell-d-chambers-d,sofascore
291429,Wang X / Foley E,wang-x-foley-e,sofascore
291583,Cosgriff L / Dixon X,cosgriff-l-dixon-x,sofascore
291584,HU H / Chambers D,hu-h-chambers-d,sofascore
291576,Dhooria R / Tran E,dhooria-r-tran-e,sofascore
291585,Gould B / XU Y,gould-b-xu-y,sofascore
291428,LEE J / Tsao E,lee-j-tsao-e,sofascore
240343,Duffy J / Huang D,duffy-j-huang-d,sofascore
291602,Foley E / Lee J,foley-e-lee-j,sofascore
291603,Gould B / Huang D,gould-b-huang-d,sofascore
291604,Townsend K / Powell D,townsend-k-powell-d,sofascore
291605,Wang D / Huang S,wang-d-huang-s,sofascore
291598,VON Einem S / Cutahija M,von-einem-s-cutahija-m,sofascore
291599,Chambers D / Cosgriff L,chambers-d-cosgriff-l,sofascore
291600,XU Y / Duffy J,xu-y-duffy-j,sofascore
291601,LUU F / Luu S,luu-f-luu-s,sofascore
291612,Shaoping Z / Tsao E,shaoping-z-tsao-e,sofascore
291613,LIN M / Trung Le D,lin-m-trung-le-d,sofascore
291614,YAN C / Xiao W,yan-c-xiao-w,sofascore
291615,LUM N / Sajith S,lum-n-sajith-s,sofascore
291570,Johnstone C.,johnstone-connor,sofascore
291569,Yiming XU.,xu-yiming,sofascore
291571,Mastromonaco M.,mastromonaco-michael,sofascore
291572,Tran E.,tran-eric,sofascore
291578,Cosgriff L.,cosgriff-luke,sofascore
291579,Dixon X.,dixon-xavier,sofascore
291580,JEE M H / KO W C,jee-m-h-ko-w-c,sofascore
291594,Alexandersson M / Stanley R,alexandersson-m-stanley-r,sofascore
291595,KIM S / Zhang S,kim-s-zhang-s,sofascore
291588,HO S B / Sinha A,ho-s-b-sinha-a,sofascore
291589,Walker E / Tan S,walker-e-tan-s,sofascore
291592,Kaur P / Nie M,kaur-p-nie-m,sofascore
291593,ZOU M / Low N,zou-m-low-n,sofascore
291590,Peng K / MA M,peng-k-ma-m,sofascore
291591,Jiang I / Quah C,jiang-i-quah-c,sofascore
291609,Feng T / Tan S,feng-t-tan-s,sofascore
291610,LEI L / Yang Q,lei-l-yang-q,sofascore
291611,Miao M / WU J,miao-m-wu-j,sofascore
291608,Meng M / WU M,meng-m-wu-m,sofascore
291577,Meng M.,meng-maggie,sofascore
291642,Powell D / HU H,powell-d-hu-h,sofascore
291645,Dvorani M / XU Y,dvorani-m-xu-y,sofascore
291279,VON Einem S.,von-einem-sam,sofascore
291281,Rogers M.,rogers-mitchell,sofascore
291640,Feng T / Peng K,feng-t-peng-k,sofascore
291641,LEI L / Meng M,lei-l-meng-m,sofascore
291639,LAY J F / Miao M,lay-j-f-miao-m,sofascore
291643,MA M / Tan S,ma-m-tan-s,sofascore
291695,Kocjancic D.,kocjancic-daniel,sofascore
291686,Cheung J.,cheung-joshua,sofascore
291687,Palmer S.,palmer-sam,sofascore
291696,Kim J.,kim-james,sofascore
291682,Luu F.,luu-finn,sofascore
291697,Wong C.,wong-chun-hei,sofascore
291689,Daniel HO.,ho-daniel,sofascore
291688,Weerasinghe J.,weerasinghe-jason,sofascore
291683,Belokoptov E.,belokoptov-edward,sofascore
291690,Lander B.,lander-ben,sofascore
291698,Lum N.,lum-nicholas,sofascore
291691,Sue Bin OH.,oh-sue-bin,sofascore
291684,Walker E.,walker-ellen,sofascore
277623,Kaur P.,kaur-parleen,sofascore
291699,Nie M.,nie-mingxuan,sofascore
291685,Zhang S.,zhang-sisi,sofascore
291692,Jiang I.,jiang-isabella,sofascore
291693,Quah C.,quah-chermaine,sofascore
291700,Tan S.,tan-sherilyn,sofascore
291694,Kim S.,kim-sarah,sofascore
291865,Peko S.,peko-stefan,sofascore
291869,Yilmaz T.,yilmaz-tugay,sofascore
291866,Orac D.,orac-daniel,sofascore
291868,Comeliau D.,comeliau-david,sofascore
291870,Bassan U.,bassan-umut-emre,sofascore
291884,Chen X.,chen-xingtai,sofascore
291876,Bondareva A.,bondareva-anastasia,sofascore
291879,Skattet R.,skattet-rikke,sofascore
291880,Stepanova G.,stepanova-gabriela,sofascore
291885,Ning J.,ning-jing,sofascore
291881,Sjoeholt S.,sjoeholt-sunniva,sofascore
291877,Hudusan A.,hudusan-andreea,sofascore
291878,Mantz S.,mantz-sarah,sofascore
291882,Kalvatn A.,kalvatn-anne,sofascore
291883,Ilcikova A.,ilcikova-anezka,sofascore
291867,Tok B.,tok-bilal-selim,sofascore
291910,Meng F.,meng-fanbo,sofascore
291925,Seker A.,seker-ali-can,sofascore
291928,Grebnev M.,grebnev-maksim,sofascore
292130,Lillo A.,lillo-alberto,sofascore
292131,Nettarp B.,nettarp-bruno,sofascore
292129,Ruiz F.,ruiz-francisco-miguel,sofascore
291985,Bardac K.,bardac-klara,sofascore
292019,Lutz Camille,lutz-camille,sofascore
292015,Menger A.,menger-andjela,sofascore
292016,Susac S.,susac-sara,sofascore
292089,Kahraman B.,kahraman-betul-nur,sofascore
292090,Wenna TU.,tu-wenna,sofascore
292091,Cok I.,cok-isa,sofascore
292093,Harac E.,harac-ece,sofascore
291704,Morat A.,morat-adrian,sofascore
291705,Romeu G.,romeu-garcia-emilio,sofascore
292242,Ham Y.,ham-yu-song,sofascore
292241,Jeong C.,jeong-chanhee,sofascore
292270,Jinbao MA.,ma-jinbao,sofascore
292281,Sone K.,sone-kakeru,sofascore
292271,CHO D / Kim B,cho-d-kim-b,sofascore
292272,HAM Y S / RI K M,ham-y-s-ri-k-m,sofascore
292261,Liang J / Yan A,liang-j-yan-a,sofascore
292273,Kim T.,kim-taemin,sofascore
292262,Kim Y.,kim-yealin,sofascore
292274,Kyojin KU.,ku-kyojin,sofascore
292275,Kim H.,kim-hyong-jin,sofascore
292276,Hwang J.,hwang-jinha,sofascore
292264,Park G.,park-gyuhyeon,sofascore
292263,Kim B.,kim-byunghyeon,sofascore
292277,Kwang Jin RO.,ro-kwang-jin,sofascore
104553,Choi D.,choi-deokhwa,sofascore
292280,JI Song AN.,an-ji-song,sofascore
292265,Kwang Myong RI.,ri-kwang-myong,sofascore
292279,Baatar B.,baatar-battumur,sofascore
292266,Seo H.,seo-hongchan,sofascore
292267,Kim S.,kim-sol-song,sofascore
292282,Kim S.,kim-seoyun,sofascore
292283,Kim N.,kim-nayeong,sofascore
292217,Stamou D.,stamou-dimitrios,sofascore
292218,Juhasz P.,juhasz-patrik,sofascore
292219,Both O.,both-oliver,sofascore
292220,Damianis I.,damianis-ioannis,sofascore
292348,Caraulnaia V.,caraulnaia-vlada,sofascore
292349,Maurer L.,maurer-ludivine,sofascore
292352,Dimitrievska I.,dimitrievska-iva,sofascore
292353,Dubak M.,dubak-marija,sofascore
292354,Richards B.,richards-beth,sofascore
292355,Avraam G.,avraam-georgia,sofascore
292350,Smiganovscaia E.,smiganovscaia-ecaterina,sofascore
292351,Credaro C.,credaro-celine,sofascore
292358,Stacey L.,stacey-lauren,sofascore
292359,Meletie K.,meletie-konstantina,sofascore
292356,Stojanovska A.,stojanovska-ana,sofascore
292357,Petric I.,petric-ivona,sofascore
292364,Clement G.,clement-grace,sofascore
292365,Mylona M.,mylona-marina,sofascore
292360,Gurschi D.,gurschi-diana,sofascore
292361,Doutaz F.,doutaz-fanny,sofascore
292362,Mihajlovska B.,mihajlovska-bojana,sofascore
292363,Bajovic A.,bajovic-andrea,sofascore
292383,Anthony A / Patkar M,anthony-a-patkar-m,sofascore
292379,Jang W / Cha H S,jang-w-cha-h-s,sofascore
292380,Baatar B / Mergen D,baatar-b-mergen-d,sofascore
292381,PAK S H / Kim N H,pak-s-h-kim-n-h,sofascore
292382,Choe I / Yoo E,choe-i-yoo-e,sofascore
292427,Pyon S.,pyon-song-gyong,sofascore
292428,Chen Y.,chen-yen-hsin,sofascore
292429,Lee D.,lee-dagyeong,sofascore
292433,Choe H H / Pyon S G,choe-h-h-pyon-s-g,sofascore
292431,KIM O / Kim R,kim-o-kim-r,sofascore
292432,KIM S I / Suh H,kim-s-i-suh-h,sofascore
292434,LI C W / Zhu C,li-c-w-zhu-c,sofascore
292408,Skala R.,skala-radek,sofascore
292409,Onderka F.,onderka-frantisek,sofascore
292410,Bako R.,bako-radim,sofascore
292471,Aguiar J.,aguiar-joao,sofascore
292470,Binder M.,binder-michael,sofascore
292469,Banek M.,banek-mario,sofascore
292476,Horbanenko O.,horbanenko-oleksii,sofascore
292477,Ziller T.,ziller-thomas,sofascore
292473,Moro A.,moro-alberto,sofascore
292474,Sofroni D.,sofroni-danu,sofascore
292475,Tica J.,tica-jakov,sofascore
292480,Harea V.,harea-vasile,sofascore
292481,Limonov A.,limonov-anton,sofascore
292482,Promberger J.,promberger-jonas,sofascore
292478,Thillen E.,thillen-eric,sofascore
292479,Breznik L.,breznik-luka,sofascore
292492,Diamantopoulos M.,diamantopoulos-michail,sofascore
292385,Monfardini G.,monfardini-gaia,sofascore
292386,Vukelic M.,vukelic-marta,sofascore
292485,Michalak A.,michalak-aleksandra,sofascore
292533,Harimoto T / Hayata H,harimoto-t-hayata-h,sofascore
292532,Lin G / Wang M,lin-g-wang-m,sofascore
292526,Balazova B / Dvorak G,balazova-b-dvorak-g,sofascore
292527,Zhu Y / Wang M,zhu-y-wang-m,sofascore
292525,Patkar M / Sahasrabudhe P,patkar-m-sahasrabudhe-p,sofascore
292528,Chen M / Ding N,chen-m-ding-n,sofascore
292529,Liu Y-H / Su P-L,liu-y-h-su-p-l,sofascore
292530,Ryu H / Shin Y,ryu-h-shin-y,sofascore
292524,Lee N.,lee-nakyung,sofascore
292520,Gao N / Poh S F E,gao-n-poh-s-f-e,sofascore
292521,Lee S / Pak S H,lee-s-pak-s-h,sofascore
292517,Franziska P / Walther R,franziska-p-walther-r,sofascore
292519,Nuytinck C / Robinot Q,nuytinck-c-robinot-q,sofascore
292518,Dyjas J / Robles A,dyjas-j-robles-a,sofascore
292515,Cappuccio M.,cappuccio-marco,sofascore
292516,Jacques Q.,jacques-quentin,sofascore
292547,Lavric T.,lavric-taj,sofascore
292549,Levajac D.,levajac-dimitrije,sofascore
292548,Tiago LI.,li-tiago,sofascore
292550,DA Silva S.,da-silva-samuel,sofascore
292551,Grujic N.,grujic-nikola,sofascore
292552,Amorim V.,amorim-vitor,sofascore
292553,Tepic P.,tepic-pero,sofascore
292561,Dilas N.,dilas-nemanja,sofascore
292556,Fernandez A.,fernandez-alba,sofascore
292555,Puchovanova N.,puchovanova-nikoleta,sofascore
292557,Tiefenbrunner L.,tiefenbrunner-laura,sofascore
292558,Sinkarova D.,sinkarova-dasa,sofascore
292560,Veritz A.,veritz-ana-maria,sofascore
292639,Baart T / Gras T,baart-t-gras-t,sofascore
292640,Andersen M / Svenningsen P,andersen-m-svenningsen-p,sofascore
292635,Georgiou S / Elia I,georgiou-s-elia-i,sofascore
292636,Morrison C / Morton K,morrison-c-morton-k,sofascore
292637,Grixti G / Grixti I,grixti-g-grixti-i,sofascore
292638,Oleskevych O / Horbanenko O,oleskevych-o-horbanenko-o,sofascore
292570,Bardsley C.,bardsley-charlotte,sofascore
292571,Roose A.,roose-alma,sofascore
292572,Gidney M.,gidney-megan,sofascore
292573,Edvinsson J.,edvinsson-jennie,sofascore
292602,Binder M / Oppelz T,binder-m-oppelz-t,sofascore
292603,Sofroni D / Caraulnaia V,sofroni-d-caraulnaia-v,sofascore
292598,Buzarovski M / Mihajlovska B,buzarovski-m-mihajlovska-b,sofascore
292599,Popescu L / Nemaciuc M,popescu-l-nemaciuc-m,sofascore
292600,De Vos L / Gaspar R,de-vos-l-gaspar-r,sofascore
292601,Georgiou S / Avraam G,georgiou-s-avraam-g,sofascore
292608,Aguiar J / Poncin J,aguiar-j-poncin-j,sofascore
292609,Pihkala A / Titievskaja A,pihkala-a-titievskaja-a,sofascore
292612,Karmazin Y / Karlin V,karmazin-y-karlin-v,sofascore
292613,Toma D / Barbu A C,toma-d-barbu-a-c,sofascore
292610,Rustemovski R / Dimitrievska I,rustemovski-r-dimitrievska-i,sofascore
292611,Curry D / Callaghan P,curry-d-callaghan-p,sofascore
292647,Oehme B.,oehme-benno,sofascore
292648,Bajwa D.,bajwa-danny,sofascore
292649,Stacey J.,stacey-joshua,sofascore
292650,Mcdonald J.,mcdonald-jonatan,sofascore
292652,Christensen T.,christensen-thor,sofascore
292653,Georges S.,georges-steven,sofascore
292651,Georgiou S.,georgiou-stylianos,sofascore
292775,Late T.,late-thomas,sofascore
292776,Prusa D.,prusa-david,sofascore
292787,Pihkala A.,pihkala-arttu,sofascore
292657,Gales L.,gales-larissa,sofascore
292658,Adamsky K.,adamsky-karina,sofascore
292654,Markovic S.,markovic-snezana,sofascore
292655,Van Lierop K.,van-lierop-karlijn,sofascore
292656,Oprea I.,oprea-ioana-elena,sofascore
292659,Hristova K.,hristova-kalina,sofascore
292661,Santos V.,santos-vitoria,sofascore
292660,"Dahy, maelys",dahy-maelys,sofascore
284645,Hud V.,hud-veronika,sofascore
292777,Dari H.,dari-helga,sofascore
292778,Ilieva I.,ilieva-ivet,sofascore
292779,Vasileiadou T.,vasileiadou-theodora,sofascore
292643,Leitner S / Ender S,leitner-s-ender-s,sofascore
292644,Garayeva N / Zhou C,garayeva-n-zhou-c,sofascore
292645,Markovic S / Hasecic A,markovic-s-hasecic-a,sofascore
292646,Oprea I E / Morri C,oprea-i-e-morri-c,sofascore
292641,Mylona M / Ppali N,mylona-m-ppali-n,sofascore
292642,Adamsky K / Karlin V,adamsky-k-karlin-v,sofascore
292729,Gomes G / Batista I,gomes-g-batista-i,sofascore
292730,Kacerauskas A / Sciglaite K,kacerauskas-a-sciglaite-k,sofascore
292727,Tica J / Vukelic M,tica-j-vukelic-m,sofascore
292728,Naumi A / Lundstrom A,naumi-a-lundstrom-a,sofascore
292725,Limonov A / Prykhodko Y,limonov-a-prykhodko-y,sofascore
292726,Stamou D / Gerasimatou I,stamou-d-gerasimatou-i,sofascore
292723,Trtnik R / Strazar K,trtnik-r-strazar-k,sofascore
292724,Stumper K / Bondareva A,stumper-k-bondareva-a,sofascore
292113,Kibka Y.,kibka-yevhen,sofascore
292920,Tsissios A.,tsissios-andreas,sofascore
292769,Segal N.,segal-natan,sofascore
292949,Allen B.,allen-ben,sofascore
292922,Debono S.,debono-sean,sofascore
292923,Knezius G.,knezius-gytis,sofascore
292921,Kouchly J.,kouchly-jonathan,sofascore
292773,Senkbeil V.,senkbeil-vincent,sofascore
292950,Israeli T.,israeli-tal,sofascore
292765,Pach K.,pach-kamil,sofascore
292045,Sabhi M.,sabhi-myshaal,sofascore
292767,Izumrudov D.,izumrudov-denis,sofascore
292043,Tomica A.,tomica-andrei,sofascore
292951,Ameti S.,ameti-samuel,sofascore
292859,Kouchly J / Segal N,kouchly-j-segal-n,sofascore
292860,Stefanof D / Sonmez E B,stefanof-d-sonmez-e-b,sofascore
292857,Tauler N / Lindso D,tauler-n-lindso-d,sofascore
292858,Ramljak T / Pandurevic V,ramljak-t-pandurevic-v,sofascore
292879,Cosic D / Biogradlic D,cosic-d-biogradlic-d,sofascore
292880,Loncarevic H /baasan N,loncarevic-h-baasan-n,sofascore
292881,Fotiadou C / Chen S L,fotiadou-c-chen-s-l,sofascore
292882,Tene A / Bren M,tene-a-bren-m,sofascore
292883,Arlia N / Carnovale M,arlia-n-carnovale-m,sofascore
292884,Segula K / Kettler N,segula-k-kettler-n,sofascore
292885,Leggett F / Norbury A,leggett-f-norbury-a,sofascore
292886,Sommerova H / Klemperova A,sommerova-h-klemperova-a,sofascore
292799,Bassi L / Arlia N,bassi-l-arlia-n,sofascore
292800,Rassenfosse A / Riliskyte K,rassenfosse-a-riliskyte-k,sofascore
292801,Kubik M / Abraamian E,kubik-m-abraamian-e,sofascore
292666,Romanens B / Tullii N,romanens-b-tullii-n,sofascore
292855,Kosmal D / Krolikowska K,kosmal-d-krolikowska-k,sofascore
292856,Senkbeil V / Kaufmann A,senkbeil-v-kaufmann-a,sofascore
292853,Pandurevic V / Cosic D,pandurevic-v-cosic-d,sofascore
292854,Tomica A / Zaharia E,tomica-a-zaharia-e,sofascore
292892,Chirita I / Mitrofan L,chirita-i-mitrofan-l,sofascore
292893,Silva J / Matos I,silva-j-matos-i,sofascore
292668,Laffineur L / Van Hauwaert J,laffineur-l-van-hauwaert-j,sofascore
292803,Puppo A / Slautina A,puppo-a-slautina-a,sofascore
292904,Rakotoarimanana F / Pavade P,rakotoarimanana-f-pavade-p,sofascore
292905,Ocak Y / Cangir S,ocak-y-cangir-s,sofascore
292926,Oleskevych O.,oleskevych-oleksandr,sofascore
292924,Rafayelyan E,rafayelyan-e,sofascore
292925,Moradabbasi P,moradabbasi-p,sofascore
292973,Elia I.,elia-iosif,sofascore
292974,Oren D.,oren-dor,sofascore
292980,Grixti G.,grixti-gabriel,sofascore
292981,Moullet B.,moullet-barish,sofascore
292983,Nemaciuc M.,nemaciuc-miha,sofascore
292953,Terek N.,terek-norbert,sofascore
292790,Bertrand I / Pletea C,bertrand-i-pletea-c,sofascore
292791,Cyprich S / Radovic F,cyprich-s-radovic-f,sofascore
292788,Christensen T / Simonsen D,christensen-t-simonsen-d,sofascore
292789,Bardet L / Rembert B,bardet-l-rembert-b,sofascore
292792,Ulfarsson M / Ivarsson B,ulfarsson-m-ivarsson-b,sofascore
292793,Friis M / Moregard T,friis-m-moregard-t,sofascore
292794,Bassan U E / Seker A C,bassan-u-e-seker-a-c,sofascore
292795,Katsman L / Grebnev M,katsman-l-grebnev-m,sofascore
292796,Stacey J / Watson B,stacey-j-watson-b,sofascore
292797,Petrov M / Vatov K,petrov-m-vatov-k,sofascore
292798,Zelinka J / Peko S,zelinka-j-peko-s,sofascore
292928,Ender S.,ender-sarah,sofascore
292927,Popescu L.,popescu-luiza,sofascore
292865,Garcia A / Perez A,garcia-a-perez-a,sofascore
292866,Tailakova M / Dragoman A,tailakova-m-dragoman-a,sofascore
292867,Ilieva I / Hristova K,ilieva-i-hristova-k,sofascore
292868,Kazantseva K / Malinina N,kazantseva-k-malinina-n,sofascore
292869,Kisel D / Susac S,kisel-d-susac-s,sofascore
292870,Vovk A / Strazar K,vovk-a-strazar-k,sofascore
292861,Cathcart O / Payet D,cathcart-o-payet-d,sofascore
292862,Pletea C / Tailakova M,pletea-c-tailakova-m,sofascore
292876,Grebnev M / Malinina N,grebnev-m-malinina-n,sofascore
292877,Yang X / Zhou C,yang-x-zhou-c,sofascore
292863,Horbanenko O / Shumakova P,horbanenko-o-shumakova-p,sofascore
292864,Sipos R / Kolish A,sipos-r-kolish-a,sofascore
240083,Bertrand I / Mostafavi L,bertrand-i-mostafavi-l,sofascore
292891,Peko S / Labosova E,peko-s-labosova-e,sofascore
292890,Sgouropoulos I / Bogdanova N,sgouropoulos-i-bogdanova-n,sofascore
292899,Meissner C / Schreiner F,meissner-c-schreiner-f,sofascore
292898,YU K / Ning J,yu-k-ning-j,sofascore
293015,Makarov V.,makarov-vladislav,sofascore
293016,Chirita I.,chirita-iulian,sofascore
293017,Laffineur L.,laffineur-louis,sofascore
292958,BAN I / Kubik M,ban-i-kubik-m,sofascore
292957,Yunchyk V / Izumrudov D,yunchyk-v-izumrudov-d,sofascore
292068,Sabhi M / Rakotoarimanana F,sabhi-m-rakotoarimanana-f,sofascore
293146,Makarov V / Ryzhov S,makarov-v-ryzhov-s,sofascore
292069,Hollo M / Senkbeil V,hollo-m-senkbeil-v,sofascore
292966,Chomis C / Pavade P,chomis-c-pavade-p,sofascore
293147,Dmitrienko S / Slautina A,dmitrienko-s-slautina-a,sofascore
293148,Klee S / Zaharia E,klee-s-zaharia-e,sofascore
292959,Abrhamsson T / Muskantor R,abrhamsson-t-muskantor-r,sofascore
292960,Sabhi M / Lutz C,sabhi-m-lutz-c,sofascore
292961,Stalzer A / Zaderova L,stalzer-a-zaderova-l,sofascore
292954,Wang C.,wang-chenxi,sofascore
293169,Andersen M.,andersen-martin,sofascore
293170,Kouchly G.,kouchly-guy,sofascore
292967,Bako R / Martinko T,bako-r-martinko-t,sofascore
240335,Oprea D F / Sipos R,oprea-d-f-sipos-r,sofascore
293149,Kacerauskas A / Stankevicius M,kacerauskas-a-stankevicius-m,sofascore
292955,Terpou E.,terpou-elisavet,sofascore
292956,Bernard J.,bernard-jana,sofascore
293150,Grigorjan K.,grigorjan-karina,sofascore
292969,Dymytrenko A / Hud V,dymytrenko-a-hud-v,sofascore
292970,Plaian T / Zironova E,plaian-t-zironova-e,sofascore
292968,Kallberg C / Roose A,kallberg-c-roose-a,sofascore
293053,Ning J / Chen X,ning-j-chen-x,sofascore
293054,Menko V / Nagypal M,menko-v-nagypal-m,sofascore
293151,Blaskova Z / Laurenti J,blaskova-z-laurenti-j,sofascore
292964,De Nodrest L / Lutz C,de-nodrest-l-lutz-c,sofascore
292965,Zandecki J / Wegrzyn K,zandecki-j-wegrzyn-k,sofascore
292962,Kulczycki S / Wegrzyn A,kulczycki-s-wegrzyn-a,sofascore
292963,Bardet L / Cok I,bardet-l-cok-i,sofascore
293255,Dixon X.,dixon-xavier,sofascore
293254,Nathan XU.,xu-nathan,sofascore
293257,Meng Q.,meng-qi,sofascore
293256,Arinobu T.,arinobu-taimu,sofascore
292061,Hollo M.,hollo-mike,sofascore
292047,Movileanu D.,movileanu-darius,sofascore
293291,Belik S.,belik-simon,sofascore
292058,Movileanu D / Tomica A,movileanu-d-tomica-a,sofascore
293185,Gonzalez I / Pons A,gonzalez-i-pons-a,sofascore
293369,Rakotoarimanana F / Sabhi M,rakotoarimanana-f-sabhi-m,sofascore
293186,Abraamian E / Tenster L,abraamian-e-tenster-l,sofascore
293187,Kaufmann A / Pranjkovic N,kaufmann-a-pranjkovic-n,sofascore
293293,Arapovic H / Zaderova L,arapovic-h-zaderova-l,sofascore
293188,Amorim V / LI T,amorim-v-li-t,sofascore
293297,Yang X / YU K,yang-x-yu-k,sofascore
293294,Zironova E.,zironova-ekaterina,sofascore
293395,Gauthier L / Kolish A,gauthier-l-kolish-a,sofascore
293468,SHU D / XU N,shu-d-xu-n,sofascore
293466,Dixon X / Luu F,dixon-x-luu-f,sofascore
293467,Amor K / MA V,amor-k-ma-v,sofascore
293469,VON Einem S / Zhang R,von-einem-s-zhang-r,sofascore
293485,Gould B / Townsend K,gould-b-townsend-k,sofascore
293486,Anthony A / Thakkar M V,anthony-a-thakkar-m-v,sofascore
293508,SHU D / Cheng Z,shu-d-cheng-z,sofascore
293512,Achanta S K / Batra M,achanta-s-k-batra-m,sofascore
293511,Zhou Y / Che X,zhou-y-che-x,sofascore
293510,Townsend K / Kaur P,townsend-k-kaur-p,sofascore
293476,GU Y / LI J,gu-y-li-j,sofascore
293474,Choi H / Shin Y,choi-h-shin-y,sofascore
293475,Hirano M / Nagasaki M,hirano-m-nagasaki-m,sofascore
293477,Quah C / WU M,quah-c-wu-m,sofascore
293478,JEE M / Nie M,jee-m-nie-m,sofascore
148064,Duranspahic A.,duranspahic-admir,sofascore
295304,Zheng Peifeng,zheng-peifeng,sofascore
295305,Ben-Ari A.,ben-ari-aviv,sofascore
295301,Deshpande D.,deshpande-divya,sofascore
295320,Novota S / Valuch A,novota-s-valuch-a,sofascore
295332,Ben-Ari A / Tauber M,ben-ari-a-tauber-m,sofascore
295330,Brodd V / Ranefur E,brodd-v-ranefur-e,sofascore
295331,Zheng P / Zhu L,zheng-p-zhu-l,sofascore
295440,Aguirre M / Monteiro T,aguirre-m-monteiro-t,sofascore
295303,Yordanov T.,yordanov-teodor,sofascore
295302,Zhao Z.,zhao-zihao,sofascore
295306,Chirita C.,chirita-cristian,sofascore
295336,Bajor N / Sikorska M,bajor-n-sikorska-m,sofascore
295337,Farladanska G / Tofant A,farladanska-g-tofant-a,sofascore
295333,LIU G / Zhang R,liu-g-zhang-r,sofascore
295334,Arguelles C / Marchetti N,arguelles-c-marchetti-n,sofascore
295335,LEE Y / Park J,lee-y-park-j,sofascore
295338,DAS A / Deshpande D,das-a-deshpande-d,sofascore
292436,Abraamian E.,abraamian-elizabet,sofascore
240396, heo M.,heo-miryeo,sofascore
295402,Arguelles C.,arguelles-camila,sofascore
295457,Gerell P / Falck M,gerell-p-falck-m,sofascore
295458,Jancarik L / Reitspies D,jancarik-l-reitspies-d,sofascore
295459,Baek H / Kim D,baek-h-kim-d,sofascore
295460,Cechova D / Eerland B,cechova-d-eerland-b,sofascore
295461,Chen K / Wang Y,chen-k-wang-y,sofascore
295462,LIN C-H / Lung L,lin-c-h-lung-l,sofascore
295478,Falck M.,falck-mattias,sofascore
297227,TTC indeland Jülich,ttc-indeland-julich,sofascore
295479,Schwarzer D.,schwarzer-dwain,sofascore
295986,Zhang Y.,zhang-yudong,sofascore
295987,Xia Y.,xia-yizheng,sofascore
295988,Baba M.,baba-mayu,sofascore
296087,Gavlas A / Reitspies D,gavlas-a-reitspies-d,sofascore
296086,Akkuzu C / Seyfried J,akkuzu-c-seyfried-j,sofascore
296085,Lakatos T / Piccolin J,lakatos-t-piccolin-j,sofascore
296145,Devos R / Pistej L,devos-r-pistej-l,sofascore
247059,Jancarik L / Konecny T,jancarik-l-konecny-t,sofascore
296089,Jeger M / Srebrnjak D,jeger-m-srebrnjak-d,sofascore
296088,Stefcova K / Tomanovska K,stefcova-k-tomanovska-k,sofascore
296142,SUN J / Zeng J,sun-j-zeng-j,sofascore
296180,De Nutte S / Galic A,de-nutte-s-galic-a,sofascore
296181,Bergand F / Bergstrom L,bergand-f-bergstrom-l,sofascore
296182,Falck M / Karlsson K,falck-m-karlsson-k,sofascore
296183,Dyjas J Kotowski T,dyjas-j-kotowski-t,sofascore
296187,Gacev A.,gacev-aleksa,sofascore
296141,Kleinert D.,kleinert-daniel,sofascore
297226,Muhlbach C.,muhlbach-carlos,sofascore
292106,Bessa D.,bessa-david,sofascore
297849,Pons A.,pons-arnau,sofascore
241112,Riliskyte K.,riliskyte-kornelija,sofascore
297851,Hursey A.,hursey-anna,sofascore
297850,Matos I.,matos-ines,sofascore
292060,Rakotoarimanana F.,rakotoarimanana-fabio,sofascore
293145,Puppo A.,puppo-andrea,sofascore
292513,Pavade P.,pavade-prithika,sofascore
297852,Tominjak R.,tominjak-radmila,sofascore
292336,Arapovic H.,arapovic-hana,sofascore
292441,Slautina A.,slautina-arina,sofascore
297855,Silva Celia,silva-celia,sofascore
299279,Ansari M I / Aliyev S,ansari-m-i-aliyev-s,sofascore
299280,Putuntica A / Dubrovin V,putuntica-a-dubrovin-v,sofascore
299277,Dalgleish C / Razouk Y,dalgleish-c-razouk-y,sofascore
299278,Sidorenko V / Gadiev V,sidorenko-v-gadiev-v,sofascore
299282,Giardi F / Mongiusti M,giardi-f-mongiusti-m,sofascore
299283,Shamruk G / Kotowski T,shamruk-g-kotowski-t,sofascore
299284,Jensen F / Thorsteinsson H,jensen-f-thorsteinsson-h,sofascore
299285,Stankevicius M / Lesiv R,stankevicius-m-lesiv-r,sofascore
299126,Wykes J.,wykes-jordan,sofascore
299132,Dubrovin V.,dubrovin-veniamin,sofascore
299127,Reinholds A.,reinholds-arturs,sofascore
299130,Evans C / Tsaptsinos M,evans-c-tsaptsinos-m,sofascore
299131,Yigenler A / Yilmaz O,yigenler-a-yilmaz-o,sofascore
299128,Hribar P / Vovk A,hribar-p-vovk-a,sofascore
299129,Peto Z / Todorovic A,peto-z-todorovic-a,sofascore
299135,Lesiv R / Venckute V,lesiv-r-venckute-v,sofascore
299136,Gunduz I / Altinkaya S,gunduz-i-altinkaya-s,sofascore
299133,Vainula V / Avameri A,vainula-v-avameri-a,sofascore
299134,Radovic F / Lupulesku I,radovic-f-lupulesku-i,sofascore
194725,Gionis P / Toliou A,gionis-p-toliou-a,sofascore
299298,Stanojkovski K / Uce A,stanojkovski-k-uce-a,sofascore
299297,Seyfried J / Gasnier L,seyfried-j-gasnier-l,sofascore
299294,Monteiro Dodean D / Szocs H,monteiro-dodean-d-szocs-h,sofascore
299295,Cipin F / Jeger M,cipin-f-jeger-m,sofascore
299296,Sirucek P / Matelova H,sirucek-p-matelova-h,sofascore
299387,Pistej L / Sgouropoulos I,pistej-l-sgouropoulos-i,sofascore
299286,Carvalho D / Chen D,carvalho-d-chen-d,sofascore
299386,Weber L / Cipin F,weber-l-cipin-f,sofascore
299389,Mladenovic L / Reinholds A,mladenovic-l-reinholds-a,sofascore
299388,Persson J / Moregard T,persson-j-moregard-t,sofascore
299321,Cantero J / Karakasevic A,cantero-j-karakasevic-a,sofascore
299390,Kou L / Yefimov V,kou-l-yefimov-v,sofascore
299391,Walker S / Rasmussen T,walker-s-rasmussen-t,sofascore
299392,Szocs H / Lakatos T,szocs-h-lakatos-t,sofascore
299393,Carlsen R / Doval I,carlsen-r-doval-i,sofascore
299394,Diaconu A / Ciobanu I,diaconu-a-ciobanu-i,sofascore
299395,Kukulkova T / Odorova E,kukulkova-t-odorova-e,sofascore
299397,Konsbruck D / Meyer S,konsbruck-d-meyer-s,sofascore
299396,Colantoni C / Piccolin G,colantoni-c-piccolin-g,sofascore
299398,Mittelham N / Lang K,mittelham-n-lang-k,sofascore
299399,Liu J / Solja A,liu-j-solja-a,sofascore
299331,Alexandrov T / Hadziahmetovic E,alexandrov-t-hadziahmetovic-e,sofascore
299340,Badowski M / Bajor N,badowski-m-bajor-n,sofascore
299332,Chen D / Shao J,chen-d-shao-j,sofascore
299335,Chasselin P / Lebesson E,chasselin-p-lebesson-e,sofascore
194796,Weber L / Moret R,weber-l-moret-r,sofascore
299336,Drinkhall P / Carey C,drinkhall-p-carey-c,sofascore
299330,Falck M / Ekholm M,falck-m-ekholm-m,sofascore
299341,Wang Y / Odorova E,wang-y-odorova-e,sofascore
255250,Mladenovic L / NI L X,mladenovic-l-ni-l-x,sofascore
299342,Majoros B / Pota G,majoros-b-pota-g,sofascore
299343,Moregard T / Kallberg C,moregard-t-kallberg-c,sofascore
299337,Bobocica M / Vivarelli D,bobocica-m-vivarelli-d,sofascore
299339,Shibaev A / Mikhailova P,shibaev-a-mikhailova-p,sofascore
299333,Stoyanov N / Piccolin G,stoyanov-n-piccolin-g,sofascore
299334,Dyjas J / Partyka N,dyjas-j-partyka-n,sofascore
299338,Zhmudenko Y / Brateyko S,zhmudenko-y-brateyko-s,sofascore
299322,Mikutis T / Haug B,mikutis-t-haug-b,sofascore
299287,Mladenovski F.,mladenovski-filip,sofascore
299281,Hjartarson M.,hjartarson-magnus,sofascore
299323,Marchetti N / Tofant A,marchetti-n-tofant-a,sofascore
299324,Riliskyte K / Venckute V,riliskyte-k-venckute-v,sofascore
311991,Ttv Hercules,ttv-hercules,sofascore
311993,Divapan Sc,divapan-sc,sofascore
311994,CSS-FSK Odorheiu Secuiesc,css-fsk-odorheiu-secuiesc,sofascore
311992,Itass Dtk70,itass-dtk70,sofascore
311995,Fundacion Cajasol Hispalis,fundacion-cajasol-hispalis,sofascore
311996,Dt Echternach,dt-echternach,sofascore
301544,LZ Linz Froschberg,lz-linz-froschberg,sofascore
301545,Sporting Clube De Portugal,sporting-clube-de-portugal,sofascore
301463,Grela P.,grela-pawel,sofascore
302231,Pech S.,pech-seth,sofascore
302232,Rebetez Y.,rebetez-yoan,sofascore
302230,Kashiwa T.,kashiwa-takeru,sofascore
302233,Yao XU.,xu-yao,sofascore
302228,Vuhka M.,vuhka-maksim,sofascore
302218,Sun B.,sun-boya,sofascore
302229,Yue H.,yue-hao,sofascore
302234,Paredes N.,paredes-nathaly,sofascore
302217,De Vos L.,de-vos-lindsay,sofascore
302219,Bolton E.,bolton-emily,sofascore
302216,Koszulap N.,koszulap-natacha,sofascore
302363,LAI C-C / Peng W-W,lai-c-c-peng-w-w,sofascore
302364,Posch L / Tschanz C,posch-l-tschanz-c,sofascore
302356,Pieraert V / Swartenbrouckx G,pieraert-v-swartenbrouckx-g,sofascore
302357,Mino A / Riofrio E,mino-a-riofrio-e,sofascore
302365,Comeliau D / Degros N,comeliau-d-degros-n,sofascore
302372,Friis M / Soderlund S,friis-m-soderlund-s,sofascore
302373,Cazacu A / Singeorzan B,cazacu-a-singeorzan-b,sofascore
240382,Klos P / Martinko J,klos-p-martinko-j,sofascore
302358,Rolland J / Seyfried J,rolland-j-seyfried-j,sofascore
302225,Tingting GU.,gu-tingting,sofascore
302226,Chung R.,chung-rheann,sofascore
302227,Zhang Y.,zhang-yi,sofascore
302361,Mladin P.,mladin-paul-eugen,sofascore
302362,Asazu A.,asazu-aoto,sofascore
302369,Jing P.,jing-pengwei,sofascore
302376,Tio N.,tio-nicholas,sofascore
302295,Petrovova N.,petrovova-nikita,sofascore
302370,Aguirre M / Madrid M,aguirre-m-madrid-m,sofascore
302371,GAO X / Liu Y,gao-x-liu-y,sofascore
302359,SUN B / Wang S,sun-b-wang-s,sofascore
302366,Jing P / Wang Z,jing-p-wang-z,sofascore
302422,Ghosh A / Thakkar M V,ghosh-a-thakkar-m-v,sofascore
302423,Bernadet A / Medjugorac M,bernadet-a-medjugorac-m,sofascore
302424,NG P N / SU Z,ng-p-n-su-z,sofascore
302429,Arvidsson S / Ranefur E,arvidsson-s-ranefur-e,sofascore
302427,Artemenko N / Gadiev V,artemenko-n-gadiev-v,sofascore
302428,Sone K / Tanaka Y,sone-k-tanaka-y,sofascore
302441,Orac D / Zelinka J,orac-d-zelinka-j,sofascore
302440,Tauber M / Weber L,tauber-m-weber-l,sofascore
302360,KUO C-Y / Lin P-H,kuo-c-y-lin-p-h,sofascore
302374,Baravok K / Nikitchanka A,baravok-k-nikitchanka-a,sofascore
302375,Grigelova N / Puchovanova N,grigelova-n-puchovanova-n,sofascore
302367,Edem O / Medina P,edem-o-medina-p,sofascore
302368,Blazhko A / Sabitova V,blazhko-a-sabitova-v,sofascore
302421,Deshpande D / Mukherjee S,deshpande-d-mukherjee-s,sofascore
302432,Hartbrich L / Mynarova K,hartbrich-l-mynarova-k,sofascore
302431,GUI L / Yamada J,gui-l-yamada-j,sofascore
302430,LAM Y L / Mak T W,lam-y-l-mak-t-w,sofascore
302435,Jeger M / Sun J,jeger-m-sun-j,sofascore
302438,GU T / MA R,gu-t-ma-r,sofascore
302436,Park S / Shin Y,park-s-shin-y,sofascore
302437,Chasselin P / Migot M,chasselin-p-migot-m,sofascore
302443,Guo X.,guo-xinyi,sofascore
302478,Ecseki N / Sipos R,ecseki-n-sipos-r,sofascore
302442,Liu Y.,liu-yu,sofascore
302470,Helmy M.,helmy-mahmoud,sofascore
302444,Guo X.,guo-xinyi,sofascore
300101,Park G.,park-ganghyeon,sofascore
302511,Batra M / Kamath A G,batra-m-kamath-a-g,sofascore
302512,Balint B / Madarasz D,balint-b-madarasz-d,sofascore
302668,Holgersson H.,holgersson-hannah,sofascore
302667,Front E.,front-erika,sofascore
302669,Kjellson H.,kjellson-hanna,sofascore
302993,Christensen S / Sikorska M,christensen-s-sikorska-m,sofascore
302994,Dvorak G / Zhang X,dvorak-g-zhang-x,sofascore
302995,Malanina M / Shcherbatykh V,malanina-m-shcherbatykh-v,sofascore
302891,Jarvis T / Jha K,jarvis-t-jha-k,sofascore
302890,Kallberg A / Moregard T,kallberg-a-moregard-t,sofascore
302893,Cathcart O / Naumi A,cathcart-o-naumi-a,sofascore
302892,Haug B / Kotowski T,haug-b-kotowski-t,sofascore
303085,Cha H S / Choi H,cha-h-s-choi-h,sofascore
303795,Batra M / Kamath A,batra-m-kamath-a,sofascore
303046,Nagasaki M / Odo S,nagasaki-m-odo-s,sofascore
303045,Carey C / Yovkova M,carey-c-yovkova-m,sofascore
303086,An J S / Lim J,an-j-s-lim-j,sofascore
303048,HAM Y S / Jang W,ham-y-s-jang-w,sofascore
303047,Badowski M / Dyjas J,badowski-m-dyjas-j,sofascore
302949,Dani M.,dani-mudit,sofascore
303426,Wilson A.,wilson-aaron,sofascore
303615,Friedrich C.,friedrich-christian,sofascore
303616,Kellermann S.,kellermann-sophia,sofascore
303617,Apolonia T / Shao J,apolonia-t-shao-j,sofascore
303777,Friedrich C / Levenko A,friedrich-c-levenko-a,sofascore
303778,LIN G / MA L,lin-g-ma-l,sofascore
303779,Bergstrom L / Mischek K,bergstrom-l-mischek-k,sofascore
303783,Landrieu A / Migot M,landrieu-a-migot-m,sofascore
303782,Khanin A / Baltushite M,khanin-a-baltushite-m,sofascore
303780,Xu X / Liu S,xu-x-liu-s,sofascore
303781,Karakasevic A / Lupulesku I,karakasevic-a-lupulesku-i,sofascore
303794,FAN Z / Wang C,fan-z-wang-c,sofascore
304049,Marinković N.,marinkovic-n,sofascore
304200,Kunats H.,kunats-heorhi,sofascore
304202,Dvoynikov A.,dvoynikov-artem,sofascore
304201,Labanau A.,labanau-andrei,sofascore
304203,Zou H.,zou-hangcheng,sofascore
304204,Tsyhanouski M.,tsyhanouski-mikhail,sofascore
292510,Alkhouskaya U.,alkhouskaya-ulyana,sofascore
304208,Chernova D.,chernova-daria,sofascore
304207,Chen Z.,chen-zewen,sofascore
304206,Chakavaya T.,chakavaya-tatsiana,sofascore
304213,Bykov V.,bykov-viktor,sofascore
304214,Gusev A.,gusev-arseniy,sofascore
304248,Haoze LI.,li-haoze,sofascore
304216,Rozhkov M.,rozhkov-mikhail,sofascore
304221,Bolton E.,bolton-emily,sofascore
304223,Kang G.,kang-gayun,sofascore
304222,Izumo M.,izumo-miku,sofascore
304209,Kisel D.,kisel-darya,sofascore
304224,Lee S.,lee-sobong,sofascore
304205,Sun Z.,sun-zheng,sofascore
304212,Vishniakova O.,vishniakova-olga,sofascore
304210,Zhang J.,zhang-jieling,sofascore
304211,Saparova A.,saparova-alsu,sofascore
292105,Grebeniuk A.,grebeniuk-andrii,sofascore
304217,Milovanov A.,milovanov-andrey,sofascore
304218,Nadolnyy Y.,nadolnyy-yuriy,sofascore
304220,Tahara S.,tahara-shogo,sofascore
304219,Shi T.,shi-tao,sofascore
304329,Yarashenka V.,yarashenka-vadim,sofascore
304330,Berezin I.,berezin-ilya,sofascore
292278,Mondal R.,mondal-raj,sofascore
304361,Hengrui YU.,yu-hengrui,sofascore
304360,Zhang H.,zhang-haipu,sofascore
304225,Aige HE.,he-aige,sofascore
304226,Nian S.,nian-shiyao,sofascore
304227,Zhang J.,zhang-jieling,sofascore
304359,Ivanov G.,ivanov-gleb,sofascore
304215,Yuhao LI.,li-yuhao,sofascore
304319,Barabanov K / Barbolin I,barabanov-k-barbolin-i,sofascore
304320,Mutti L / Mutti M,mutti-l-mutti-m,sofascore
304324,Cho J / Kim J,cho-j-kim-j,sofascore
304325,Kubik M / Walaszek P,kubik-m-walaszek-p,sofascore
304321,Grela A / Nalepa K,grela-a-nalepa-k,sofascore
304322,Milovanov A / Tsiarokhin A,milovanov-a-tsiarokhin-a,sofascore
304323,Nadolnyy Y / Zavadskyi I,nadolnyy-y-zavadskyi-i,sofascore
304416,Alamian N / Lofijanabadi M,alamian-n-lofijanabadi-m,sofascore
304415,Kelbuganov T / Zhamal B,kelbuganov-t-zhamal-b,sofascore
304326,Sandstrom P / Soderlund S,sandstrom-p-soderlund-s,sofascore
304327,Sriram S / Thakkar M V,sriram-s-thakkar-m-v,sofascore
304328,Sarsembayev D / Zholudev D,sarsembayev-d-zholudev-d,sofascore
304455,Dvoynikov A / Sidorenko V,dvoynikov-a-sidorenko-v,sofascore
304453,Ben-Ari A / Simon M,ben-ari-a-simon-m,sofascore
304454,Konecny T / Reitspies D,konecny-t-reitspies-d,sofascore
304332,Chakavaya T / Nikitchanka A,chakavaya-t-nikitchanka-a,sofascore
304333,Akasheva Z / Alimbayeva A,akasheva-z-alimbayeva-a,sofascore
304334,Kolish A / Shcherbatykh V,kolish-a-shcherbatykh-v,sofascore
304335,Bolton E / Tsaptsinos M,bolton-e-tsaptsinos-m,sofascore
304331,Kukulkova T / Truksova L,kukulkova-t-truksova-l,sofascore
304428,Khusseinova G / Lavrova A,khusseinova-g-lavrova-a,sofascore
304426,Farladanska G / Yepifantseva A,farladanska-g-yepifantseva-a,sofascore
304427,Baravok K / Trigolos D,baravok-k-trigolos-d,sofascore
304429,GUO S / Zhang J,guo-s-zhang-j,sofascore
304460,Lee Y.,lee-yeongeun,sofascore
304459,Kuzmina E.,kuzmina-elena,sofascore
304461,Sora YU.,yu-sora,sofascore
304512,Aige HE.,he-aige,sofascore
304509,Izumo M.,izumo-miku,sofascore
304510,Didukh O / Pistej L,didukh-o-pistej-l,sofascore
304513,KOU L / Wei S,kou-l-wei-s,sofascore
304514,Kotowski T / Zatowka P,kotowski-t-zatowka-p,sofascore
304515,Engemann G / Ort K,engemann-g-ort-k,sofascore
304462,Shen Z.,shen-zhesong,sofascore
304463,Liu J.,liu-jia,sofascore
304516,GUO R / HE A,guo-r-he-a,sofascore
304524,Balint B / Hartbrich L,balint-b-hartbrich-l,sofascore
304525,LEE S / YU S,lee-s-yu-s,sofascore
304511,De Nutte S / Konsbruck D,de-nutte-s-konsbruck-d,sofascore
304522,KIM H / Lee E,kim-h-lee-e,sofascore
304523,Kihara M /soma Y,kihara-m-soma-y,sofascore
305602,Mateusz Golebiowski,golebiowsi-mateusz,sofascore
307844,Katic I.,katic-ivor,sofascore
307846,Angelakis K / Toliou A,angelakis-k-toliou-a,sofascore
307845,Pletea C / Samara E,pletea-c-samara-e,sofascore
307847,Polansky T / Matelova H,polansky-t-matelova-h,sofascore
308012,Lin Y J / Cheng I C,lin-y-j-cheng-i-c,sofascore
308011,Calderano H / Takahashi B,calderano-h-takahashi-b,sofascore
308031,Piccolin G / Stoyanov N,piccolin-g-stoyanov-n,sofascore
308018,Shan X / Winter S,shan-x-winter-s,sofascore
308017,Chen M / Sun Y,chen-m-sun-y,sofascore
307939,Kaluzny S / Pistej L,kaluzny-s-pistej-l,sofascore
308007,Polansky T / Sirucek P,polansky-t-sirucek-p,sofascore
307940,Altinkaya S / Sikorska M,altinkaya-s-sikorska-m,sofascore
126052,Gasnier L / Grundisch C,gasnier-l-grundisch-c,sofascore
308008,Carey C / Tsaptsinos M,carey-c-tsaptsinos-m,sofascore
307941,Freitas M / YU F,freitas-m-yu-f,sofascore
307942,Pryshchepa Y / Pesotska M,pryshchepa-y-pesotska-m,sofascore
308016,Kozul D / Tokic B,kozul-d-tokic-b,sofascore
308014,Lam S H / Wong C T,lam-s-h-wong-c-t,sofascore
308015,Duda B / Filus R,duda-b-filus-r,sofascore
308013,Liang J / Xu X,liang-j-xu-x,sofascore
309789,SAI Linwei,sai-linwei,sofascore
309788,Xiang P.,xiang-peng,sofascore
309790,Zeng Beixun,zeng-beixun,sofascore
309792,Chen Yi,chen-yi,sofascore
309791,Yangchen WU.,wu-yangchen,sofascore
309793,Liu Y.,liu-yangzi,sofascore
241116,Pinho D.,pinho-diogo,sofascore
309824,Bobocica M / Piccolin J,bobocica-m-piccolin-j,sofascore
309825,CAO W / XU Y,cao-w-xu-y,sofascore
309826,Franco C / Machado C,franco-c-machado-c,sofascore
309817,Matsuyama Y / Takami M,matsuyama-y-takami-m,sofascore
309818,Chen A / Friedrich C,chen-a-friedrich-c,sofascore
309877,Alto G / Galvano N,alto-g-galvano-n,sofascore
309821,SUN Wen,sun-wen,sofascore
309794,Liu Y.,liu-yebo,sofascore
309795,Quan Kaiyuan,quan-kaiyuan,sofascore
309796,Cao W.,cao-wei,sofascore
148066,Silva A.,silva-andre,sofascore
309797,Seduvem J.,seduvem-joao,sofascore
309822,Semenov A.,semenov-andrey,sofascore
309819,Kuai M / WU Y,kuai-m-wu-y,sofascore
309820,Huang H / Huang Y C,huang-h-huang-y-c,sofascore
309861,FAN S / Yang H,fan-s-yang-h,sofascore
309864,Jurkova E / Puchovanova N,jurkova-e-puchovanova-n,sofascore
309865,Helle T / Marchetti N,helle-t-marchetti-n,sofascore
309863,Ojio H / Soma Y,ojio-h-soma-y,sofascore
309798,Guo Y.,guo-yuhan,sofascore
309799,Santos M.,santos-marta,sofascore
309800,Zhang B.,zhang-binyue,sofascore
309823,Khusseinova G.,khusseinova-gulchekhra,sofascore
309802,Yang H.,yang-huijing,sofascore
309801,Yuan J.,yuan-jia-nan,sofascore
309803,Yangchen WU.,wu-yangchen,sofascore
309878,Majoros B / Rasmussen T,majoros-b-rasmussen-t,sofascore
309879,SUN W / Zhang Y,sun-w-zhang-y,sofascore
309883,Moregard T / Ranefur E,moregard-t-ranefur-e,sofascore
309884,BEN Ari O / Tauber M,ben-ari-o-tauber-m,sofascore
309895,Shinozuka H / Sone K,shinozuka-h-sone-k,sofascore
309898,Drinkhall P / Jarvis T,drinkhall-p-jarvis-t,sofascore
309896,Silva A / Silva D,silva-a-silva-d,sofascore
309897,LI H Y / Sun C H,li-h-y-sun-c-h,sofascore
309926,Liang J / Lin G,liang-j-lin-g,sofascore
309927,Carvalho D / Geraldo J,carvalho-d-geraldo-j,sofascore
309885,Carey C / Kukulkova T,carey-c-kukulkova-t,sofascore
309886,Loeuillette S / Yuan J N,loeuillette-s-yuan-j-n,sofascore
309887,Ciobanu I / Clapa A,ciobanu-i-clapa-a,sofascore
309928,Oliveira L / Shao J,oliveira-l-shao-j,sofascore
309919,Haug B / MA W,haug-b-ma-w,sofascore
309869,Platonov P / Bogdanova N,platonov-p-bogdanova-n,sofascore
309870,Zatowka P / Partyka N,zatowka-p-partyka-n,sofascore
309868,Pletea C / Samara E,pletea-c-samara-e,sofascore
309917,TIO N / Zhang L,tio-n-zhang-l,sofascore
309918,Grininger T / Mischek K,grininger-t-mischek-k,sofascore
309961,Kuai M.,kuai-man,sofascore
309930,Carvalho D / Shao J,carvalho-d-shao-j,sofascore
309929,LIN G / Liu S,lin-g-liu-s,sofascore
309981,LI H Y / Lin C H,li-h-y-lin-c-h,sofascore
309867,ORT K / Wan Y,ort-k-wan-y,sofascore
309982,Wang C / Yang H,wang-c-yang-h,sofascore
309983,Pistej L / Kukulkova T,pistej-l-kukulkova-t,sofascore
309990,Bajor N / Partyka N,bajor-n-partyka-n,sofascore
309841,Moscoso H.,moscoso-heber,sofascore
311289,Gomes G.,gomes-goncalo,sofascore
311293,Martins R.,martins-raquel,sofascore
311296,Devos L / Mutti M,devos-l-mutti-m,sofascore
311297,DA Silva S / Gomes G,da-silva-s-gomes-g,sofascore
311308,Engemann G / Francisco J P,engemann-g-francisco-j-p,sofascore
311298,Mladenovic L / Evans C,mladenovic-l-evans-c,sofascore
311309,Ursu V / Kolodziejczyk M,ursu-v-kolodziejczyk-m,sofascore
311310,Grininger T / Yigenler A,grininger-t-yigenler-a,sofascore
311299,Bolton E / Mosconi V,bolton-e-mosconi-v,sofascore
311377,Cakol K / Vukelic M,cakol-k-vukelic-m,sofascore
311290,HO T T / Mischek K,ho-t-t-mischek-k,sofascore
311291,Chakavaya T / Martins R,chakavaya-t-martins-r,sofascore
311300,Kukulkova T / Laurenti J,kukulkova-t-laurenti-j,sofascore
311301,Front E / Lundstrom A,front-e-lundstrom-a,sofascore
311292,Vovk A / Paulin L,vovk-a-paulin-l,sofascore
311295,Lundstrom A.,lundstrom-annika,sofascore
311475,Abusev A / Sgouropoulos I,abusev-a-sgouropoulos-i,sofascore
311476,Jorgic D / Hribar P,jorgic-d-hribar-p,sofascore
311480,Khanin A / Kotowski T,khanin-a-kotowski-t,sofascore
311477,Levenko A / Putuntica A,levenko-a-putuntica-a,sofascore
311478,Malanina M / Schreiner F,malanina-m-schreiner-f,sofascore
311479,Avameri A / Slazak J,avameri-a-slazak-j,sofascore
311474,Zarif A / Zhang X,zarif-a-zhang-x,sofascore
311481,Perez A / Plaian T,perez-a-plaian-t,sofascore
312374,Kotb M.,kotb-moatazbellah,sofascore
312413,Kenzhigulov A.,kenzhigulov-aidos,sofascore
239696,Abousetta S.,abousetta-sarah,sofascore
312369,Garlapati P.,garlapati-pranitha,sofascore
312372,Jaiswal N.,jaiswal-naina,sofascore
312371,Hajilou P.,hajilou-parinaz,sofascore
312373,Isakov I.,isakov-ilya,sofascore
312445,Chua J.,chua-josh-shao-han,sofascore
312446,Sharafeldin A.,sharafeldin-ahmed,sofascore
312375,Lim E.,lim-eunice,sofascore
312376,Goyal G.,goyal-garima,sofascore
312415,Genovese S.,genovese-sascha,sofascore
312433,Andrade R.,andrade-raquel,sofascore
312414,Aguiar M.,aguiar-maria-jose,sofascore
312439,Ayuso A.,ayuso-angel,sofascore
312418,Ichinose T.,ichinose-takumi,sofascore
312419,De Las Heras R.,de-las-heras-rafael,sofascore
312416,Nunez M.,nunez-miguel,sofascore
312434,Tian Y.,tian-ye,sofascore
312417,Herranz G.,herranz-gonzalo,sofascore
312420,Álvarez Garcia M.,alvarez-garcia-moises,sofascore
312421,Han Q.,han-qiyao,sofascore
312435,Papadakis I.,papadakis-ioannis,sofascore
312442,Liu X.,liu-xin,sofascore
312422,Tellez C.,tellez-cory,sofascore
312423,Ziberova A.,ziberova-anastasia,sofascore
312370,Wong X.,wong-xin-ru,sofascore
312377,Karami M.,karami-melika,sofascore
312380,Kelbuganov T / Zholudev D,kelbuganov-t-zholudev-d,sofascore
312378,Chew Z Y C / Chua J S H,chew-z-y-c-chua-j-s-h,sofascore
312379,Al-Abbad A / Al-Jadai N,al-abbad-a-al-jadai-n,sofascore
312448,Dani M / Gupta U,dani-m-gupta-u,sofascore
312449,Hodaei A H / Lotfijanabadi M,hodaei-a-h-lotfijanabadi-m,sofascore
312447,Shankar R.,shankar-riti,sofascore
312432,Simonet N.,simonet-nicolas,sofascore
312440,Jamiu A.,jamiu-azeez-olugbenga,sofascore
312444,Cissa V.,cissa-victor,sofascore
312436,Correa C.,correa-cecilio,sofascore
312441,Limanis K.,limanis-kristaps,sofascore
312437,Cobas J.,cobas-judith,sofascore
312443,Lebedeva V.,lebedeva-victoria,sofascore
312507,Aguirre M / Mino A,aguirre-m-mino-a,sofascore
312508,JIN T / Oikawa M,jin-t-oikawa-m,sofascore
312533,Abousetta S / Alhodaby M,abousetta-s-alhodaby-m,sofascore
312534,LIM E / Tan E H,lim-e-tan-e-h,sofascore
312531,Goyal G / Shankar R,goyal-g-shankar-r,sofascore
312532,Hajilou P / Karami M,hajilou-p-karami-m,sofascore
312513,Chua J S H / Zhang W,chua-j-s-h-zhang-w,sofascore
240027,Sidorenko V / Tailakova M,sidorenko-v-tailakova-m,sofascore
312509,Kaluzny S / Odorova E,kaluzny-s-odorova-e,sofascore
312510,Kelbuganov T / Lavrova A,kelbuganov-t-lavrova-a,sofascore
312514,Chew Z Y C / Lin Y,chew-z-y-c-lin-y,sofascore
312511,Zholudev D / Khusseinova G,zholudev-d-khusseinova-g,sofascore
312512,TAN L / Goi R X,tan-l-goi-r-x,sofascore
312609,Pang Y E K / Wong X R,pang-y-e-k-wong-x-r,sofascore
312616,POH S F E / Zeng J,poh-s-f-e-zeng-j,sofascore
312614,Skachkov K / Shcherbatykh V,skachkov-k-shcherbatykh-v,sofascore
312627,Kordoutis D.,kordoutis-dimitrios,sofascore
312524,Manhani H / Toma D,manhani-h-toma-d,sofascore
312521,Fujimura T / Sadamatsu Y,fujimura-t-sadamatsu-y,sofascore
312522,Caballero C / Cantero J,caballero-c-cantero-j,sofascore
312520,Benito J / Martinez G,benito-j-martinez-g,sofascore
312523,Tschanz C / Weber L,tschanz-c-weber-l,sofascore
195036,Konecny T / Tregler T,konecny-t-tregler-t,sofascore
312600,Darcis T / Pieraert V,darcis-t-pieraert-v,sofascore
312599,Piccolin J / Piciulin G,piccolin-j-piciulin-g,sofascore
312526,Deshpande D / Sahasrabudhe P,deshpande-d-sahasrabudhe-p,sofascore
312527,Vishniakova O / Ziberova A,vishniakova-o-ziberova-a,sofascore
312525,Fernandez A / Garcia A,fernandez-a-garcia-a,sofascore
312530,Christensen S / De Hoop S,christensen-s-de-hoop-s,sofascore
312528,Jurkova E / Urikova M,jurkova-e-urikova-m,sofascore
312529,Jonsson J / Moret R,jonsson-j-moret-r,sofascore
312601,Aguiar M J / Perdomo M,aguiar-m-j-perdomo-m,sofascore
312602,Chasselin P / Zarif A,chasselin-p-zarif-a,sofascore
312603,Cakol K / Tubikanec I,cakol-k-tubikanec-i,sofascore
312611,Alraisi A.,alraisi-asad,sofascore
312615,LIN C-H / SU P-L,lin-c-h-su-p-l,sofascore
312612,Wong X R / Zhang W,wong-x-r-zhang-w,sofascore
312613,Cheng H-T / Migot M,cheng-h-t-migot-m,sofascore
312658,Ashtari M / Shahsavari N,ashtari-m-shahsavari-n,sofascore
312617,Sawettabut S / WU Y,sawettabut-s-wu-y,sofascore
312659,Akasheva Z / Sikorska M,akasheva-z-sikorska-m,sofascore
312651,JHA K / WU Y,jha-k-wu-y,sofascore
312630,Mondal R / Shetty S,mondal-r-shetty-s,sofascore
159934,LEE C-S / Yang H-W,lee-c-s-yang-h-w,sofascore
312665,Ishiy V / Jouti E,ishiy-v-jouti-e,sofascore
312628,Vivarelli D / Zhang L,vivarelli-d-zhang-l,sofascore
312629,LIU X / Xiao M,liu-x-xiao-m,sofascore
312666,Jeger M / Winter S,jeger-m-winter-s,sofascore
312649,Morita A.,morita-ayane,sofascore
312880,EL Mouhanadi A.,el-mouhanadi-ahmed-khalil,sofascore
24883,Al-Hasan I.,al-hasan-ibrahim,sofascore
312881,Nakamori H.,nakamori-honami,sofascore
313025,Liang J / Wang C,liang-j-wang-c,sofascore
313033,Ovtcharov D / Walther R,ovtcharov-d-walther-r,sofascore
313026,LIU H Y / SU P L,liu-h-y-su-p-l,sofascore
313034,Dvorak G / Migot M,dvorak-g-migot-m,sofascore
313027,Chuang C Y / Liu H Y,chuang-c-y-liu-h-y,sofascore
313035,Majoros B / Madarasz D,majoros-b-madarasz-d,sofascore
313108,Harimoto T / Ishikawa K,harimoto-t-ishikawa-k,sofascore
313074,Jang W / Choi H,jang-w-choi-h,sofascore
313086,Dyjas J / Nuytinck C,dyjas-j-nuytinck-c,sofascore
313088,SUN Y / Wang M,sun-y-wang-m,sofascore
313087,Ding N / Wang Y,ding-n-wang-y,sofascore
313089,Jeon J / Lee Z,jeon-j-lee-z,sofascore
313434,Diaz O / You J,diaz-o-you-j,sofascore
313435,Gatica H / Moscoso H,gatica-h-moscoso-h,sofascore
313436,Avelar D / Discua N,avelar-d-discua-n,sofascore
313437,Orantes C / Mendoza M,orantes-c-mendoza-m,sofascore
313454,Enriquez M / Montufar A,enriquez-m-montufar-a,sofascore
313438,Angulo M / Vallecillo F,angulo-m-vallecillo-f,sofascore
313439,Archila Soto J / Orellana S,archila-soto-j-orellana-s,sofascore
313440,Sanchez N / Marin I,sanchez-n-marin-i,sofascore
313441,Martinez J / Machado C,martinez-j-machado-c,sofascore
194757,Madrid M / Silva Y,madrid-m-silva-y,sofascore
313467,Martinez J / Rojas S,martinez-j-rojas-s,sofascore
194715,Gatica H / Enriquez M,gatica-h-enriquez-m,sofascore
313468,Montufar K / Cordero L,montufar-k-cordero-l,sofascore
313416,Francisco J.,francisco-jose,sofascore
313417,Rembert B.,rembert-bastien,sofascore
313570,Lara M / Zamora C,lara-m-zamora-c,sofascore
313537,Sanchez N.,sanchez-noe,sofascore
313538,Zamora C.,zamora-carlos,sofascore
313539,Castellon D.,castellon-denilson,sofascore
313540,Castro G.,castro-gary,sofascore
313542,Gatica H.,gatica-hector,sofascore
313543,Galeano J.,galeano-jaime,sofascore
313544,Archila Soto J.,archila-soto-josue,sofascore
313565,You J.,you-jose,sofascore
313567,Diaz O.,diaz-oscar,sofascore
313557,Cordero L / Zapata H,cordero-l-zapata-h,sofascore
313558,Barcenas C / Silva Y,barcenas-c-silva-y,sofascore
313541,Mejia M.,mejia-monica,sofascore
313545,Enriquez M.,enriquez-mabelyn,sofascore
313546,Vallecillo F.,vallecillo-fiorella,sofascore
313547,Zapata H.,zapata-hidalynn,sofascore
313548,Orantes C.,orantes-cecila,sofascore
313568,Barcenas C.,barcenas-clio,sofascore
313569,Discua N.,discua-natalia,sofascore
313680,Lara M.,lara-miguel,sofascore
313681,Martinez J.,martinez-jeison,sofascore
313679,Araya D.,araya-daniel,sofascore
313666,Ayestas R.,ayestas-rebecca,sofascore
313677,Cordero L.,cordero-lucia,sofascore
313678,Maroto P.,maroto-paola,sofascore
313719,Angulo M / Araya D,angulo-m-araya-d,sofascore
313720,Moreno L / Roustan G,moreno-l-roustan-g,sofascore
313722,Roustan G.,roustan-genaro,sofascore
313711,Discua R.,discua-raquel,sofascore
313760,Lara M / Villa R,lara-m-villa-r,sofascore
313749,Montufar K.,montufar-kevin,sofascore
314085,De Saintilan M.,de-saintilan-mathieu,sofascore
314246,Duch A.,duch-adam,sofascore
314914,ABO Yaman Z.,abo-yaman-zaid,sofascore
314915,Gubran E.,gubran-ebrahim-abdulhakim,sofascore
314916,Smirnov A.,smirnov-aleksandr,sofascore
314917,Nguyen D.,nguyen-duc-tuan,sofascore
314918,Lawal A.,lawal-abiodun,sofascore
314919,Bouriah L.,bouriah-larbi,sofascore
314920,Aitahunov A.,aitahunov-abdyljan,sofascore
314921,Ahmed M.,ahmed-md-javed,sofascore
314929,Nguyen K.,nguyen-khoa-dieu-khanh,sofascore
314928,Spicer C.,spicer-catherine,sofascore
293165,Musajeva S.,musajeva-sabina,sofascore
314930,Kamenan C.,kamenan-christine,sofascore
314931,Khalid A.,khalid-alisa,sofascore
314932,Klimanova N.,klimanova-natalija,sofascore
314933,Loghraibi L.,loghraibi-lynda,sofascore
314934,Kuok C.,kuok-cheng-i,sofascore
314950,Batmunkh B-E / Myandal T,batmunkh-b-e-myandal-t,sofascore
314941,FAN Z / Ding N,fan-z-ding-n,sofascore
314942,Kumar N / Zhang L,kumar-n-zhang-l,sofascore
314943,Majoros B / Balint B,majoros-b-balint-b,sofascore
314944,Busatlic B / Matkovic L,busatlic-b-matkovic-l,sofascore
314945,Abrefa D / Baah-Danso C,abrefa-d-baah-danso-c,sofascore
314946,Arnachellum A / Ramasawmy C,arnachellum-a-ramasawmy-c,sofascore
314952,Posch L / Reust C,posch-l-reust-c,sofascore
314947,Morrison C / Plaistow R,morrison-c-plaistow-r,sofascore
314948,Leong C F / Lyne K,leong-c-f-lyne-k,sofascore
315041,Ahmed M J / Hossain I,ahmed-m-j-hossain-i,sofascore
315042,Chua J S H / Pang Y E K,chua-j-s-h-pang-y-e-k,sofascore
315046,Alicic A / Matkovic L,alicic-a-matkovic-l,sofascore
315030,Correa C / Medina J,correa-c-medina-j,sofascore
315031,Michely G / Reinholds A,michely-g-reinholds-a,sofascore
315036,Abdulwahhab M / EL Mouhanadi A K,abdulwahhab-m-el-mouhanadi-a-k,sofascore
315047,AL Balushi M / Al-Mandhari H,al-balushi-m-al-mandhari-h,sofascore
315048,Maguire G / Wetzel A,maguire-g-wetzel-a,sofascore
315037,Krastev P / Todorov S,krastev-p-todorov-s,sofascore
315043,Jimenez J / Lara M,jimenez-j-lara-m,sofascore
315044,Gionis P / Sgouropoulos I,gionis-p-sgouropoulos-i,sofascore
315032,Rodriguez I D / Ulfarsson M,rodriguez-i-d-ulfarsson-m,sofascore
314922,Morrison C.,morrison-calum,sofascore
314923,Ahmedov R.,ahmedov-ravil,sofascore
314925,Hristonov H.,hristonov-hristo,sofascore
314924,Mahmuti K.,mahmuti-kreshnik,sofascore
314926,Ahmedov R.,ahmedov-rashid,sofascore
314927,Kostovski P.,kostovski-petar,sofascore
315038,Michely G.,michely-gilles,sofascore
315049,Albalushi S.,albalushi-salah,sofascore
315050,Rakotoarisoa S.,rakotoarisoa-setra,sofascore
315039,Chan Yook Fo B.,chan-yook-fo-brian,sofascore
315033,Yogarajah A.,yogarajah-akhilen,sofascore
314936,Bromley M.,bromley-michelle,sofascore
314937,Omuralieva A.,omuralieva-altynai,sofascore
314935,Melaikaite A.,melaikaite-auguste,sofascore
314938,Baah Danso C.,baah-danso-celia,sofascore
314939,Morri C.,morri-chiara,sofascore
293191,Brinza N.,brinza-natalia,sofascore
314940,Khadjieva R.,khadjieva-rozalina,sofascore
315078,Nembang S.,nembang-swechchha,sofascore
314972,ABO Yaman Z / Abo Yaman T,abo-yaman-z-abo-yaman-t,sofascore
314971,Zholudev D / Lavrova A,zholudev-d-lavrova-a,sofascore
314970,Alicic A / Hadziahmetovic E,alicic-a-hadziahmetovic-e,sofascore
315225,Kim J.,kim-jin-hyang,sofascore
315007,AN J S / Kim N H,an-j-s-kim-n-h,sofascore
315092,Karlsson K / Kallberg C,karlsson-k-kallberg-c,sofascore
315087,Assar H / Helmy Y,assar-h-helmy-y,sofascore
315082,Townsend K / Bromley M,townsend-k-bromley-m,sofascore
315084,Tsuboi G / Takahashi B,tsuboi-g-takahashi-b,sofascore
315088,Ivonin D / Noskova Y,ivonin-d-noskova-y,sofascore
315093,HAM Y S / Cha H S,ham-y-s-cha-h-s,sofascore
315085,HU H / Tapper M,hu-h-tapper-m,sofascore
315086,Polansky T / Matelova H,polansky-t-matelova-h,sofascore
315080,Peng W-W / Cheng H-T,peng-w-w-cheng-h-t,sofascore
315089,Kaluzny S / Kukulkova T,kaluzny-s-kukulkova-t,sofascore
315006,Khadjieva R / Teshaboev K,khadjieva-r-teshaboev-k,sofascore
315091,QIU D / Mittelham N,qiu-d-mittelham-n,sofascore
315090,Cifuentes H / Arguelles C,cifuentes-h-arguelles-c,sofascore
315083,Gnanasekaran S / Kamath A G,gnanasekaran-s-kamath-a-g,sofascore
315081,Wisutmaythangkoon S / Paranang O,wisutmaythangkoon-s-paranang-o,sofascore
194793,Toriola S / Oshonaike O,toriola-s-oshonaike-o,sofascore
315103,Chojnowski P / Dyjas J,chojnowski-p-dyjas-j,sofascore
315139,Omotayo O / Aruna Q,omotayo-o-aruna-q,sofascore
315166,Wang C / MA L,wang-c-ma-l,sofascore
315196,Abdel-Aziz F / El-Eraky R,abdel-aziz-f-el-eraky-r,sofascore
315186,Takahashi B / Todorovic A,takahashi-b-todorovic-a,sofascore
315190,Paridi K / Toliou A,paridi-k-toliou-a,sofascore
315142,Busatlic B / Hadziahmetovic E,busatlic-b-hadziahmetovic-e,sofascore
315185,Melaikaite A / Riliskyte K,melaikaite-a-riliskyte-k,sofascore
315191,KIM J H / Kim S I,kim-j-h-kim-s-i,sofascore
315141,GOI R X / Wong X R,goi-r-x-wong-x-r,sofascore
315189,Komwong N / Sawettabut J,komwong-n-sawettabut-j,sofascore
315187,Khalid A / Plaistow R,khalid-a-plaistow-r,sofascore
315194,Diaconu A / Monteiro Dodean D,diaconu-a-monteiro-dodean-d,sofascore
255174,Kirichenko A / Lundstrom A,kirichenko-a-lundstrom-a,sofascore
315195,Chasselin P / Gasnier L,chasselin-p-gasnier-l,sofascore
315192,LIN Y / Zhang W,lin-y-zhang-w,sofascore
315193,Hanffou S / Moret R,hanffou-s-moret-r,sofascore
315138,Laurenti J / Vivarelli D,laurenti-j-vivarelli-d,sofascore
315188,Mantz C / Winter S,mantz-c-winter-s,sofascore
315034,Strazar K / Vovk A,strazar-k-vovk-a,sofascore
315040,Ivanova G / Yovkova K,ivanova-g-yovkova-k,sofascore
315051,Bilal S / Khan F,bilal-s-khan-f,sofascore
315045,HO Y / Lyne K,ho-y-lyne-k,sofascore
315254,Yiangou M.,yiangou-marios,sofascore
240438,Liu V.,liu-victor,sofascore
315160,Groth J / Pitchford L,groth-j-pitchford-l,sofascore
315162,Olivares F / Burgos N,olivares-f-burgos-n,sofascore
315170,LIN Y-J / Wang T-W,lin-y-j-wang-t-w,sofascore
315172,Ishiy V / Monteiro T,ishiy-v-monteiro-t,sofascore
315169,Lind A / Rasmussen T,lind-a-rasmussen-t,sofascore
315164,Naumi A / Olah B,naumi-a-olah-b,sofascore
315165,Akkuzu C / Cassin A,akkuzu-c-cassin-a,sofascore
315161,POH S F E / Chew Z Y C,poh-s-f-e-chew-z-y-c,sofascore
315167,Wang Y / Valuch A,wang-y-valuch-a,sofascore
315884,Huberty D.,huberty-dennis,sofascore
315840,Wetzel A.,wetzel-adrian-evensen,sofascore
315841,Zhang K.,zhang-kai,sofascore
315842,Amiri Nia S.,amiri-nia-soroosh,sofascore
315880,Strugarevic N.,strugarevic-nikola,sofascore
315881,Percan Kindblad W.,percan-kindblad-willhelm,sofascore
315843,Knezevic M.,knezevic-monika,sofascore
315844,Vejnovic I.,vejnovic-ivana,sofascore
315882,Saparova A.,saparova-alsu,sofascore
315883,Bikbaeva A.,bikbaeva-anna,sofascore
316039,Nomura M.,nomura-moe,sofascore
315941,Amiri Nia S / Hodaei A H,amiri-nia-s-hodaei-a-h,sofascore
315942,Angles E / Landrieu A,angles-e-landrieu-a,sofascore
315935,Lehmann M / Nadolnyy Y,lehmann-m-nadolnyy-y,sofascore
315936,Benito J / Vilchez M,benito-j-vilchez-m,sofascore
315927,Levajac D / Majstorovic I,levajac-d-majstorovic-i,sofascore
315928,Katsman L / Zholudev D,katsman-l-zholudev-d,sofascore
315943,Burov V / Ismailov S,burov-v-ismailov-s,sofascore
315944,Cnudde F / Rembert B,cnudde-f-rembert-b,sofascore
315929,Crepulja B / Katic I,crepulja-b-katic-i,sofascore
315945,Kodjabashev D / Mladin P,kodjabashev-d-mladin-p,sofascore
315946,Novota S / Peter I,novota-s-peter-i,sofascore
316024,Akindiya I / Omotayo O,akindiya-i-omotayo-o,sofascore
316023,Alto G / Burgos N,alto-g-burgos-n,sofascore
315937,Arapovic H / Pavlovic A,arapovic-h-pavlovic-a,sofascore
240369,Chernoray D / Malanina M,chernoray-d-malanina-m,sofascore
315947,Garcia A / Niguez M,garcia-a-niguez-m,sofascore
315948,Jazbec I / Tofant A,jazbec-i-tofant-a,sofascore
315949,Jurkova E / Labosova E,jurkova-e-labosova-e,sofascore
315950,LI X / Mikhailova P,li-x-mikhailova-p,sofascore
315930,Lupulesku A / Todorovic A,lupulesku-a-todorovic-a,sofascore
315931,Singeorzan A / Yovkova M,singeorzan-a-yovkova-m,sofascore
315951,Akasheva Z / Saparova A,akasheva-z-saparova-a,sofascore
315952,Colantoni C / Le T H L,colantoni-c-le-t-h-l,sofascore
316025,Guisnel O / Mostafavi L,guisnel-o-mostafavi-l,sofascore
316040,Abe A.,abe-airi,sofascore
316112,Glod E / Lakatos T,glod-e-lakatos-t,sofascore
316113,Chen S / Lam S H,chen-s-lam-s-h,sofascore
316110,ROY K / Sahasrabudhe P,roy-k-sahasrabudhe-p,sofascore
316548,Crepnjak M.,crepnjak-matevz,sofascore
316549,Berardi M.,berardi-mattia,sofascore
316602,Avbelj A.,avbelj-andraz,sofascore
316551,Zelko D.,zelko-damjan,sofascore
316607,Alvarado M.,alvarado-matias,sofascore
316550,Novak A.,novak-andraz,sofascore
316552,Grampovcnik M.,grampovcnik-miha,sofascore
316553,Horvat M.,horvat-mitja,sofascore
316608,Neumann L.,neumann-layan,sofascore
316555,Chokelj U.,chokelj-ursska,sofascore
316554,Giardi F.,giardi-federico,sofascore
316672,Daish M.,daish-matthew,sofascore
316673,Duffoo F.,duffoo-felipe,sofascore
316603,Berardi M / Mongiusti M,berardi-m-mongiusti-m,sofascore
316604,Lupulesku L / Strugarevic N,lupulesku-l-strugarevic-n,sofascore
316559,Chavez J / Duffoo F,chavez-j-duffoo-f,sofascore
316560,Levajac D / Peto Z,levajac-d-peto-z,sofascore
316605,Manole A / Spelbus F,manole-a-spelbus-f,sofascore
316606,Ahmadian A / Lotfijanabadi M,ahmadian-a-lotfijanabadi-m,sofascore
316687,Girod Dorian,girod-dorian,sofascore
316561,Novak T / Opeka L,novak-t-opeka-l,sofascore
316562,Arguelles C / Paredes N,arguelles-c-paredes-n,sofascore
316563,Paulin L / Tofant A,paulin-l-tofant-a,sofascore
316670,Vargas F.,vargas-francesca,sofascore
316671,Zupancic N.,zupancic-nina,sofascore
316702,Piciulin G / Pinto D,piciulin-g-pinto-d,sofascore
316703,Kotov A / Tiutriumov A,kotov-a-tiutriumov-a,sofascore
316704,Kenzhigulov A / Serdaroglu D,kenzhigulov-a-serdaroglu-d,sofascore
316684,TIO N / Zhang K,tio-n-zhang-k,sofascore
316685,Spelbus A / Szocs H,spelbus-a-szocs-h,sofascore
316686,Anthony A / Bhanja R,anthony-a-bhanja-r,sofascore
316682,Tazoe H / Tazoe K,tazoe-h-tazoe-k,sofascore
316683,Matsuyama Y / Tahara S,matsuyama-y-tahara-s,sofascore
316743,Landrieu A / Rembert B,landrieu-a-rembert-b,sofascore
316681,Putuntica A / Valuch A,putuntica-a-valuch-a,sofascore
316705,Ortega D / Sevcikova M,ortega-d-sevcikova-m,sofascore
316706,MA W / Sikorska M,ma-w-sikorska-m,sofascore
316676,Pfefer L / Zarif A,pfefer-l-zarif-a,sofascore
316677,Takahashi B / Yamada J,takahashi-b-yamada-j,sofascore
316707,LIU Q / Mak T W,liu-q-mak-t-w,sofascore
316678,Moret R / Todorovic A,moret-r-todorovic-a,sofascore
316679,Christensen S / Norlem I,christensen-s-norlem-i,sofascore
316737,Mukherjee S / Patkar M,mukherjee-s-patkar-m,sofascore
316689,Kamath A G / Mukherjee A,kamath-a-g-mukherjee-a,sofascore
316759,Aguirre M / Caballero C,aguirre-m-caballero-c,sofascore
316761,Cvetko T / Hribar P,cvetko-t-hribar-p,sofascore
316760,Feng Y H / Hung T H,feng-y-h-hung-t-h,sofascore
316762,JIN T / Lam S H,jin-t-lam-s-h,sofascore
316806,Dyjas J / Kubik M,dyjas-j-kubik-m,sofascore
317106,Barius J.,barius-johan,sofascore
317108,Konstantinopoulos G.,konstantinopoulos-giorgos,sofascore
293190,Tentser L.,tentser-liubov,sofascore
317112,Idesawa K.,idesawa-kyoka,sofascore
317113,Ilic Z.,ilic-zara,sofascore
317107,Chernyavskaya E.,chernyavskaya-ekaterina,sofascore
317239,Gacev A / Marinkovic N,gacev-a-marinkovic-n,sofascore
317236,Boccard S / Taffe Y,boccard-s-taffe-y,sofascore
317235,Valenzuela D / Vega L,valenzuela-d-vega-l,sofascore
317261,Daish M / Wetzel A,daish-m-wetzel-a,sofascore
317297,Akerstrom F / Berglund S,akerstrom-f-berglund-s,sofascore
317240,Bajor N / Stefanska K,bajor-n-stefanska-k,sofascore
317260,Front E / Kallberg C,front-e-kallberg-c,sofascore
317238,Singeorzan A / Terpou E,singeorzan-a-terpou-e,sofascore
317289,Paranang O / Sawettabut J,paranang-o-sawettabut-j,sofascore
317309,MA W / Samara E,ma-w-samara-e,sofascore
317340,Diaconu A / WU Y,diaconu-a-wu-y,sofascore
317722,Hsin-Yu LI.,li-hsin-yu,sofascore
317734,Lee J.,lee-jeongho,sofascore
317754,Chang J.,chang-ju-chia,sofascore
317757,Lee H.,lee-hoi-man-karen,sofascore
317755,Cai F.,cai-fong-en,sofascore
317742,Koh K.,koh-kai-xin-pearlyn,sofascore
317758,Sung J.,sung-joanna,sofascore
317743,Tee A.,tee-ai-xin,sofascore
317733,Samranvong W.,samranvong-wattanachai,sofascore
317738,Cho J.,cho-jaejun,sofascore
317731,Koh D.,koh-dominic-song-jun,sofascore
317725,Hoshi S.,hoshi-shota,sofascore
317723,Huang Y.,huang-yan-cheng,sofascore
317726,Kim H.,kim-hyunso,sofascore
317745,Karnthang P.,karnthang-pakawan,sofascore
317739,Jung D.,jung-dana,sofascore
317727,Hsieh T.,hsieh-tia-lynn,sofascore
317740,Lee S.,lee-sooyeon,sofascore
317728,Nath K.,nath-kaushani,sofascore
317735,Maunghwan P.,maunghwan-pornkanok,sofascore
317730,Yun A.,yun-arin,sofascore
317737,Lee H.,lee-hojin,sofascore
317741,Das P.,das-poulami,sofascore
317736,Ghosh S.,ghosh-swastika,sofascore
317729,Tan L.,tan-li-lin-jassy,sofascore
317724,Minseo OH.,oh-minseo,sofascore
317803,Huang Y.,huang-yu-jen,sofascore
317806,Chien T.,chien-tung-chuan,sofascore
317788,Boro B / Grover S,boro-b-grover-s,sofascore
317789,Laffineur L / Rassenfosse A,laffineur-l-rassenfosse-a,sofascore
317800,Cheon M / Park J,cheon-m-park-j,sofascore
317795,Panagitgun Y / Passara P,panagitgun-y-passara-p,sofascore
317796,CHO J / Jung Y,cho-j-jung-y,sofascore
317809,Samranvong W / Sangpao K,samranvong-w-sangpao-k,sofascore
317810,LI H-Y / Tai M-W,li-h-y-tai-m-w,sofascore
317732,Zong Jun Gerald YU.,yu-zong-jun-gerald,sofascore
317744,Kim J.,kim-jangwon,sofascore
317801,Cheng H.,cheng-hao-huan,sofascore
317811,Peng C.,peng-chih,sofascore
317790,Cho S.,cho-sangyeon,sofascore
317802,Park M.,park-minjun,sofascore
317791,Kim J.,kim-jaeyun,sofascore
317798,Chang L S A / Tee A X,chang-l-s-a-tee-a-x,sofascore
317799,Hoarakkit P / Karnthang P,hoarakkit-p-karnthang-p,sofascore
317792,LEE H M K / Wong C Y,lee-h-m-k-wong-c-y,sofascore
317804,Kang D / Kang G,kang-d-kang-g,sofascore
317805,Sung J / Sung R,sung-j-sung-r,sofascore
317812,Morita A / Umemura Y,morita-a-umemura-y,sofascore
317813,Lutz C / Pavade P,lutz-c-pavade-p,sofascore
317807,Lee Y.,lee-youngi,sofascore
317814,Chitale D.,chitale-diya-parag,sofascore
317815,Lee W.,lee-wan-hsuan,sofascore
317793,Chu Y.,chu-yi-ching,sofascore
317794,Sen P.,sen-prapti,sofascore
317808,Hsiu-Ting YU.,yu-hsiu-ting,sofascore
317898,Desai H / Yadav A,desai-h-yadav-a,sofascore
317917,Feng Y-H / Wang T-W,feng-y-h-wang-t-w,sofascore
317914,Filus R / Mengel S,filus-r-mengel-s,sofascore
317915,Baek H / Seo H,baek-h-seo-h,sofascore
317863,KIM M / Lee N,kim-m-lee-n,sofascore
317865,Mukherjee A / Mukherjee S,mukherjee-a-mukherjee-s,sofascore
317916,Chau W S / Lee K Y,chau-w-s-lee-k-y,sofascore
318214,Wang Y / Kukulkova T,wang-y-kukulkova-t,sofascore
318316,Assar K / Cantero J,assar-k-cantero-j,sofascore
318370,Gnanasekaran S / Jha K,gnanasekaran-s-jha-k,sofascore
318313,GU Y / Liu S,gu-y-liu-s,sofascore
318314,Hamamoto Y / Polcanova S,hamamoto-y-polcanova-s,sofascore
318315,Qian T / Sun M,qian-t-sun-m,sofascore
318295,Cha S.,cha-su-yong,sofascore
318296,Ishiy V / Takahashi B,ishiy-v-takahashi-b,sofascore
318297,Niwa K / Ito M,niwa-k-ito-m,sofascore
252622,Martinez A.,martinez-andres,sofascore
318346,Rodriguez L.,rodriguez-lizdainet,sofascore
318347,Fonseca Carrazana D.,fonseca-carrazana-daniela,sofascore
318406,Morizono M / Ueda J,morizono-m-ueda-j,sofascore
318403,Doo H K / Ng W N,doo-h-k-ng-w-n,sofascore
318404,Nakamori H / Odo S,nakamori-h-odo-s,sofascore
318402,LEE H C / Soo W Y M,lee-h-c-soo-w-y-m,sofascore
318405,Dvorak G / Szocs B,dvorak-g-szocs-b,sofascore
318399,Lebesson E / Yuan J N,lebesson-e-yuan-j-n,sofascore
318400,XU X / Chen M,xu-x-chen-m,sofascore
318452,Galeano J / Orantes D,galeano-j-orantes-d,sofascore
318499,De La Cruz D.,de-la-cruz-diego,sofascore
318436,Gomez L / Ovelar L,gomez-l-ovelar-l,sofascore
318437,Paredes N / Plaza M,paredes-n-plaza-m,sofascore
318495,Montufar A / Zapata H,montufar-a-zapata-h,sofascore
318151,Castro E.,castro-esmerlyn,sofascore
318150,Paredes N.,paredes-nathaly,sofascore
318438,Moscoso H / Enriquez M,moscoso-h-enriquez-m,sofascore
318439,Campos J / Fonseca Carrazana D,campos-j-fonseca-carrazana-d,sofascore
318440,Montufar K / Zapata H,montufar-k-zapata-h,sofascore
318441,Pereira A / Lovet I,pereira-a-lovet-i,sofascore
318493,Moya M / Morales J,moya-m-morales-j,sofascore
318494,Echavarria A / Medina P,echavarria-a-medina-p,sofascore
318532,Hernandez C.,hernandez-carlos,sofascore
318533,Brito E.,brito-eva,sofascore
318421,Campos J / Pereira A,campos-j-pereira-a,sofascore
318550,Vila I / Castro E,vila-i-castro-e,sofascore
318823,Kim D / Kim D,kim-d-kim-d,sofascore
318815,Niwa K / Mizutani J,niwa-k-mizutani-j,sofascore
255243,Gonzalez D / Diaz M,gonzalez-d-diaz-m,sofascore
318824,Jouti E / Takahashi B,jouti-e-takahashi-b,sofascore
318816,MA T / WU Y,ma-t-wu-y,sofascore
318825,Peng W-W / Liu H-Y,peng-w-w-liu-h-y,sofascore
255245,Skachkov K / Vorobeva O,skachkov-k-vorobeva-o,sofascore
318817,Yiu K.,yiu-kwan-to,sofascore
318819,Luo J.,luo-jiajia,sofascore
318818,Chan B.,chan-baldwin-ho-wah,sofascore
318826,Nok YU.,yu-nok,sofascore
318821,Dvorak G / Liu X,dvorak-g-liu-x,sofascore
318827,Gasnier L / Yuan J N,gasnier-l-yuan-j-n,sofascore
318820,Choi H / Kim H,choi-h-kim-h,sofascore
318822,HE Z / Qian T,he-z-qian-t,sofascore
318828,Jeger M / Lupulesku A,jeger-m-lupulesku-a,sofascore
315158,Gadiev V / Skachkov K,gadiev-v-skachkov-k,sofascore
315171,Gerassimenko K / Levenko A,gerassimenko-k-levenko-a,sofascore
318954,Zhou Y / Chen X,zhou-y-chen-x,sofascore
318991,Chen K / Mu Z,chen-k-mu-z,sofascore
318990,Yoshimura M / Morizono M,yoshimura-m-morizono-m,sofascore
319406,Sadamatsu Y.,sadamatsu-yusuke,sofascore
319407,Matsushima S.,matsushima-sora,sofascore
319409,Seyama Saki,seyama-saki,sofascore
319408,Maetaki H.,maetaki-hatsune,sofascore
319605,Kim B / Kim M,kim-b-kim-m,sofascore
319607,CHO D / Shin Y,cho-d-shin-y,sofascore
319733,XU X / Zhu Y,xu-x-zhu-y,sofascore
319728,Idesawa J / Odo S,idesawa-j-odo-s,sofascore
141662,Lee H C / Ng W N,lee-h-c-ng-w-n,sofascore
157286,DOO H K / Soo W Y,doo-h-k-soo-w-y,sofascore
319471,Lavergne P.,lavergne-paul,sofascore
320514,Karabaxhaku F.,karabaxhaku-fatih,sofascore
321097,Gacina A / Kojic F,gacina-a-kojic-f,sofascore
321085,Bergand F / Ekholm M,bergand-f-ekholm-m,sofascore
321132,Mittelham N / Shan X,mittelham-n-shan-x,sofascore
321446,AN J / Cho D,an-j-cho-d,sofascore
321447,Pistej L / Wang Y,pistej-l-wang-y,sofascore
321449,Achanta S K / Desai H,achanta-s-k-desai-h,sofascore
321532,Majoros B / Szudi A,majoros-b-szudi-a,sofascore
321533,Chew Z Y C / Poh S F E,chew-z-y-c-poh-s-f-e,sofascore
321450,Nam S.,nam-seong-been,sofascore
321452,Kholikov E.,kholikov-elmurod,sofascore
321451,Kim M.,kim-minsu,sofascore
321453,Park C.,park-changgeon,sofascore
321456,MK T W / Zhu C,mk-t-w-zhu-c,sofascore
321454,Magdieva M / Norkulova M,magdieva-m-norkulova-m,sofascore
321457,Cechova D / Kukulkova T,cechova-d-kukulkova-t,sofascore
321458,JI E / Yoo E,ji-e-yoo-e,sofascore
321459,Akae K.,akae-kaho,sofascore
321460,LEE Yeonhui,lee-yeonhui,sofascore
321461,Norkulova Mekhriniso,norkulova-mekhriniso,sofascore
321462,Kim S.,kim-seongjin,sofascore
321136,Pellny T.,pellny-thomas,sofascore
321589,Chew Z Y C / Zeng J,chew-z-y-c-zeng-j,sofascore
321590,Kenjaev Z / Gufranova R,kenjaev-z-gufranova-r,sofascore
321591,Mizutani J / Ito M,mizutani-j-ito-m,sofascore
321587,LIM J / Yoo E,lim-j-yoo-e,sofascore
321588,Kholikov E / Khalikova K,kholikov-e-khalikova-k,sofascore
321592,Robinot A / Zarif A,robinot-a-zarif-a,sofascore
321748,Harimoto T / Niwa K,harimoto-t-niwa-k,sofascore
321750,Akkuzu C / Flore T,akkuzu-c-flore-t,sofascore
321749,Moregard T / Persson J,moregard-t-persson-j,sofascore
321754,MA W / Sawettabut S,ma-w-sawettabut-s,sofascore
321752,Chen S-Y / Cheng H-T,chen-s-y-cheng-h-t,sofascore
321751,Choi H / Yang H,choi-h-yang-h,sofascore
321753,Hirano M / Shibata S,hirano-m-shibata-s,sofascore
292108,Klajber A.,klajber-adam,sofascore
321956,Osiro P.,osiro-pedro,sofascore
321959,Toma D.,toma-darius,sofascore
321958,Hardmeier E.,hardmeier-elias,sofascore
321960,Feco S.,feco-samuel,sofascore
321962,Wetzel F.,wetzel-felix,sofascore
321963,Istrate A.,istrate-andrei-teodor,sofascore
321961,Picard V.,picard-vincent,sofascore
321967,Colle T.,colle-tom,sofascore
321968,Martinko T.,martinko-tomas,sofascore
321969,Bjurstrom J.,bjurstrom-jacob,sofascore
291893,Ernst E.,ernst-emine,sofascore
293292,Muskantor R.,muskantor-rebecca,sofascore
291897,Van Der Zanden E.,van-der-zanden-emma,sofascore
321970,Terezkova J.,terezkova-jana,sofascore
321966,Zaderova L.,zaderova-linda,sofascore
292103,Delincak F.,delincak-filip,sofascore
321999,Fadeev K.,fadeev-kirill,sofascore
322000,Jonack D.,jonack-dominik,sofascore
322001,Zheng D.,zheng-dorian,sofascore
322122,Dumitrescu M.,dumitrescu-matei,sofascore
322123,Khinhang YU.,yu-khinhang,sofascore
322017,Bezeg R.,bezeg-reka,sofascore
322091,Cotra G.,cotra-gamze,sofascore
322092,Hrabicova K.,hrabicova-klara,sofascore
322094,Pennec J.,pennec-julie,sofascore
322093,Divinska N.,divinska-natalia,sofascore
322222,Xiang P.,xiang-peng,sofascore
322223,Jain P.,jain-payas,sofascore
24927,Sang S.,sang-stephanie-xu,sofascore
322120,Rinderer D.,rinderer-daniel,sofascore
322121,Diko D.,diko-dalibor,sofascore
322334,"Chatzilygeroudis, Gerasimos",chatzilygeroudis-gerasimos,sofascore
322335,Petris G.,petris-gerasimos,sofascore
292771,Scharrer M.,scharrer-mauro,sofascore
322337,Cozmolici F.,cozmolici-felix,sofascore
322336,Kordoutis I.,kordoutis-iasonas,sofascore
322338,Titov D.,titov-danila,sofascore
322194,Hansson M.,hansson-matilda,sofascore
322349,Gerasimatou I.,gerasimatou-ioanna,sofascore
322350,Haagensen J.,haagensen-jocefina,sofascore
240334,Dhooria R / Gould B,dhooria-r-gould-b,sofascore
322411,Huang C-T / Yeh C-W,huang-c-t-yeh-c-w,sofascore
322405,Jorgic D / Lambiet F,jorgic-d-lambiet-f,sofascore
322406,Dixon X / HU H,dixon-x-hu-h,sofascore
322413,Chen T-T / Huang Y-C,chen-t-t-huang-y-c,sofascore
322412,Carey C / Sang X S,carey-c-sang-x-s,sofascore
322407,Tapper M / Yang Q,tapper-m-yang-q,sofascore
322408,Choi H / Lee E,choi-h-lee-e,sofascore
322409,Townsend K / Jee M,townsend-k-jee-m,sofascore
321827,Neumaier M.,neumaier-marcel,sofascore
322404,Blinka M.,blinka-michal,sofascore
322415,Santek L.,santek-leon,sofascore
322416,Jackov J.,jackov-jovan,sofascore
322499,Hristev H.,hristev-hristo,sofascore
322500,Siraj S.,siraj-shayan,sofascore
322501,Kotev R.,kotev-radoslav,sofascore
322502,Piggot B.,piggot-benjamin,sofascore
322507,ZUR Muhlen F.,zur-muhlen-floris,sofascore
322503,Petrov M.,petrov-martin,sofascore
322351,Chatzikyrka E.,chatzikyrka-elisavet,sofascore
322352,Nielsen T.,nielsen-thea,sofascore
292094,Mitrofan L.,mitrofan-luciana-camelia,sofascore
292140,Toftaker M.,toftaker-martine,sofascore
322372,Lange L.,lange-lisa,sofascore
322373,Uritu D.,uritu-denisa,sofascore
322374,Jorguseska D.,jorguseska-dobrila,sofascore
292107,Poret T.,poret-thibault,sofascore
321974,Ionescu E.,ionescu-eduard,sofascore
322031,Félix Lebrun,lebrun-felix,sofascore
292044,Bekir E.,bekir-eren,sofascore
292772,De Boer M.,de-boer-milo,sofascore
322589,Rayner T.,rayner-thomas,sofascore
322590,Hold C.,hold-cristian-david,sofascore
322594,Price L.,price-louis,sofascore
322595,Hvid N.,hvid-noah,sofascore
322591,Vodenicharov I.,vodenicharov-ilia,sofascore
322592,Camara G.,camara-gabrielius,sofascore
322325,Tretiak N.,tretiak-nazar,sofascore
322599,Isik H.,isik-hakan,sofascore
322601,Zavada M.,zavada-mykyta,sofascore
322602,Ozbek T.,ozbek-tarik-saim,sofascore
322516,Johnson M.,johnson-martin,sofascore
322514,Curry D.,curry-dylan,sofascore
322596,Hajdari B.,hajdari-blend,sofascore
292048,Sariev S.,sariev-stoyan,sofascore
292326,Godec A.,godec-aljaz,sofascore
322597,Simonsen D.,simonsen-daniel,sofascore
322598,Svenningsen P.,svenningsen-peter,sofascore
322600,Skarsholm P.,skarsholm-patrick,sofascore
292568,Ocak Y.,ocak-yucel,sofascore
322608,Magalhaes J.,magalhaes-jose,sofascore
322532,Riliskyte E.,riliskyte-emilija,sofascore
292785,Brinza V.,brinza-vitalina,sofascore
292784,Ivanova G.,ivanova-gabriela,sofascore
322533,Chapet M.,chapet-marie,sofascore
322505,Robles A / Xiao M,robles-a-xiao-m,sofascore
322496,JEE M / LAY J F,jee-m-lay-j-f,sofascore
322495,Szocs B / Xiao M,szocs-b-xiao-m,sofascore
322615,Barani A.,barani-arianna,sofascore
322618,Lopes J.,lopes-joana,sofascore
322616,Armanini E.,armanini-elisa,sofascore
322617,Batista I.,batista-ines,sofascore
322665,Bjurstrom J / Barbosa A,bjurstrom-j-barbosa-a,sofascore
322666,Sariev S / Nikolova D,sariev-s-nikolova-d,sofascore
322663,Hvid N / Haagensen J,hvid-n-haagensen-j,sofascore
322664,Israeli T / Karlin V,israeli-t-karlin-v,sofascore
322659,Promberger J / Reiter R,promberger-j-reiter-r,sofascore
322660,Vasilyan A / Galstyan M,vasilyan-a-galstyan-m,sofascore
322657,Vasiljevs D / Porina V,vasiljevs-d-porina-v,sofascore
322658,Jasarovic A / Petric I,jasarovic-a-petric-i,sofascore
322678,Puli C.,puli-conrad,sofascore
322679,Johnson Jamie,johnson-jamie,sofascore
322669,Dursun U.,dursun-ugurcan,sofascore
322740,Falconnier T.,falconnier-timothy,sofascore
322738,Schweiger T.,schweiger-tom,sofascore
322739,Petek B.,petek-borna,sofascore
322743,Elia S.,elia-sharpel,sofascore
322744,Petrovic D.,petrovic-djordje,sofascore
322741,Meter R.,meter-roko,sofascore
322742,Giordano A.,giordano-antonio,sofascore
322649,Doukeris Z / Petris G,doukeris-z-petris-g,sofascore
322650,Bjurstrom J / Georges S,bjurstrom-j-georges-s,sofascore
322705,Hristov H.,hristov-h-kotev-r,sofascore
322706,Mallia A D / Vella J,mallia-a-d-vella-j,sofascore
322684,Karabaxhak F / Mahmuti K,karabaxhak-f-mahmuti-k,sofascore
322685,Gunnarsson G / Mecionis V,gunnarsson-g-mecionis-v,sofascore
322651,Ocak Y / Toprak E B,ocak-y-toprak-e-b,sofascore
322652,Curry D / Johnson M,curry-d-johnson-m,sofascore
322661,Rodriguez I.,rodriguez-ingi-darvis,sofascore
322730,Nilsen H.,nilsen-henrik,sofascore
322655,"Mallia, aidan dwight",mallia-aidan-dwight,sofascore
322656,Goren A.,goren-amit,sofascore
322653,Savva C.,savva-christos,sofascore
322654,Gunnarsson G.,gunnarsson-gestur,sofascore
292768,Giovannetti T.,giovannetti-tommaso,sofascore
322662,Walsh E.,walsh-ethan,sofascore
292111,Yunchyk V.,yunchyk-valentyn,sofascore
322707,Callaghan P.,callaghan-paula,sofascore
322708,Reiter R.,reiter-romy,sofascore
322709,Petrosyan Y.,petrosyan-yana,sofascore
322752,Patterson M.,patterson-mollie,sofascore
322747,Klempererova A.,klempererova-anna,sofascore
322714,Buringrud-Langen F / Toftaker M,buringrud-langen-f-toftaker-m,sofascore
322712,Hardmeier E / Susac S,hardmeier-e-susac-s,sofascore
322713,Rassenfosse A / Bernard J,rassenfosse-a-bernard-j,sofascore
322715,Martinko T.,martinko-t-stepanova-g,sofascore
322710,Mcdonald J / Roose A,mcdonald-j-roose-a,sofascore
322711,Lavric T / Opeka L,lavric-t-opeka-l,sofascore
322720,Istrate A T / Popescu L,istrate-a-t-popescu-l,sofascore
322721,Sabhi M / Pennec J,sabhi-m-pennec-j,sofascore
322726,Juhasz P / Czegledi S,juhasz-p-czegledi-s,sofascore
322727,Limonov A / Hud V,limonov-a-hud-v,sofascore
322728,Rukliatsou U / Tsutsui Y,rukliatsou-u-tsutsui-y,sofascore
322729,Dilas N / Bezeg R,dilas-n-bezeg-r,sofascore
322731,Yilmaz T / Harac E,yilmaz-t-harac-e,sofascore
322732,Kolasa S / Miklaszewska M,kolasa-s-miklaszewska-m,sofascore
322840,Biewer D.,biewer-denis,sofascore
322353,Goltnik A.,goltnik-aljaz,sofascore
322841,Almor U.,almor-uri,sofascore
322910,Posavec M.,posavec-mislav,sofascore
322911,Belakon V.,belakon-viachaslau,sofascore
322909,Krebs L.,krebs-levente,sofascore
321972,Kveton O.,kveton-ondrej,sofascore
322845,Closset T.,closset-tom,sofascore
322897,Vezmar D.,vezmar-dusan,sofascore
322899,Lebeda M.,lebeda-matyas,sofascore
322898,Madesis A.,madesis-alexandros,sofascore
322781,Onderka F / Skala R,onderka-f-skala-r,sofascore
322779,Sorheim S / Steif N,sorheim-s-steif-n,sofascore
322780,Kosolosky O / Rassenfosse A,kosolosky-o-rassenfosse-a,sofascore
322778,Tikhonov A / Moshkov N,tikhonov-a-moshkov-n,sofascore
322786,Andras C / Both O,andras-c-both-o,sofascore
322787,Kases A P / Walsh E,kases-a-p-walsh-e,sofascore
322784,Dillon A / Promberger J,dillon-a-promberger-j,sofascore
322785,Bardet L / Picard V,bardet-l-picard-v,sofascore
322782,Oyebode J / Rossi C,oyebode-j-rossi-c,sofascore
322783,Magalhaes J / Silva F,magalhaes-j-silva-f,sofascore
322837,Georgsson E.,georgsson-ellert-kristjan,sofascore
322835,Mecionis V.,mecionis-vakaris,sofascore
322836,Mongiusti M.,mongiusti-mattias,sofascore
322843,Ocsai M.,ocsai-mate,sofascore
322842,Stosic O.,stosic-ognjen,sofascore
322844,Pahomovs A.,pahomovs-aleksandrs,sofascore
322838,Doukeris Z.,doukeris-zisis,sofascore
322839,Stalzer A.,stalzer-adam,sofascore
322888,Emborg M.,emborg-mikkel,sofascore
322891,Kogans Daniels,kogans-daniels,sofascore
322892,Karmazin Yaniv,karmazin-yaniv,sofascore
322872,Vella J.,vella-james,sofascore
322895,Kases A.,kases-andre-pierre,sofascore
322893,Van Dessel J.,van-dessel-jonathan,sofascore
322894,Sorheim S.,sorheim-sigurd,sofascore
322793,Harasztovich F / Tiefenbrunner L,harasztovich-f-tiefenbrunner-l,sofascore
322791,Edvinsson J / Roose A,edvinsson-j-roose-a,sofascore
322792,Hrabicova K / Vasendova J,hrabicova-k-vasendova-j,sofascore
322788,Blazejewicz Z / Klempererova A,blazejewicz-z-klempererova-a,sofascore
322789,Stepanova G / Zaderova L,stepanova-g-zaderova-l,sofascore
322790,Grigorjan K / Jagnenkova A,grigorjan-k-jagnenkova-a,sofascore
322794,Bako R / Hrabicova K,bako-r-hrabicova-k,sofascore
322795,Moregard T / Muskantor R,moregard-t-muskantor-r,sofascore
322796,DA Silva S / Gidney M,da-silva-s-gidney-m,sofascore
322797,Ursu V / Blaskova Z,ursu-v-blaskova-z,sofascore
322798,Kolodziejczyk M / Plaian T,kolodziejczyk-m-plaian-t,sofascore
322799,Kotev R / Hristova K,kotev-r-hristova-k,sofascore
322800,Rossi C / Laurenti J,rossi-c-laurenti-j,sofascore
322829,Lushnikov V / Prykhodko Y,lushnikov-v-prykhodko-y,sofascore
322827,Grebnev M / Kolish A,grebnev-m-kolish-a,sofascore
322831,Degros Nicolas / Riliskyte E,degros-nicolas-riliskyte-e,sofascore
322830,Zandecki J / Michalak A,zandecki-j-michalak-a,sofascore
322105,Redzimski M.,redzimski-milosz,sofascore
322914,Tilkin T.,tilkin-tal,sofascore
323061,Tikhonov A.,tikhonov-artem,sofascore
322964,Blaskova Z / Schreiner F,blaskova-z-schreiner-f,sofascore
322965,Chapet M / Pennec C,chapet-m-pennec-c,sofascore
322972,Bondareva A / Klee S,bondareva-a-klee-s,sofascore
322973,Muskantor R / Hansson M,muskantor-r-hansson-m,sofascore
322976,Dari H / Drabant A,dari-h-drabant-a,sofascore
322977,Laurenti J / Monfardini G,laurenti-j-monfardini-g,sofascore
322974,Mitrofan L / Plaian T,mitrofan-l-plaian-t,sofascore
322975,Tominjak R / Bezeg R,tominjak-r-bezeg-r,sofascore
323041,Karlin V.,karlin-vital,sofascore
322946,Katsman L / Abraamian E,katsman-l-abraamian-e,sofascore
322947,TOK B S / Yilmaz O,tok-b-s-yilmaz-o,sofascore
322978,Tikhonov A / Kazantseva K,tikhonov-a-kazantseva-k,sofascore
323107,Kouraichi A.,kouraichi-alexis,sofascore
323133,Fadeev K / Stumper K,fadeev-k-stumper-k,sofascore
323039,Moregard T / Sidorenko V,moregard-t-sidorenko-v,sofascore
323132,YU K / Wang C,yu-k-wang-c,sofascore
323134,Abraamian E / Kolish A,abraamian-e-kolish-a,sofascore
323329,Harac E / Yilmaz O,harac-e-yilmaz-o,sofascore
323284,COK I / Lutz C,cok-i-lutz-c,sofascore
323342,Markl J.,markl-julien,sofascore
323343,Ecuyer A.,ecuyer-adrien,sofascore
323344,Moreno Castro K.,moreno-castro-kilian,sofascore
323345,Lamaze C.,lamaze-corentin,sofascore
323377,Lis D.,lis-daniel,sofascore
323378,Kreder B.,kreder-benjamin,sofascore
323388,Silveri A.,silveri-alessandro,sofascore
323389,Wrobbel J.,wrobbel-jon-christian,sofascore
323390,Piatanesi S.,piatanesi-samuel,sofascore
323391,Moschall S.,moschall-simon,sofascore
323379,Tatarczuch R.,tatarczuch-rafal,sofascore
323495,Zavadskyi I.,zavadskyi-ihor,sofascore
323496,Silveri F.,silveri-francesco,sofascore
323497,Litwiniuk M.,litwiniuk-marcin,sofascore
323409,Kandybina V.,kandybina-viktoriia,sofascore
323371,Zajec J.,zajec-josipa,sofascore
323512,Costa J.,costa-jorge,sofascore
323513,Hobson J.,hobson-james,sofascore
323508,Ivanov D.,ivanov-daniel,sofascore
323514,Baptista G.,baptista-goncalo,sofascore
323515,Murhad H.,murhad-hussain,sofascore
323509,Kara C.,kara-cemal,sofascore
323520,Webb J.,webb-joel,sofascore
323533,Malheiro A.,malheiro-antonio,sofascore
323536,Koziel P.,koziel-pawel,sofascore
323538,Gunduz Z.,gunduz-ziver,sofascore
323507,Sahin Zihni B.,sahin-zihni-batuhan,sofascore
323560,Vovk V.,vovk-vitalii,sofascore
323561,Jovanovski H.,jovanovski-hristijan,sofascore
323553,Milkosz M.,milkosz-mateusz,sofascore
323554,Piwonski A.,piwonski-albert,sofascore
323562,Rainguez V.,rainguez-valentin,sofascore
323521,Berdhaud M.,berdhaud-marion,sofascore
323524,Tay H.,tay-hui-li,sofascore
323525,Bak N.,bak-natalia,sofascore
323523,Rocher A.,rocher-aline,sofascore
323556,Mathieu M.,mathieu-malaurie,sofascore
323565,Mcmullan L.,mcmullan-letitia,sofascore
323566,Wiche E.,wiche-emilia,sofascore
323588,Delcambre B / Rainguez V,delcambre-b-rainguez-v,sofascore
323589,Cavallo M / Piatanesi S,cavallo-m-piatanesi-s,sofascore
323590,Silveri A / Silveri F,silveri-a-silveri-f,sofascore
323591,Shcherbak D / Vovk V,shcherbak-d-vovk-v,sofascore
323646,Dykowski M / Sciblak M,dykowski-m-sciblak-m,sofascore
323647,Hobson J / Webb J,hobson-j-webb-j,sofascore
323648,Koziel P / Litwiniuk M,koziel-p-litwiniuk-m,sofascore
323649,Moschall S / Singh R,moschall-s-singh-r,sofascore
323650,Marki J / Rebetez Y,marki-j-rebetez-y,sofascore
323651,Cardon V / Herbaux C,cardon-v-herbaux-c,sofascore
323555,Cavallo M.,cavallo-matteo,sofascore
323563,Koler J.,koler-julian,sofascore
323564,Singh R.,singh-rajkamal,sofascore
323623,Delcambre B.,delcambre-benjamin,sofascore
323627,Bartels D.,bartels-daniel,sofascore
323624,Herbaux C.,herbaux-corentin,sofascore
323628,Weyhe A.,weyhe-adrian,sofascore
323625,Ovchinnikov E.,ovchinnikov-egor,sofascore
323626,Bursian D.,bursian-daniel,sofascore
323656,Rooding N / Spahic E,rooding-n-spahic-e,sofascore
323654,Rump A / Wiche E,rump-a-wiche-e,sofascore
323655,Dabrowska A / Lalak K,dabrowska-a-lalak-k,sofascore
323557,Falarz A.,falarz-aleksandra,sofascore
323567,Yang D.,yang-diruiqi,sofascore
323577,Gomes C.,gomes-camilla,sofascore
323672,Bennet J / Liu T,bennet-j-liu-t,sofascore
323673,Floras R / Lis D,floras-r-lis-d,sofascore
323723,Isakov I / Shvets K,isakov-i-shvets-k,sofascore
323730,Chodorski P / Zavadskyi I,chodorski-p-zavadskyi-i,sofascore
323731,Ovchinnikov E / Triutriumov A,ovchinnikov-e-triutriumov-a,sofascore
323662,Liu T.,liu-tianyuan,sofascore
323692,Burdin A.,burdin-aleksey,sofascore
323674,LIU H / Yang D,liu-h-yang-d,sofascore
323675,Krzysiek P / Slifirczyk K,krzysiek-p-slifirczyk-k,sofascore
323693,Okhotnikova E.,okhotnikova-ekaterina,sofascore
323732,Liu H.,liu-haoyu,sofascore
323750,Cherniavskaia E / Guseva E,cherniavskaia-e-guseva-e,sofascore
324971,Culafic S.,culafic-snezana,sofascore
324972,Agolli S.,agolli-samanda,sofascore
324986,Antoniadis N.,antoniadis-nikolaos,sofascore
324977,Cekic I.,cekic-irfan,sofascore
324989,Kostadinovic S.,kostadinovic-stefan,sofascore
324988,Stamou K.,stamou-konstantinos,sofascore
324974,Cubovic B.,cubovic-branko,sofascore
324993,Lykostratis K.,lykostratis-konstantinos,sofascore
325025,Tomovski K.,tomovski-kristijan,sofascore
325026,Stanojkovski K.,stanojkovski-kristijan,sofascore
291895,Cosic D.,cosic-dora,sofascore
325021,Busatlic B.,busatlic-belma,sofascore
325022,Vuletic S.,vuletic-sasa,sofascore
325060,Jasarovic A.,jasarovic-alan,sofascore
325065,Laska D.,laska-dritan,sofascore
325071,Tapia D.,tapia-dorjan,sofascore
325072,Haliti I.,haliti-ilirjana,sofascore
325130,Kostovski P / Stanojkovski K,kostovski-p-stanojkovski-k,sofascore
325134,Jasarovic A / Radulovic F,jasarovic-a-radulovic-f,sofascore
325131,Gunduz Z / Sahin Z B,gunduz-z-sahin-z-b,sofascore
325120,Culafic S / Petric I,culafic-s-petric-i,sofascore
325121,Cosic D / Mesetovic H,cosic-d-mesetovic-h,sofascore
325118,Mihajlovska B / Stojanovska A,mihajlovska-b-stojanovska-a,sofascore
325119,Knezevic M / Vejnovic I,knezevic-m-vejnovic-i,sofascore
325083,Mesetovic H.,mesetovic-harisa,sofascore
325143,Cekic I / Kostadinovic S,cekic-i-kostadinovic-s,sofascore
325142,Mladin P / Zelko I,mladin-p-zelko-i,sofascore
325167,Tigenler T.,tigenler-talha,sofascore
325127,Busatlic B / Markovic S,busatlic-b-markovic-s,sofascore
325128,Le T H L / Mosconi V,le-t-h-l-mosconi-v,sofascore
325140,Maksuti A / Zaharia A,maksuti-a-zaharia-a,sofascore
325166,Altinkaya S / Ozkaya G P,altinkaya-s-ozkaya-g-p,sofascore
325138,Manole A / Zaharia A,manole-a-zaharia-a,sofascore
325144,Kostadinovic S / Vejnovic I,kostadinovic-s-vejnovic-i,sofascore
325117,Sahin Zihni B / Ozkaya G P,sahin-zihni-b-ozkaya-g-p,sofascore
325035,Mohr J.,mohr-julian,sofascore
325159,Blas B / Chavez J,blas-b-chavez-j,sofascore
325163,Hazin J / Wang E,hazin-j-wang-e,sofascore
325161,Santos E / WU J,santos-e-wu-j,sofascore
325152,Mori A / Vargas F,mori-a-vargas-f,sofascore
325153,Castro E / Ortiz Y,castro-e-ortiz-y,sofascore
325154,Fonseca Carrazana D / Lovet I,fonseca-carrazana-d-lovet-i,sofascore
325148,Mino A / Paredes N,mino-a-paredes-n,sofascore
325164,WU J / Ortiz Y,wu-j-ortiz-y,sofascore
325165,Aguirre M / Gomez L,aguirre-m-gomez-l,sofascore
325147,Hidalgo R / Vargas F,hidalgo-r-vargas-f,sofascore
325149,Navas M / Nino N,navas-m-nino-n,sofascore
325254,Blas B.,blas-bryan,sofascore
325255,Hidalgo R.,hidalgo-rodrigo,sofascore
325269,Navas M.,navas-marco,sofascore
325270,Cote A / Zhang M,cote-a-zhang-m,sofascore
325256,Mori A.,mori-angela,sofascore
325257,Ortiz Y.,ortiz-yasiris,sofascore
325146,Wang Z / Zhang M,wang-z-zhang-m,sofascore
325470,Kumar N.,kumar-nikhil,sofascore
325471,Nino N.,nino-neridee,sofascore
325720,Medjugorac M / Wang E,medjugorac-m-wang-e,sofascore
194994,Alto G / Tabachnik P,alto-g-tabachnik-p,sofascore
325721,Chavez J / Hidalgo R,chavez-j-hidalgo-r,sofascore
325733,Kumar N / Tio N,kumar-n-tio-n,sofascore
325727,Chavez J.,chavez-johan,sofascore
325734,Naranjo A.,naranjo-angel,sofascore
325790,Osorio S.,osorio-santiago,sofascore
325787,Duffoo I.,duffoo-isabel,sofascore
325803,Yamada J / Kumahara L,yamada-j-kumahara-l,sofascore
325805,Diaz M / Rios D,diaz-m-rios-d,sofascore
326149,Bertrand I / Rolland J,bertrand-i-rolland-j,sofascore
326409,XIA Y / Zheng P,xia-y-zheng-p,sofascore
326150,Zhao Z / Zhu L,zhao-z-zhu-l,sofascore
326151,Marchetti N / Samet M,marchetti-n-samet-m,sofascore
326152,Nagyvaradi M / Pota G,nagyvaradi-m-pota-g,sofascore
326153,Fins R / Shao J,fins-r-shao-j,sofascore
326504,Adamkova K / Cechova D,adamkova-k-cechova-d,sofascore
326503,Loeuillette S / Zarif A,loeuillette-s-zarif-a,sofascore
326155,Kill C / Meyer S,kill-c-meyer-s,sofascore
326157,Tregler T / Cechova D,tregler-t-cechova-d,sofascore
326154,Todorov S / Hristova K,todorov-s-hristova-k,sofascore
326156,ZHU L / HE Z,zhu-l-he-z,sofascore
326502,UDA Y / Yoshimura K,uda-y-yoshimura-k,sofascore
326548,Cnudde F / Devos R,cnudde-f-devos-r,sofascore
326501,Kenjaev Z / Kholikov E,kenjaev-z-kholikov-e,sofascore
326549,Trifonova P / Yovkova M,trifonova-p-yovkova-m,sofascore
326550,Polcanova S / Szocs B,polcanova-s-szocs-b,sofascore
326523,Feng Y-H / SU P-L,feng-y-h-su-p-l,sofascore
326522,Pletea C / Samara E,pletea-c-samara-e,sofascore
334156,TTC Neu-Ulm,ttc-neu-ulm,sofascore
326953,Heyi YU.,yu-heyi,sofascore
326954,Kaiyang LU.,lu-kaiyang,sofascore
326955,Tomanova T.,tomanova-tamara,sofascore
327138,CHO D / Lee S,cho-d-lee-s,sofascore
327117,Pletea C / Sgouropoulos I,pletea-c-sgouropoulos-i,sofascore
327139,Karakasevic A / Majoros B,karakasevic-a-majoros-b,sofascore
327060,Sidorenko V / Skachkov K,sidorenko-v-skachkov-k,sofascore
327128,Chen X / Qian T,chen-x-qian-t,sofascore
327061,Kucerova A / Tomanovska K,kucerova-a-tomanovska-k,sofascore
327116,Kukulkova T / Puchovanova N,kukulkova-t-puchovanova-n,sofascore
327083,Taira Y.,taira-yurika,sofascore
328209,Paridi K.,paridi-konstantina,sofascore
328210,Gonderinger T.,gonderinger-tessy,sofascore
328221,Trifonova P.,trifonova-polina,sofascore
328333,Konstantinopoulos K.,konstantinopoulos-konstantinos,sofascore
328337,Kill C.,kill-christian,sofascore
328889,Ferreira M.,ferreira-mathias,sofascore
328887,Lopez S.,lopez-sebastian,sofascore
328888,Piguave D.,piguave-diego,sofascore
328897,Leon D.,leon-david,sofascore
328890,Guadalupe M.,guadalupe-matias,sofascore
328899,Orencel A.,orencel-alexis,sofascore
328903,Hermosilla D.,hermosilla-diego,sofascore
328905,Kaizoji C.,kaizoji-camila,sofascore
328898,Caceres P.,caceres-panambi,sofascore
328902,Cuenca R.,cuenca-rebeca,sofascore
328894,Mutti C.,mutti-cielo,sofascore
328904,Moreno B.,moreno-benicio,sofascore
328891,Azcoaga C.,azcoaga-christian,sofascore
328892,Santos D.,santos-daniel,sofascore
328900,Duarte D.,duarte-diego,sofascore
328907,Mieres J.,mieres-juan-manuel,sofascore
328893,Ovelar L.,ovelar-lucero,sofascore
328901,Hermosilla M.,hermosilla-melina,sofascore
328906,Martinez F.,martinez-fatima,sofascore
329170,Bentancor M / Galvano N,bentancor-m-galvano-n,sofascore
329171,Matsumoto C / Yokota G,matsumoto-c-yokota-g,sofascore
329172,Guadalupe M / Orencel A,guadalupe-m-orencel-a,sofascore
329173,Mutti M / Zhang K,mutti-m-zhang-k,sofascore
329174,Guedes DI Braz H.,guedes-di-braz-heverton,sofascore
318422,Burgos N / Gomez G,burgos-n-gomez-g,sofascore
329277,Gonzalez D / Naranjo A,gonzalez-d-naranjo-a,sofascore
329275,Morizono M / Pistej L,morizono-m-pistej-l,sofascore
329276,Mutti L / Stoyanov N,mutti-l-stoyanov-n,sofascore
329280,Cnudde F / Dani M,cnudde-f-dani-m,sofascore
329278,Lamadrid J / Moya M,lamadrid-j-moya-m,sofascore
329279,Aguirre M / Gavilan A,aguirre-m-gavilan-a,sofascore
329281,Leon D / Moreno B,leon-d-moreno-b,sofascore
329287,Caceres P / Cuenca R,caceres-p-cuenca-r,sofascore
329282,Iwasa A / Silva Y,iwasa-a-silva-y,sofascore
329283,Morales J / Rios V,morales-j-rios-v,sofascore
329285,Kumahara L / Vivarelli D,kumahara-l-vivarelli-d,sofascore
329286,Kaizoji C / Molero C,kaizoji-c-molero-c,sofascore
329284,Mutti C / Ovelar L,mutti-c-ovelar-l,sofascore
329273,Aguirre M / Ovelar L,aguirre-m-ovelar-l,sofascore
329274,Gavilan A / Mutti C,gavilan-a-mutti-c,sofascore
329272,Gomez G / Ortega D,gomez-g-ortega-d,sofascore
329271,Mutti M / Vivarelli D,mutti-m-vivarelli-d,sofascore
329499,DT Bridel,dt-bridel,sofascore
329500,Omis Kharkov,omis-kharkov,sofascore
329397,Hashimoto H / Shiomi M,hashimoto-h-shiomi-m,sofascore
329398,Doval I / Paredes N,doval-i-paredes-n,sofascore
329489,TTC Nodo Ekeren,ttc-nodo-ekeren,sofascore
329496,CTT Tiege,ctt-tiege,sofascore
329497,PTE PEAC Kalo-Meh,pte-peac-kalo-meh,sofascore
329498,TTC Neuhausen,ttc-neuhausen,sofascore
329491,CTT Tiege,ctt-tiege,sofascore
329492,TT Jamoigne,tt-jamoigne,sofascore
329490,ASD Quattro Mori Cagliari,asd-quattro-mori-cagliari,sofascore
329488,Hilleroed GI Bordtennis,hilleroed-gi-bordtennis,sofascore
330034,Rivera M.,rivera-mauricio,sofascore
330329,Hjort A.,hjort-anton,sofascore
293142,Baasan N.,baasan-nomin,sofascore
331552,Johansson N.,johansson-nina,sofascore
331550,Chen A / Tauber M,chen-a-tauber-m,sofascore
126172,Gerell P / Lundquist J,gerell-p-lundquist-j,sofascore
331540,JIN T / Matsushima S,jin-t-matsushima-s,sofascore
331543,Akula S / Sahasrabudhe P,akula-s-sahasrabudhe-p,sofascore
331541,GOI R X /	lin Y,goi-r-x-lin-y,sofascore
331542,Front E / Jonsson J,front-e-jonsson-j,sofascore
331551,Lung L / Todorovic A,lung-l-todorovic-a,sofascore
331705,Kallberg A / Kallberg C,kallberg-a-kallberg-c,sofascore
331706,Jang W / Yang H,jang-w-yang-h,sofascore
327062,Jarvis T / Carey C,jarvis-t-carey-c,sofascore
331709,Cantero J / Garcia A,cantero-j-garcia-a,sofascore
331105,Echavarria A.,echavarria-alexander,sofascore
331760,Abdel Aziz Y / Assar K,abdel-aziz-y-assar-k,sofascore
331759,Jarvis T / Pitchford L,jarvis-t-pitchford-l,sofascore
331710,Ishiy V / Tsuboi G,ishiy-v-tsuboi-g,sofascore
331707,Jancarik L / Polansky T,jancarik-l-polansky-t,sofascore
331708,Jouti E / Monteiro T,jouti-e-monteiro-t,sofascore
331704,Pistej L / Sirucek P,pistej-l-sirucek-p,sofascore
321971,Goldir J.,goldir-jakub,sofascore
292139,Papadimitriou M.,papadimitriou-malamatenia,sofascore
322002,Tolgyes D.,tolgyes-dorottya,sofascore
321965,Sommerova H.,sommerova-helena,sofascore
331797,Deschamps H.,deschamps-hugo,sofascore
322142,Kaufmann A.,kaufmann-annett,sofascore
322340,Peters A.,peters-anna,sofascore
323126,Zavarykina A.,zavarykina-alina,sofascore
322527,Pranjkovic N.,pranjkovic-naomi,sofascore
323125,Voronina V.,voronina-vlada,sofascore
322513,Hulshof L.,hulshof-lode,sofascore
331945,Zapata C.,zapata-carlos,sofascore
331946,Gallego J.,gallego-juan,sofascore
332140,Shinozuka H.,shinozuka-hiroto,sofascore
332141,Tsutsui Y.,tsutsui-yuki,sofascore
332168,Siruckova A.,siruckova-aneta,sofascore
332334,Alto G / Molero C,alto-g-molero-c,sofascore
332335,Ecseki N / Balint B,ecseki-n-balint-b,sofascore
332336,Wang C / Wang M,wang-c-wang-m,sofascore
332337,Gonzalez D / Diaz A,gonzalez-d-diaz-a,sofascore
332338,XU X / Sun Y,xu-x-sun-y,sofascore
332364,Chen M / GU Y,chen-m-gu-y,sofascore
332339,Diaz A / Samara E,diaz-a-samara-e,sofascore
332333,Ciobanu I / Dvorak G,ciobanu-i-dvorak-g,sofascore
332813,Fei QI.,qi-fei,sofascore
332815,Tanska C.,tanska-caroline,sofascore
332837,Blinka M / Martinko J,blinka-m-martinko-j,sofascore
332838,Chen A / Serdaroglu D,chen-a-serdaroglu-d,sofascore
332839,Elhakem K / Ghallab A,elhakem-k-ghallab-a,sofascore
332840,Lehmann M / Mladin P,lehmann-m-mladin-p,sofascore
332843,Baek K / Park C-H,baek-k-park-c-h,sofascore
332841,Mutti M / Oyebode J,mutti-m-oyebode-j,sofascore
332842,Ghosh S / Yadav A,ghosh-s-yadav-a,sofascore
332844,XU H / Zhao Z,xu-h-zhao-z,sofascore
332845,Grebeniuk A / Limonov A,grebeniuk-a-limonov-a,sofascore
332846,Hribar P / Mabey S,hribar-p-mabey-s,sofascore
332847,Pinto D / Rossi C,pinto-d-rossi-c,sofascore
332882,Andersen M / Christensen T,andersen-m-christensen-t,sofascore
332816,Pintos M.,pintos-martin,sofascore
332835,Ivarsson B.,ivarsson-birgir,sofascore
332836,Ghallab A.,ghallab-aly,sofascore
332850,Yokotani J.,yokotani-jo,sofascore
332848,Yingyuenyong S.,yingyuenyong-sarun,sofascore
332856,Altinkaya S / Kolish A,altinkaya-s-kolish-a,sofascore
332851,Bolton E / Payet D,bolton-e-payet-d,sofascore
332852,Bergand F / Jonsson J,bergand-f-jonsson-j,sofascore
332854,Edvinsson J / Front E,edvinsson-j-front-e,sofascore
332855,Jokic T / Todorovic A,jokic-t-todorovic-a,sofascore
332853,Chen Y-C / Lee W-H,chen-y-c-lee-w-h,sofascore
332819,Zhou J.,zhou-jingyi,sofascore
312661,Fan S.,fan-sheng-peng,sofascore
332913,LU K / Majoros B,lu-k-majoros-b,sofascore
332912,Huang Y-J / Tai M-W,huang-y-j-tai-m-w,sofascore
332915,Engemann G / Meissner C,engemann-g-meissner-c,sofascore
332914,Feng Y-H / Huang Y-C,feng-y-h-huang-y-c,sofascore
332818,Tanigaki Y.,tanigaki-yuma,sofascore
332910,Degraef M / Doval I,degraef-m-doval-i,sofascore
332911,Blaskova Z / Petrovova N,blaskova-z-petrovova-n,sofascore
332916,LEE E / Shin Y,lee-e-shin-y,sofascore
332917,Molero C / Vega P,molero-c-vega-p,sofascore
332938,Grigelova N / Kukulkova T,grigelova-n-kukulkova-t,sofascore
332939,CAI F-E / Hsu Y-C,cai-f-e-hsu-y-c,sofascore
332936,SIM H / Yoo E,sim-h-yoo-e,sofascore
332937,Garcia A / Zhang S X,garcia-a-zhang-s-x,sofascore
332948,Hsu Y.,hsu-yi-chen,sofascore
76823,Bentsen A.,bentsen-allan,sofascore
329460,Bukin A.,bukin-andrey,sofascore
369709,Wahnon F.,wahnon-francisco,sofascore
76843,Idowu S.,idowu-saheed,sofascore
369710,Silva B.,silva-bruno,sofascore
332946,Shetty S / Thakkar M V,shetty-s-thakkar-m-v,sofascore
332964,Ecseki N / Lakatos T,ecseki-n-lakatos-t,sofascore
332947,Mikhailova P / Noskova Y,mikhailova-p-noskova-y,sofascore
332945,FAN S / Zhang Q,fan-s-zhang-q,sofascore
337283,Paulo G.,paulo-guilherme,sofascore
343102,Koldas T.,koldas-tomas,sofascore
333823,Houdji Z.,houdji-zinsou,sofascore
333819,Sanad R.,sanad-rashed,sofascore
333831,Magdieva M.,magdieva-markhabo,sofascore
292511,Volkava V.,volkava-vera,sofascore
333478,Merzlikin T.,merzlikin-taras,sofascore
333855,Gao Y.,gao-yang,sofascore
333824,Filchev S.,filchev-sergey,sofascore
333826,Tsoi E.,tsoi-evgeny,sofascore
333825,Xie C.,xie-congfan,sofascore
333832,Semenova D.,semenova-daria,sofascore
333818,Miashchanskaya U.,miashchanskaya-ulyana,sofascore
333828,Wang X.,wang-xiaotong,sofascore
333462,Tran A.,tran-anthony,sofascore
333924,Yang Y.,yang-yiyun,sofascore
333853,Bako R / Kucera S,bako-r-kucera-s,sofascore
333854,Kasymov A / Kydyrbaev A,kasymov-a-kydyrbaev-a,sofascore
333820,Rukliatsou U / Tsyhanouski M,rukliatsou-u-tsyhanouski-m,sofascore
333821,Saleh M / Sanad R,saleh-m-sanad-r,sofascore
333822,Shamruk G / Yarashenka V,shamruk-g-yarashenka-v,sofascore
333833,Masip J / Ruiz F M,masip-j-ruiz-f-m,sofascore
333922,Medina J.,medina-jan,sofascore
333827,Kuai M / Shi X,kuai-m-shi-x,sofascore
333834,Brateyko S / Hud V,brateyko-s-hud-v,sofascore
333835,Bakhyt A / Mirkadirova S,bakhyt-a-mirkadirova-s,sofascore
333856,Michalak A / Slazak J,michalak-a-slazak-j,sofascore
333857,HO T-T / Koh K X P,ho-t-t-koh-k-x-p,sofascore
333829,Padrazhanets K.,padrazhanets-karyna,sofascore
333830,Zaleskaya Y.,zaleskaya-yuliya,sofascore
322748,Varabyova V.,varabyova-veranika,sofascore
333923,Kenzhigulov A / Zhamal B,kenzhigulov-a-zhamal-b,sofascore
333953,Xiang P / XU Y,xiang-p-xu-y,sofascore
333969,Yuan L.,yuan-licen,sofascore
333917,Farladanska G / Gaponova G,farladanska-g-gaponova-g,sofascore
333925,Chen Y / WU Y,chen-y-wu-y,sofascore
333918,KIM H / Lee N,kim-h-lee-n,sofascore
333919,Hartbrich L / Imre L,hartbrich-l-imre-l,sofascore
333926,KIM M / Kim Y,kim-m-kim-y,sofascore
333951,Migot M / Pavade P,migot-m-pavade-p,sofascore
333952,Schreiner F / Tsutsui Y,schreiner-f-tsutsui-y,sofascore
337054,Shevnin S.,shevnin-semen,sofascore
369711,Huber D.,huber-david,sofascore
333963,GAO Y / Xie C,gao-y-xie-c,sofascore
334120,Kizukuri Y / Tanaka Y,kizukuri-y-tanaka-y,sofascore
334123,Feng Y / Zhang Q,feng-y-zhang-q,sofascore
334590,Kumahara L / Yamada J,kumahara-l-yamada-j,sofascore
334591,DOO H K / Lee H C,doo-h-k-lee-h-c,sofascore
334599,Persson J / Karlsson K,persson-j-karlsson-k,sofascore
334597,Liao C-T / Chen C-A,liao-c-t-chen-c-a,sofascore
334598,Fegerl S / Habesohn D,fegerl-s-habesohn-d,sofascore
334600,Tsuboi G / Jouti E,tsuboi-g-jouti-e,sofascore
334593,Lulu A / Tommy P,lulu-a-tommy-p,sofascore
334594,Solja A / Mischek K,solja-a-mischek-k,sofascore
334604,Wang A / Zhang L,wang-a-zhang-l,sofascore
334592,Qwea S.,qwea-stephanie,sofascore
76957,Lulu A.,lulu-anolyn,sofascore
334660,Habesohn D / Levenko A,habesohn-d-levenko-a,sofascore
334657,Kallberg A / Ranefur E,kallberg-a-ranefur-e,sofascore
334658,Feng Y / Zhang K,feng-y-zhang-k,sofascore
334659,Townsend K / Chambers D,townsend-k-chambers-d,sofascore
334670,XU X / Liang J,xu-x-liang-j,sofascore
334661,Alhodaby M / Helmy Y,alhodaby-m-helmy-y,sofascore
334663,Jeon J / Shin Y,jeon-j-shin-y,sofascore
334662,Qwea S / Lulu A,qwea-s-lulu-a,sofascore
24932,Tommy P.,tommy-priscila,sofascore
334669,Alhodaby M.,alhodaby-marwa,sofascore
334950,Chen M / Sun Y,chen-m-sun-y,sofascore
335122,Radel M.,radel-martin,sofascore
335114,Kases M.,kases-michelle,sofascore
335112,Leitner S.,leitner-selina,sofascore
335113,Liu Y.,liu-yuan,sofascore
335123,Poell E.,poell-elena,sofascore
335124,LIN G / Zhu Y,lin-g-zhu-y,sofascore
335332,Bhagwani D.,bhagwani-deepash,sofascore
335338,Riyanto M.,riyanto-muhammad-ilham,sofascore
335337,Sutyoansah M.,sutyoansah-muhammad-azidan,sofascore
335333,Albalooshi A.,albalooshi-abdulla,sofascore
335339,Sinaga G.,sinaga-gezah-chrisnoel,sofascore
335340,Romero J.,romero-jannah,sofascore
335350,Alim H.,alim-helmy,sofascore
332849,Yang Z.,yang-zhi-xing,sofascore
335343,Khoirunisa,khoirunisa,sofascore
335341,Pelmelay Y.,pelmelay-yessica-ruth-sarah,sofascore
335335,Chen Y.,chen-yi-chien,sofascore
335336,Cruz K.,cruz-kheith-rhynne,sofascore
335345,Rahma L.,rahma-lesty-salsabila,sofascore
335342,Sundari P.,sundari-putri,sofascore
335344,Odono Y.,odono-yui,sofascore
335362,Ionescu O / Szocs H,ionescu-o-szocs-h,sofascore
335363,AN J / Jang W,an-j-jang-w,sofascore
335361,Radel M / Ziller T,radel-m-ziller-t,sofascore
335364,GU Y / Sun M,gu-y-sun-m,sofascore
335460,Jevtovic M / Surjan S,jevtovic-m-surjan-s,sofascore
335461,Wang C / LIU S,wang-c-liu-s,sofascore
335475,Ertanto B / Sutyoansah M A,ertanto-b-sutyoansah-m-a,sofascore
335473,Huang Y-C / Tai M-W,huang-y-c-tai-m-w,sofascore
335334,Yunus M.,yunus-muhammad-djaki,sofascore
335478,Akae K / Maeda M,akae-k-maeda-m,sofascore
335479,Khoirunisa / Sundari P,khoirunisa-sundari-p,sofascore
335474,COK I / Marchetti N,cok-i-marchetti-n,sofascore
335480,Nomura M / Odono Y,nomura-m-odono-y,sofascore
335481,Anakotta D / Pelmelay Y R S,anakotta-d-pelmelay-y-r-s,sofascore
335488,Luo X.,luo-xue,sofascore
335510,Diaw I / Tanviriyavechakul P,diaw-i-tanviriyavechakul-p,sofascore
335511,Pande S / Thakkar M V,pande-s-thakkar-m-v,sofascore
335477,Tanigaki Y / Yokotani J,tanigaki-y-yokotani-j,sofascore
335512,Cnudde F / Hodaei A H,cnudde-f-hodaei-a-h,sofascore
335513,Fadilah F F / Tululi F A,fadilah-f-f-tululi-f-a,sofascore
335532,Machi A / Matsuyama Y,machi-a-matsuyama-y,sofascore
335533,Kwan M H / Lam S H,kwan-m-h-lam-s-h,sofascore
335516,AZ Hari G P / Kautzar Z,az-hari-g-p-kautzar-z,sofascore
335514,JI E / Kang D,ji-e-kang-d,sofascore
335515,Chien T-C / YU H T,chien-t-c-yu-h-t,sofascore
335517,LUO X / Shao J,luo-x-shao-j,sofascore
335518,KOH K X P / Tan L L J,koh-k-x-p-tan-l-l-j,sofascore
335570,LI H M / NG P N,li-h-m-ng-p-n,sofascore
336901,Kim Y.,kim-yanghyun,sofascore
336903,Liang G.,liang-guodong,sofascore
336902,Tommy XU.,xu-tommy,sofascore
336900,Yeung T.,yeung-terence,sofascore
336904,Edward LY.,ly-edward,sofascore
336905,Lorenzo S.,lorenzo-santiago,sofascore
336892,Morin K.,morin-katherine,sofascore
336891,Gauthier S.,gauthier-sophie,sofascore
336894,Cuchirita A.,cuchirita-adina-maria,sofascore
336893,Joyce XU.,xu-joyce,sofascore
336906,Ogidan K / Osedunkwu J,ogidan-k-osedunkwu-j,sofascore
336908,Bentancor M / Levinski M,bentancor-m-levinski-m,sofascore
336909,KIM J / Kim Y,kim-j-kim-y,sofascore
336907,LIM C / Yoo C,lim-c-yoo-c,sofascore
336934,Liang G / Zeng B,liang-g-zeng-b,sofascore
336910,Degraef M / Zhang S X,degraef-m-zhang-s-x,sofascore
336911,WU S / XU J,wu-s-xu-j,sofascore
336912,Jazbec I / Malobabic I,jazbec-i-malobabic-i,sofascore
336913,Gauthier S / Huang H,gauthier-s-huang-h,sofascore
336914,Arguelles C / Silva Y,arguelles-c-silva-y,sofascore
336915,Loeuillette S / Marchetti N,loeuillette-s-marchetti-n,sofascore
336916,QI F / Wang X,qi-f-wang-x,sofascore
336917,Huang H.,huang-hui,sofascore
336918,Leng Y.,leng-yutong,sofascore
336919,Ramirez M.,ramirez-mariana,sofascore
336921,Siqian WU.,wu-siqian,sofascore
336920,Wang X.,wang-xinyang,sofascore
336926,Allegro M / Degraef M,allegro-m-degraef-m,sofascore
336927,Sikorski J W / Sikorska M,sikorski-j-w-sikorska-m,sofascore
336975,Caballero C / Zhang S X,caballero-c-zhang-s-x,sofascore
336976,Rolland J / Loeuillette S,rolland-j-loeuillette-s,sofascore
336922,Chen H / WU S,chen-h-wu-s,sofascore
336923,Zhao Z / Liu X,zhao-z-liu-x,sofascore
336928,CAO W / LI J,cao-w-li-j,sofascore
336990,Chen H / Hazin J,chen-h-hazin-j,sofascore
321076,Akkuzu C / Lebesson E,akkuzu-c-lebesson-e,sofascore
336963,Cao Y.,cao-yantao,sofascore
336964,Ren H.,ren-hao,sofascore
337003,Kim T.,kim-taehoon,sofascore
336967,Yoo C.,yoo-changjae,sofascore
336968,Sikorski J.,sikorski-jerzy-waclaw,sofascore
336969,Chen H.,chen-hongtao,sofascore
336970,Yang S.,yang-sanghyun,sofascore
336972,Kim J.,kim-jangho,sofascore
336971,David XU.,xu-david,sofascore
336973,Lim C.,lim-chanwhan,sofascore
336974,Levinski M.,levinski-mishel,sofascore
336986,LIU J / WU Y,liu-j-wu-y,sofascore
336991,LIU X / Zhang Q,liu-x-zhang-q,sofascore
336992,Wang X / Zhang M,wang-x-zhang-m,sofascore
336993,CHE X / LI J,che-x-li-j,sofascore
336987,Zhang K / WU Y,zhang-k-wu-y,sofascore
336988,Gommers R / Eerland B,gommers-r-eerland-b,sofascore
336924,Feng Y / Liu J,feng-y-liu-j,sofascore
336989,Wang E / Zhang M,wang-e-zhang-m,sofascore
337026,Myint K / OO S M,myint-k-oo-s-m,sofascore
337027,Choong J / Ling Y H A,choong-j-ling-y-h-a,sofascore
337028,LAY P / Soeung T,lay-p-soeung-t,sofascore
337029,Doan B T A / Nguyen A T,doan-b-t-a-nguyen-a-t,sofascore
337030,Misal J R / Nayre J M,misal-j-r-nayre-j-m,sofascore
337031,Dinh A H / VU Q H,dinh-a-h-vu-q-h,sofascore
337032,Adasa J / Gonzales R,adasa-j-gonzales-r,sofascore
337033,Haiqal M A / Wong Q S,haiqal-m-a-wong-q-s,sofascore
337034,BUN V / Sarak S,bun-v-sarak-s,sofascore
337038,Tanviriyavechakul P / Wisutmaythangkoon S,tanviriyavechakul-p-wisutmaythangkoon-s,sofascore
337022,Dael E R / Romero J,dael-e-r-romero-j,sofascore
337024,Nguyen B T T / Nguyen K D K,nguyen-b-t-t-nguyen-k-d-k,sofascore
337035,MAI H M T / Tran M N,mai-h-m-t-tran-m-n,sofascore
337025,Cruz K R / Fadol R J,cruz-k-r-fadol-r-j,sofascore
337190,Plattner D.,plattner-dominique,sofascore
337046,Liu J.,liu-juan,sofascore
337047,Thakkar M V / Kamath A G,thakkar-m-v-kamath-a-g,sofascore
337062,Karakasevic A / Pistej L,karakasevic-a-pistej-l,sofascore
337063,Cifuentes H / Lorenzo S,cifuentes-h-lorenzo-s,sofascore
337061,Hartbrich L / Madarasz D,hartbrich-l-madarasz-d,sofascore
337066,Nayre J.,nayre-jann-mari,sofascore
337067,Wong Q.,wong-qi-shen,sofascore
337068,Gonzales R.,gonzales-richard,sofascore
337069,Soe Min OO.,oo-soe-min,sofascore
337070,Soeung T.,soeung-tola,sofascore
337071,Lay P.,lay-phakdey,sofascore
337072,Latt T.,latt-thet-ko-ko,sofascore
337073,Fadol R.,fadol-rose-jean,sofascore
337074,Soe Y.,soe-yanadar,sofascore
337075,Tran M.,tran-mai-ngoc,sofascore
333970,Chang L.,chang-li-sian-alice,sofascore
369714,Schreyer E.,schreyer-erik,sofascore
369712,Maciel L.,maciel-luis,sofascore
369713,Aznar J.,aznar-julien,sofascore
339180,Effiom J.,effiom-janet,sofascore
339320,Fegerl S / Levenko A,fegerl-s-levenko-a,sofascore
339321,Omotayo O / Toriola S,omotayo-o-toriola-s,sofascore
339182,Badowski M / Kulczycki S,badowski-m-kulczycki-s,sofascore
339276,Taherkhani H.,taherkhani-hamidreza,sofascore
339293,Kim O.,kim-ok-chan,sofascore
339251,Baskutyte U.,baskutyte-ugne,sofascore
339221,Komwong N / Paranang O,komwong-n-paranang-o,sofascore
339248,LIU Y / Liu J,liu-y-liu-j,sofascore
339250,Baskutyte U / Venckute V,baskutyte-u-venckute-v,sofascore
339249,TEE A X / HO Y,tee-a-x-ho-y,sofascore
339269,Fazekas M / Pergel S,fazekas-m-pergel-s,sofascore
339283,Monfardini G / Piccolin G,monfardini-g-piccolin-g,sofascore
148008,LI J / LI J,li-j-li-j,sofascore
339339,Panagitgun Y / Wisutmaythangkoon S,panagitgun-y-wisutmaythangkoon-s,sofascore
339383,Lind A / Maze M,lind-a-maze-m,sofascore
339382,Konstantinopoulos G / Sgouropoulos I,konstantinopoulos-g-sgouropoulos-i,sofascore
319727,Pistej L / Valuch A,pistej-l-valuch-a,sofascore
339394,Pryshchepa Y / Zhmudenko Y,pryshchepa-y-zhmudenko-y,sofascore
339484,Valuch A / Wang Y,valuch-a-wang-y,sofascore
339520,LI J / Vermaas K,li-j-vermaas-k,sofascore
339611,Dvorak G / Garcia A,dvorak-g-garcia-a,sofascore
339612,LUO X / YU F,luo-x-yu-f,sofascore
339791,Anorboev A.,anorboev-abdulaziz,sofascore
339792,Martinko J / Adamkova K,martinko-j-adamkova-k,sofascore
339789,Passara P / Sawettabut J,passara-p-sawettabut-j,sofascore
339790,Sgouropoulos I / Papadimitriou M,sgouropoulos-i-papadimitriou-m,sofascore
339844,Boll T / Walther R,boll-t-walther-r,sofascore
339846,Huang Y-W / Liu H-Y,huang-y-w-liu-h-y,sofascore
339845,DOO H K / Zhu C,doo-h-k-zhu-c,sofascore
339871,Ding N / Sun Y,ding-n-sun-y,sofascore
339858,Jang W / Shin Y,jang-w-shin-y,sofascore
339856,LIN G / Sun Y,lin-g-sun-y,sofascore
339857,Zhang K / Zhang L,zhang-k-zhang-l,sofascore
339870,CHO D / Jang W,cho-d-jang-w,sofascore
339889,Lim K.,lim-kyuhyun,sofascore
340140,Yumoto F.,yumoto-fuwa,sofascore
340143,Shinohara Y.,shinohara-yura,sofascore
340148,Manhani H / Teodoro G,manhani-h-teodoro-g,sofascore
340310,Choi D / Kim T,choi-d-kim-t,sofascore
340151,Spanik T / Zelinka J,spanik-t-zelinka-j,sofascore
340152,Engemann G / Meng F,engemann-g-meng-f,sofascore
340273,Zimarin A.,zimarin-artem,sofascore
340274,Akasheva Z / Garci F,akasheva-z-garci-f,sofascore
240355,Enriquez Y / Niguez M,enriquez-y-niguez-m,sofascore
340278,Chakavaya T / Kisel D,chakavaya-t-kisel-d,sofascore
340279,Labosova E / Puchovanova N,labosova-e-puchovanova-n,sofascore
340277,Tofant A / Zupancic N,tofant-a-zupancic-n,sofascore
340275,Koszulap N / Papadimitriou M,koszulap-n-papadimitriou-m,sofascore
340276,Blaskova Z / Stepanova G,blaskova-z-stepanova-g,sofascore
340329,Carey C / Pavlovic A,carey-c-pavlovic-a,sofascore
340345,Baek K.,baek-kwangil,sofascore
340337,Platonov P / Yarashenka V,platonov-p-yarashenka-v,sofascore
340338,Gonzalez D / Perez G,gonzalez-d-perez-g,sofascore
340341,Lakatos T / Olah B,lakatos-t-olah-b,sofascore
340340,Caballero C / Robles A,caballero-c-robles-a,sofascore
340339,Martinko J / Putuntica A,martinko-j-putuntica-a,sofascore
340344,Chasselin P / Guisnel O,chasselin-p-guisnel-o,sofascore
340342,GOI R X / Zeng J,goi-r-x-zeng-j,sofascore
340330,Shinohara Y / Yumoto F,shinohara-y-yumoto-f,sofascore
340343,Ciobanu I / Monteiro Dodean D,ciobanu-i-monteiro-dodean-d,sofascore
340397,Berrios H.,berrios-hector,sofascore
340125,Solex-Consult Wiener Neustadt,solex-consult-wiener-neustadt,sofascore
340463,Gao P.,gao-peng,sofascore
340464,Teodoro G.,teodoro-guilherme,sofascore
340837,Doyen A.,doyen-antoine,sofascore
292987,Santos P.,santos-patricia,sofascore
340581,Kim W.,kim-wancheol,sofascore
340147,Kim T.,kim-taehyun,sofascore
340951,Chirita I / Movileanu D,chirita-i-movileanu-d,sofascore
340948,Daish M / Mabey S,daish-m-mabey-s,sofascore
340949,Medjugorac M / XU T,medjugorac-m-xu-t,sofascore
340838,Akindiya I.,akindiya-ismaila,sofascore
340139,Urena V.,urena-victor,sofascore
340145,Tomlinson S.,tomlinson-simon,sofascore
340953,Monteiro T / Kumahara L,monteiro-t-kumahara-l,sofascore
340954,Konstantinopoulos K / Toliou A,konstantinopoulos-k-toliou-a,sofascore
340950,Wetzel A / Doval I,wetzel-a-doval-i,sofascore
340952,Golla M / Grela A,golla-m-grela-a,sofascore
340159,Hribar P / Kozul D,hribar-p-kozul-d,sofascore
340994,Konstantinopoulos G / Konstantinopoulos K,konstantinopoulos-g-konstantinopoulos-k,sofascore
340150,Pieraert V / Rassenfosse A,pieraert-v-rassenfosse-a,sofascore
340993,Devos R / Oostwouder E,devos-r-oostwouder-e,sofascore
340992,Levinski M / Zhang K,levinski-m-zhang-k,sofascore
341009,Feng Y-H / LI H-Y,feng-y-h-li-h-y,sofascore
340967,Doval I / Tofant A,doval-i-tofant-a,sofascore
340968,Lupulesku I / Reust C,lupulesku-i-reust-c,sofascore
340955,Aruna G.,aruna-ganiyat,sofascore
341012,Kumar N / Wang A,kumar-n-wang-a,sofascore
341013,Lillo A / Zhang S-X,lillo-a-zhang-s-x,sofascore
341016,Ecseki N / Polansky T,ecseki-n-polansky-t,sofascore
341017,Cazacu A / Cifuentes H,cazacu-a-cifuentes-h,sofascore
341010,Codina A / Kirichenko A,codina-a-kirichenko-a,sofascore
341367,Kramarics G.,kramarics-gergo,sofascore
341369,Kishegyi A.,kishegyi-akos,sofascore
341371,Huang Y-C / Sun C-H,huang-y-c-sun-c-h,sofascore
341368,Juhasz P / LU K,juhasz-p-lu-k,sofascore
341433,Ciobanu I / Samara E,ciobanu-i-samara-e,sofascore
341435,Kumahara L / Zhang L,kumahara-l-zhang-l,sofascore
341434,Meshref D / Toliou A,meshref-d-toliou-a,sofascore
341370,Horvath L.,horvath-lilla,sofascore
336925,Lambiet F / Marchetti N,lambiet-f-marchetti-n,sofascore
341509,SOO W Y M / ZHU C,soo-w-y-m-zhu-c,sofascore
341510,Alto G / Gonzalez D,alto-g-gonzalez-d,sofascore
341872,Fanny K.,fanny-kokou-dodji,sofascore
341873,Mutua B.,mutua-brian,sofascore
239695,Kalam M.,kalam-musfiquh,sofascore
341874,Kherouf S.,kherouf-sami,sofascore
341875,Hmam A.,hmam-adam,sofascore
341876,Olabiyi M.,olabiyi-monday,sofascore
341877,Kessaci K.,kessaci-katia,sofascore
341900,Bello F.,bello-fatimo,sofascore
341878,Nzangani C.,nzangani-cyntia,sofascore
341997,Jalim N.,jalim-nandeshwaree,sofascore
342010,Oba O.,oba-oba-kizito,sofascore
340137,Turrini R.,turrini-rafael,sofascore
341739,Vorcnik D.,vorcnik-david,sofascore
342420,Salah K.,salah-khalifa,sofascore
342421,Almughanne F.,almughanne-fahed,sofascore
342422,Zahoor F.,zahoor-faizan,sofascore
342423,Vahnish J.,vahnish-jacobo,sofascore
342424,Hussain K.,hussain-kholoud,sofascore
342565,Ali M.,ali-maryam,sofascore
342573,Zovko L.,zovko-lovro,sofascore
342621,Abdulwahhab M / Faramarzi M,abdulwahhab-m-faramarzi-m,sofascore
342622,Abdulwahhab M / Al-Mohannadi A K,abdulwahhab-m-al-mohannadi-a-k,sofascore
342623,Karlsson K / Moregard T,karlsson-k-moregard-t,sofascore
342624,Faramarzi M / Hussain K,faramarzi-m-hussain-k,sofascore
342564,Christensen S / Marchetti N,christensen-s-marchetti-n,sofascore
342625,Wang M / Zhu Y,wang-m-zhu-y,sofascore
342562,Chew Z Y C / Pang Y E K,chew-z-y-c-pang-y-e-k,sofascore
342561,Al-Nuaimi A / Fadhel G,al-nuaimi-a-fadhel-g,sofascore
342563,Akula S / Patkar M,akula-s-patkar-m,sofascore
342567,Pang Y E K / Lin Y,pang-y-e-k-lin-y,sofascore
342629,Gacev A / Levajac D,gacev-a-levajac-d,sofascore
342633,Grebeniuk A / Pieraert V,grebeniuk-a-pieraert-v,sofascore
342638,Kunats H / Rukliatsou U,kunats-h-rukliatsou-u,sofascore
342630,Kordoutis D / Singeorzan B,kordoutis-d-singeorzan-b,sofascore
342634,Kolodziejczyk M / Zovko L,kolodziejczyk-m-zovko-l,sofascore
342592,Engemann G / Tsutsui Y,engemann-g-tsutsui-y,sofascore
342593,Kunats H / Kisel D,kunats-h-kisel-d,sofascore
342590,Grebeniuk A / Fernandez A,grebeniuk-a-fernandez-a,sofascore
342591,Grela A / Slazak J,grela-a-slazak-j,sofascore
342588,Singeorzan B / Harac E,singeorzan-b-harac-e,sofascore
342589,Andras C / Chakavaya T,andras-c-chakavaya-t,sofascore
342586,Zovko L / Vukevlic M,zovko-l-vukevlic-m,sofascore
342587,Masip J / Niguez M,masip-j-niguez-m,sofascore
342599,Mladin P / Yovkova M,mladin-p-yovkova-m,sofascore
342598,Kordoutis D / Terpou E,kordoutis-d-terpou-e,sofascore
342596,Meng F / Klee S,meng-f-klee-s,sofascore
342597,Posch L / Bardac K,posch-l-bardac-k,sofascore
342594,Rukliatsou U / Edvinsson J,rukliatsou-u-edvinsson-j,sofascore
342595,Kolodziejczyk M / Zaharia E,kolodziejczyk-m-zaharia-e,sofascore
342645,Vishniakova O / Volkava V,vishniakova-o-volkava-v,sofascore
342640,Petrovova N / Tsutsui Y,petrovova-n-tsutsui-y,sofascore
342637,Brateyko S / Pavlovic A,brateyko-s-pavlovic-a,sofascore
342631,Feher O / Vukelic M,feher-o-vukelic-m,sofascore
342632,Klee S / Schreiner F,klee-s-schreiner-f,sofascore
342641,Niguez M / Fernandez A,niguez-m-fernandez-a,sofascore
342642,Kolish A / Plaian T,kolish-a-plaian-t,sofascore
342635,Cnudde F / Roose A,cnudde-f-roose-a,sofascore
342639,Zovko L / Vukelic M,zovko-l-vukelic-m,sofascore
342644,Spanik T / Kukulkova T,spanik-t-kukulkova-t,sofascore
342643,Martinko J / Puchovanova N,martinko-j-puchovanova-n,sofascore
342636,Pieraert V / Feher O,pieraert-v-feher-o,sofascore
342654,Abusev A / Vishniakova O,abusev-a-vishniakova-o,sofascore
342733,Putuntica A / Pavlovic A,putuntica-a-pavlovic-a,sofascore
342737,Rembert B / Fort N,rembert-b-fort-n,sofascore
342738,Meissner C / Plaian T,meissner-c-plaian-t,sofascore
342767,Lillo A / Masip J,lillo-a-masip-j,sofascore
342779,Andras C / Meissner C,andras-c-meissner-c,sofascore
342780,Hippler T / Rassenfosse A,hippler-t-rassenfosse-a,sofascore
342774,Hippler T / Schreiner F,hippler-t-schreiner-f,sofascore
342735,Garcia A / Martins R,garcia-a-martins-r,sofascore
342736,Arapovic H / Payet D,arapovic-h-payet-d,sofascore
342734,Mostafavi L / Fort N,mostafavi-l-fort-n,sofascore
343118,Al-Riyami I.,al-riyami-issa,sofascore
343116,Al-Shahi M.,al-shahi-maadh,sofascore
343115,Zayed A.,zayed-ahmed,sofascore
343120,Shah S.,shah-syed-obaid,sofascore
343117,Abdullahi A.,abdullahi-abdulrahman,sofascore
241969,AL Samhoury T.,al-samhoury-tarek,sofascore
343119,Amrute S.,amrute-shruti-vijay,sofascore
343141,Mukherjee S.,mukherjee-sagarika,sofascore
318334,Orantes D.,orantes-diego,sofascore
343111,Castillo Herrera L.,castillo-herrera-leonardo-alberto,sofascore
343103,Albuquerque R.,albuquerque-raegan,sofascore
343104,Yokoi S.,yokoi-sakura,sofascore
342708,Nicolle D.,nicolle-dorian,sofascore
343105,Tomicki J.,tomicki-jaroslaw,sofascore
343100,Ufnal M.,ufnal-mateusz-edward,sofascore
343109,Yonglin LI.,li-yonglin,sofascore
343106,Franaszczuk K.,franaszczuk-klaudia,sofascore
343101,Krzysiek P.,krzysiek-paulina,sofascore
343110,Szymczyk N.,szymczyk-natalia,sofascore
343192,Kato C.,kato-chiaki,sofascore
343108,Grela A / Kotowski T,grela-a-kotowski-t,sofascore
343112,Degros N / Albuquerque R,degros-n-albuquerque-r,sofascore
343113,Bernales M / Neumann L,bernales-m-neumann-l,sofascore
343210,Bako R / Skala R,bako-r-skala-r,sofascore
343211,Naumi A / Oconnor M,naumi-a-oconnor-m,sofascore
343189,Caballero C / Franco C,caballero-c-franco-c,sofascore
343190,Klein D / Meissner C,klein-d-meissner-c,sofascore
343191,Chirita C / Spelbus A,chirita-c-spelbus-a,sofascore
343247,AL Balushi M.,al-balushi-muhannad,sofascore
343219,Horvathova S.,horvathova-simona,sofascore
343176,Achanta S K / Mukherjee S,achanta-s-k-mukherjee-s,sofascore
343248,AL Balushi M / Alraisi A,al-balushi-m-alraisi-a,sofascore
343249,Marchetti N / Trigolos D,marchetti-n-trigolos-d,sofascore
343250,Varady B / Kukulkova T,balazova-b-kukulkova-t,sofascore
343251,Chitale D P / Kamath A G,chitale-d-p-kamath-a-g,sofascore
343425,Kondratenko V.,kondratenko-victoriia,sofascore
343426,Kurishenko M.,kurishenko-maria,sofascore
343427,Zaytseva L.,zaytseva-lilium,sofascore
343428,Aseeva I.,aseeva-iryna,sofascore
343431,Telnaya G.,telnaya-galyna,sofascore
343418,Pysmennyi Y.,pysmennyi-yevhen,sofascore
343421,Oleksii Krutko,krutko-oleksii,sofascore
343422,Levadniy A.,levadniy-aleksandr,sofascore
343423,Vitalii Zharskiy,zharskiy-vitaliy,sofascore
343413,Gaysin I.,gaysin-ivan,sofascore
343419,Artem G.,artem-gubenko,sofascore
343424,Mai I.,mai-ivan,sofascore
343409,Pidleteichuk P.,pidleteichuk-petro,sofascore
343410,Presniakov M.,presniakov-mikhail,sofascore
343442,Hilitukha S.,hilitukha-serhii,sofascore
343470,Savenkov O.,savenkov-oleg,sofascore
343445,Kolesnik P.,kolesnik-petro,sofascore
343446,Tiutiunnyk O.,oleksii-tiutiunnyk,sofascore
343447,Zakladnyi M.,zakladnyi-mykola,sofascore
343448,Zhuravlov M.,zhuravlov-maksym,sofascore
343449,Kubrak S.,kubrak-serhii,sofascore
343443,Tsolik P.,tsolik-petro,sofascore
343450,Puhach P.,puhach-prokhor,sofascore
343471,Senchenko M.,senchenko-maksym,sofascore
343472,Tkachenko O.,tkachenko-oleksandr,sofascore
351121,Maksuta V.,maksuta-volodymyr,sofascore
343480,Lukatskyi A.,lukatskyi-andrii,sofascore
343463,Semeniuk I.,semeniuk-illya,sofascore
343451,Tsyhanenko V.,tsyhanenko-vladimir,sofascore
343452,Matviienko S.,matviienko-serhii,sofascore
343453,Dalevsky O.,dalevsky-oleksandr,sofascore
343454,Omicinskiy E.,omicinskiy-evgeniy,sofascore
343455,Myrza A.,myrza-anton,sofascore
343481,Boiko S.,boiko-serhii,sofascore
343473,Kuznetsov I.,kuznetsov-ihor,sofascore
343474,Boiko A.,boiko-anton,sofascore
343482,Shcherbak D.,shcherbak-denys,sofascore
343483,Shkurupii O.,shkurupii-oleksandr,sofascore
343475,Volokhov V.,volokhov-vladislav,sofascore
343476,Yarovoi O.,yarovoi-oleksandr,sofascore
343461,Voitenko Y.,voitenko-yaroslav,sofascore
343462,Zaika B.,zaika-bohdan,sofascore
343456,Treshchetka M.,treschetka-mykolay,sofascore
343457,Matcyk A.,matcyk-andrey,sofascore
343466,Evtodiy V.,evtodiy-victor,sofascore
343467,Lytvynenko M.,lytvynenko-mykola,sofascore
343484,Derypaska R.,derypaska-roman,sofascore
343485,Kirsanov K.,kirsanov-konstantin,sofascore
343464,Sydorak N.,sydorak-nazarii,sofascore
343477,Dereha R.,dereha-ruslan,sofascore
343478,Kiulo S.,kiulo-sergey,sofascore
343458,Gerashenko V.,gerashenko-vadim,sofascore
343459,Michalus A.,michalus-alexander,sofascore
343468,Petukhov V.,petukhov-valery,sofascore
343460,Krivoy I.,krivoy-ivan,sofascore
343469,Redkov A.,redkov-aleksandr,sofascore
343465,Ivasiv V.,ivasiv-volodymyr,sofascore
343215,Choi S.,choi-seokwon,sofascore
343509,Volynets O.,volynets-oleg,sofascore
343510,Zazimko S.,zazimko-sergey,sofascore
343511,Verbianyi V.,verbyany-vasily,sofascore
343512,Nechyporuk V.,nechyporuk-vadym,sofascore
343506,Kazmirchuk V.,kazmirchuk-vadim,sofascore
343507,Govorunets A.,govorunets-alexander,sofascore
343513,Kushnyr V.,kushnyr-vasiliy,sofascore
343514,Struk I.,struk-ivan,sofascore
343517,Veliev A.,veliev-anton,sofascore
343518,Mishchenko V.,mishchenko-vladyslav,sofascore
356035,Panchenko B.,panchenko-bogdan,sofascore
343503,Melkumyan S.,melkumyan-samvel,sofascore
343504,Tuchkevych V.,tuchkevych-volodymyr,sofascore
343519,Gritsienko N.,gritsienko-nazar,sofascore
343520,Laevsky M.,laevsky-maksim,sofascore
343516,Rubtsov E.,rubtsov-eduard,sofascore
343515,Gerassimenko A.,gerassimenko-andriy,sofascore
343505,Kaptanovsky A.,kaptanovsky-andrey,sofascore
343502,Kuharchuk A.,kuharchuk-aleksandr,sofascore
343501,Medvedev A.,medvedev-aleksandr,sofascore
343521,Geratschenko A.,geratschenko-andriy,sofascore
343522,Brezitskiy A.,brezitskiy-aleksandr,sofascore
343523,Fashchevskiy I.,fashchevskiy-ivan,sofascore
343525,Arzanov D.,arzanov-dmitry,sofascore
343526,Zaitsev A.,zaitsev-andrii,sofascore
343528,Semenets O.,semenets-oleksandr,sofascore
343529,Kovalenko V.,kovalenko-vyacheslav,sofascore
343527,Derevinskiy A.,derevinskiy-artem,sofascore
343533,Illiushchenko S.,illiushchenko-serhii,sofascore
343534,Holoborodko Y.,holoborodko-yevhenii,sofascore
343535,Bugay A.,bugay-andriy,sofascore
343537,Vadim P.,vadim-paukov,sofascore
343538,Tsykhotskiy A.,tsykhotskiy-andrey,sofascore
343539,Nesterenko A.,nesterenko-artem,sofascore
343536,Golubiev O.,golubiev-oleksii,sofascore
343565,Kolmin A.,kolmin-alexander,sofascore
343566,Simonov K.,simonov-konstantin,sofascore
343560,Skachkova I.,skachkova-irina,sofascore
343561,Ivanova E.,ivanova-elena,sofascore
343562,Loginova D.,loginova-diana,sofascore
343563,Romanchenko E.,romanchenko-ekaterina,sofascore
343550,Maksymiv S.,maksymiv-serhii,sofascore
343551,Haievyi N.,haievyi-nazarii,sofascore
343552,Tymchyshyn I.,tymchyshyn-ivan,sofascore
343578,Kozyr I.,kozyr-ivan,sofascore
343579,Kolesnik Y.,kolesnik-yuriy,sofascore
343580,Kolos M.,kolos-maksym,sofascore
343599,Riabukhin A.,riabukhin-anton,sofascore
343600,Fedorchenko A.,fedorchenko-andriy,sofascore
343605,Selin A.,selin-andriy,sofascore
343606,Kostuk B.,kostuk-borys,sofascore
343604,Dukhovenko O.,dukhovenko-oleksandr,sofascore
343603,Ivanov R.,ivanov-ruslan,sofascore
343607,Kinash S.,kinash-sergey,sofascore
343608,Derevinskiy D.,derevinskiy-dmitriy,sofascore
343612,Protopopov V.,protopopov-vitaly,sofascore
343622,Malashevsky V.,malashevsky-vladimir,sofascore
343614,Krysak A.,krysak-andrey,sofascore
343616,Tarnavsky V.,tarnavsky-vadim,sofascore
343617,Shevcov U.,shevcov-uriy,sofascore
343601,Ponomarenko S.,ponomarenko-sergey,sofascore
343602,Yakovenko A.,yakovenko-anatoliy,sofascore
343609,Baystryuchenko D.,baystryuchenko-dmitriy,sofascore
343610,Dzyabura A.,dzyabura-aleksander,sofascore
343615,Shevchuk O.,shevchuk-oleg,sofascore
343623,Gavrilyuk O.,gavrilyuk-oleg,sofascore
343618,Voznuyk B.,voznuyk-bogdan,sofascore
343619,Miroshnichenko V.,miroshnichenko-vadim,sofascore
343613,Guchok A.,guchok-andrey,sofascore
343620,Torrisi T.,torrisi-thomas,sofascore
343621,Hladun V.,hladun-valerii,sofascore
343611,Kolos Y.,kolos-yury,sofascore
343564,Steinle D.,steinle-david,sofascore
343640,Gordiy A.,gordiy-andrey,sofascore
343641,Mosuk N.,mosuk-nazar,sofascore
343648,Lukatsky A.,lukatsky-andrey,sofascore
343635,Dygalevych D.,dygalevych-dmytro,sofascore
343643,Plishylo V.,plishilo-volodymyr,sofascore
343645,Baklykov A.,baklykov-andrey,sofascore
343651,Kryshtal D.,kryshtal-dmytro,sofascore
343636,Novak R.,novak-ruslan,sofascore
343642,Nazar Danyliuk,danilyuk-nazar,sofascore
343644,Stelmashchuk S.,stelmashchuk-stanislav,sofascore
343652,Chaplyanka A.,chaplyanka-anatoliy,sofascore
343653,Solovey V.,solovey-vitaliy,sofascore
343649,Ivanchatenko V.,ivanchatenko-vladislav,sofascore
343660,Zinov N.,zinov-nikita,sofascore
343661,Ulianchych M.,ulianchych-mykola,sofascore
343662,Udod I.,udod-illia,sofascore
343659,Abroskin Y.,abroskin-yuriy,sofascore
343570,Klavdenkov A.,klavdenkov-alexander,sofascore
344796,Ivanov V.,ivanov-viktor,sofascore
343676,Aksenin V.,aksenin-vasyl,sofascore
343677,Tkachuk O.,tkachuk-oleksii,sofascore
343678,Kunynets S.,kunynets-serhii,sofascore
343675,Kotik A.,kotik-andrii,sofascore
343692,Alekseenko D.,alekseenko-dmytro,sofascore
343693,Liushnia O.,liushnia-oleksandr,sofascore
343695,Gamyanin A.,gamyanin-alexey,sofascore
343696,Gorkavenko Y.,gorkavenko-yevgen,sofascore
343697,Velchev A.,velchev-andriy,sofascore
343698,Sklifos S.,sklifos-serhii,sofascore
343699,Kibanov V.,kibanov-vadym,sofascore
343705,Duka A.,duka-andrey,sofascore
343706,Muslikov S.,muslikov-sergey,sofascore
343709,Cheklin M.,cheklin-mikhail,sofascore
343710,Fedorov V.,fedorov-vladislav,sofascore
343713,Beliakov V.,beliakov-vladimir,sofascore
343714,Ilyukhin E.,ilyukhin-evgeniy,sofascore
343707,Soldusov O.,soldusov-oleg,sofascore
343708,Tukh I.,tukh-igor,sofascore
343711,Alexandr Ivanovich Frolov,alexandr-ivanovich-frolov,sofascore
343715,Kasatkin V.,kasatkin-vladimir,sofascore
343716,Sebekin D.,sebekin-dmitry,sofascore
343712,Shirshov A.,shirshov-alexander,sofascore
343774,Tsiupko O.,tsiupko-oleksandra,sofascore
343775,Melnik O.,melnik-olga,sofascore
343778,Miklukha A.,miklukha-anna,sofascore
343743,Vakhta D.,vakhta-dmytro,sofascore
343744,Rybachuk R.,rybachuk-roman,sofascore
343745,Berezynskyi S.,berezynskyi-serhii,sofascore
343746,Symonchuk D.,symonchuk-david,sofascore
343771,Chermenskyi A.,chermensky-andrey,sofascore
343664,Aronov A.,aronov-artem,sofascore
343717,Minigulov R.,minigulov-rashid,sofascore
343718,Ermilov A.,ermilov-aleksey,sofascore
343719,Pisar A.,pisar-alexey,sofascore
343720,Titov A.,titov-andrei,sofascore
343721,Komarov A.,komarov-alexey,sofascore
343722,Bychkov S.,bychkov-stanislav,sofascore
343723,Nemashkalo V.,nemashkalo-vladimir,sofascore
343724,Lyfenko N.,lyfenko-nikita,sofascore
343725,Safonov V.,safonov-vladimir,sofascore
343726,Masokin E.,masokin-evgeniy,sofascore
343594,Zhurba N.,zhurba-nikolay,sofascore
343727,Redenkov D.,redenkov-dmitry,sofascore
343673,Kulakov A.,kulakov-anton,sofascore
343728,Zolotov A.,zolotov-andrey,sofascore
343729,Trushkin A.,trushkin-anatoly,sofascore
343849,Krokhin V.,krokhin-vadim,sofascore
343850,Buyanin I.,buyanin-ivan,sofascore
343833,Lavrynenko P.,lavrinenko-pavel,sofascore
343835,Kolodiy D.,kolodiy-denis,sofascore
343820,Voronenkov V.,voronenkov-vladimir,sofascore
343821,Kilyakin P.,kilyakin-pyotr,sofascore
343822,Boiko L.,boiko-leonid,sofascore
343823,Ivashkin A.,ivashkin-aleksander,sofascore
343824,Efimenko I.,efimenko-ivan,sofascore
343825,Koryagin V.,koryagin-vadim,sofascore
343830,Merzlikin V.,merzlikin-valery,sofascore
343831,Kovpak E.,kovpak-egor,sofascore
343836,Bazin F.,bazin-fedor,sofascore
343837,Litvinov V.,litvinov-vladislav,sofascore
343826,Varlamov O.,varlamov-oleg,sofascore
343827,Mischenko V.,mischenko-vladislav,sofascore
343832,Koshkodan I.,koshkodan-igor,sofascore
343838,Vasyukov V.,vasyukov-vladimir,sofascore
343839,Luzhanskiy V.,luzhanskiy-vasily,sofascore
343828,Trydukh I.,trydukh-igor,sofascore
343829,Kolbasenko O.,kolbasenko-alexander,sofascore
343806,Kregul O.,kregul-oksana,sofascore
343807,Nerush L.,nerush-liliia,sofascore
343808,Mulyarchuk A.,mulyarchuk-aniuta,sofascore
343809,Nerush P.,nerush-polina,sofascore
343810,Malyuta M.,malyuta-martha,sofascore
343811,Hassan A.,hassan-anzhela,sofascore
343911,Kurtenko A.,kurtenko-alina,sofascore
343783,Voytovich S.,voytovich-sergiy,sofascore
343784,Vatsin I.,vatsin-igor,sofascore
343785,Kostiuk O.,kostiuk-oleksandr,sofascore
343871,Kovalchuk N.,kovalchuk-nazar,sofascore
343786,Andrei Savchenko,savchenko-andriy,sofascore
343851,Bereznev D.,bereznev-daniil,sofascore
343853,Gusev M.,gusev-mikhail,sofascore
343852,Kozhemyakin M.,kozhemyakin-mikhail,sofascore
343854,Tyurin E.,tyurin-evgeny,sofascore
343855,Sergey Ogay,sergey-ogay,sofascore
343856,Myagkov S.,myagkov-sergey,sofascore
343857,Pronin O.,pronin-oleg,sofascore
343860,Chernobaev S.,chernobaev-stanislav,sofascore
343861,Fedorov D.,fedorov-dmitry,sofascore
343862,Sarychev S.,sarychev-sergey,sofascore
343863,Monakov A.,monakov-alexander,sofascore
343574,Ermilin V.,ermilin-vyacheslav,sofascore
343865,Golovachev E.,golovachev-eduard,sofascore
343864,Silantev A.,silantev-alexey,sofascore
343867,Aleksandrovskiy M.,aleksandrovskiy-mikhail,sofascore
343868,Afanasiyev A.,afanasiyev-aleksey,sofascore
343866,Sergey Morozov,morozov-sergey,sofascore
343596,Kryuchkov E.,kryuchkov-evgenii,sofascore
343869,Troyanov Y.,troyanov-yaroslav,sofascore
343870,Vakar S.,vakar-sergey,sofascore
343952,Korneev D.,korneev-dmitry,sofascore
343953,Suntsov A.,suntsov-artem,sofascore
343954,Vlasov A.,vlasov-aleksey,sofascore
343955,Kutuzov O.,kutuzov-oleg,sofascore
343575,Matveyev I.,matveyev-igor,sofascore
345402,Andreev D.,andreev-danila,sofascore
343957,Homutov S.,homutov-serguei,sofascore
343958,Andreev A.,andreev-andrey,sofascore
343959,Korolev S.,korolev-semyon,sofascore
343960,Adushinov Vladimirovich M.,adushinov-vladimirovich-maksim,sofascore
343961,Smirnov I.,smirnov-igor,sofascore
343962,Tarasenkov N.,tarasenkov-nikolay,sofascore
343963,Abramov K.,abramov-kirill,sofascore
343964,Chentsov A.,chentsov-aleksandr,sofascore
343965,Glazun E.,glazun-evgeniy,sofascore
343966,Merzlikin D.,merzlikin-dmitry,sofascore
343840,Scherbak A.,scherbak-andrey,sofascore
343841,Vakhrushev V.,vakhrushev-victor,sofascore
343789,Levshin A.,levshin-anatoly,sofascore
343790,Kozachenko A.,kozachenko-anatoly,sofascore
343791,Marchuk M.,marchuk-maksym,sofascore
343792,Evgeniy I.,evgeniy-ivanov,sofascore
343793,Kondratenko V.,kondratenko-vasiliy,sofascore
343794,Kokunin Y.,kokunin-yuriy,sofascore
343795,Evgeniy K.,evgeniy-kopot,sofascore
343796,Stepanenko E.,stepanenko-eugene,sofascore
343797,Dmitro Kim,kim-dmitriy,sofascore
343798,Andrii Lifanov,lifanov-andrey,sofascore
343799,Smirnov D.,smirnov-dmitriy,sofascore
343800,Mrykh M.,mrykh-maksym,sofascore
343572,Ivanov V.,ivanov-viktor,sofascore
343801,Kurchitsky V.,kurchitsky-vladislav,sofascore
343802,Ivchenko K.,ivchenko-kirill,sofascore
343803,Pitsyk S.,pitsyk-sergey,sofascore
343804,Skhabitskiy S.,skhabitsky-sergey,sofascore
343805,Aliyev A.,aliyev-anar,sofascore
343943,Likhitsky A.,likhitsky-alexander,sofascore
343944,Borodachev A.,borodachev-aleksander,sofascore
343945,Grinenko K.,grinenko-konstantin,sofascore
343946,Gnoeviy R.,gnoeviy-roman,sofascore
343947,Kolivay O.,kolivay-oleg,sofascore
343915,"Zhyrnov, Oleksandr",zhyrnov-oleksandr,sofascore
343948,Oleksandr Naida,naida-oleksandr,sofascore
343949,Tkachev S.,tkachev-sergey,sofascore
343916,Nadporozhskyi O.,nadoporozhsky-alexey,sofascore
344028,Van V.,van-vladislav,sofascore
344069,Yaskov D.,yaskov-dmytro,sofascore
344030,Petryshyn I.,petryshyn-igor,sofascore
344029,Levchenko A.,levchenko-alexander,sofascore
344070,Komar V.,komar-vadim,sofascore
344098,Zaiats M.,zaiats-mykola,sofascore
344099,Gerasimov O.,gerasimov-oleksandr,sofascore
344094,Yanishevskiy I.,yanishevskiy-ilya,sofascore
344095,Artem B.,artem-borysov,sofascore
344073,Riabov V.,riabov-volodymyr,sofascore
344074,Moshynskyy O.,moshynskyy-oleg,sofascore
344075,Kizian V.,kizian-volodymyr,sofascore
344072,Yaroslav Vorsuliak,vorsulyak-yaroslav,sofascore
344096,Vasylchuk P.,vasylchuk-pavlo,sofascore
344097,Buryak B.,buryak-borys,sofascore
344076,Akhlamov S.,akhlamov-sergiy,sofascore
344077,Prakht I.,prakht-igor,sofascore
343967,Abanokov Z.,abanokov-zalim,sofascore
343968,Novikov I.,novikov-ilya,sofascore
343969,Burov S.,burov-sergey,sofascore
343970,Zemit I.,zemit-igor,sofascore
343971,Tachalov A.,tachalov-anton,sofascore
343972,Arutiunyan A.,arutiunyan-artem,sofascore
343973,Girevenkov A.,girevenkov-alik,sofascore
343974,Rutko D.,rutko-dmitry,sofascore
343975,Shatilov T.,shatilov-timofey,sofascore
344085,Perunov M.,perunov-maxim,sofascore
344086,Arutiunov R.,arutiunov-ruben,sofascore
343573,Poletaev I.,poletaev-igor,sofascore
344087,Kirpitnev I.,kirpitnev-ivan,sofascore
344088,Selkin V.,selkin-vladimir,sofascore
343667,Alekseev A.,alekseev-aleksandr,sofascore
344089,Karpesh R.,karpesh-roman,sofascore
344090,Samodumov V.,samodumov-vyacheslav,sofascore
343917,Kozachuk I.,kozachuk-ivan,sofascore
343918,Mosyuk M.,mosyuk-mikhail,sofascore
343919,Voronin M.,voronin-mikhail,sofascore
343920,Gonchurak A.,gonchurak-alexander,sofascore
343921,Polishchuk V.,polishchuk-vyacheslav,sofascore
343922,Smyk V.,smyk-vasil,sofascore
343923,Leonenko O.,leonenko-oleksandr,sofascore
343924,Bochkovskiy V.,bochkovskiy-vadim,sofascore
343925,Oranskiy I.,oranskiy-igor,sofascore
343926,Troian A.,troian-andrii,sofascore
343927,Panchenko V.,panchenko-vladislav,sofascore
343928,Yakimenko S.,yakimenko-stefan,sofascore
343929,Burdelnyi S.,burdelnyi-s,sofascore
343930,Balakirev M.,balakirev-maxim,sofascore
343931,Khandetskyi S.,sergey-khandetsky,sofascore
343942,Khairov D.,khairov-dmytro,sofascore
344101,Kalachevskiy D.,kalachevskiy-denis,sofascore
344102,Sazhnev V.,sazhnev-vitalii,sofascore
344103,Khitrov V.,khitrov-vitalii,sofascore
344118,Gudushin Igor,gudushin-igor,sofascore
344104,Kutniy I.,kutniy-ilya,sofascore
344105,Moroz K.,moroz-kostiantyn,sofascore
344124,Pereguda O.,pereguda-oleg,sofascore
344125,Yatsenko S.,yatsenko-sergey,sofascore
344106,Melnykov V.,melnykov-volodymyr,sofascore
344119,Pryshchepa V.,pryshchepa-viktoriia,sofascore
344120,Mikhailik Y.,mikhailik-yana,sofascore
344121,Yureneva S.,yureneva-svitlana,sofascore
344122,Mydvetskaya A.,mydvetskaya-anastasia,sofascore
344123,Stepanovskaya V.,stepanovskaya-valeriya,sofascore
344159,Mykhailenko M.,mykhailenko-mykyta,sofascore
344160,Skachenko S.,skachenko-serhii,sofascore
344161,Vakulin A.,vakulin-artem,sofascore
344166,Dzhanibekyan K.,dzhanibekyan-karen,sofascore
344167,Samaray M.,samaray-maksym,sofascore
344168,Piskorskyu I.,piskorskyu-igor,sofascore
344214,Vitalii Levshyn,lyevshyn-vitaliy,sofascore
344215,Kornienko G.,kornienko-georgiy,sofascore
344091,Mohnachev A.,mohnachev-anton,sofascore
344092,Vladimirovich Vahnin G.,vladimirovich-vahnin-georgiy,sofascore
344093,Kurilchik N.,kurilchik-nikita,sofascore
343571,Yanshaev A.,yanshaev-alexey,sofascore
343569,Merkushin Y.,merkushin-yurii,sofascore
344191,Uvarov A.,uvarov-alexey,sofascore
344190,Petrov A.,petrov-aleksandr,sofascore
344176,Balakin D.,balakin-dmitriy,sofascore
344177,Skrebnev A.,skrebnev-aleksandr,sofascore
343581,Zubov D.,zubov-denis,sofascore
344178,Ekzhanov A.,ekzhanov-aleksandr,sofascore
344227,Sverdlov M.,sverdlov-mikhail,sofascore
344228,Demidov V.,demidov-vladimir,sofascore
344223,Nikulin S.,nikulin-sergey,sofascore
344224,Tsvetkov A.,tsvetkov-andrey,sofascore
344225,Bokovoy K.,bokovoy-konstantin,sofascore
344226,Mishutin E.,mishutin-egor,sofascore
344212,Shirshov V.,shirshov-vasily,sofascore
344180,Golubeva A.,golubeva-anastasia,sofascore
344181,Nefedova I.,nefedova-irina,sofascore
344182,Shishmareva O.,shishmareva-olga,sofascore
344183,Ermakova E.,ermakova-ekaterina,sofascore
344107,Matveev D.,matveev-denis,sofascore
344108,Popov A.,popov-anton,sofascore
344126,Demchuk D.,demchuk-dmitry,sofascore
344109,Trofimov N.,trofimov-nikita,sofascore
344110,Yolkin A.,yolkin-anton,sofascore
344111,Arevkin T.,arevkin-timofey,sofascore
344112,Levytskyi V.,levytskyi-vitalii,sofascore
344113,Zemyancev S.,zemyancev-sergei,sofascore
344114,Baranovskiy S.,baranovskiy-sergey,sofascore
344115,Gusak B.,gusak-bogdan,sofascore
344116,Nazarov A.,nazarov-anatoliy,sofascore
344198,Bortsov D.,bortsov-dmitriy,sofascore
344199,Bonishchuk T.,bonishchuk-taras,sofascore
344200,Bilan Y.,bilan-yulii,sofascore
344197,Peretiatko A.,peretiatko-andrii,sofascore
344211,Semenenko V.,semenenko-vadym,sofascore
344201,Kerusenko Y.,kerusenko-yaroslav,sofascore
344243,Cherednichenko P.,cherednichenko-pavlo,sofascore
344240,Myronchenko M.,myronchenko-mykhaylo,sofascore
344242,Stasevskiy O.,stasevskiy-oleg,sofascore
344245,Simonchuk P.,simonchuk-petr,sofascore
344267,Pyasta P.,pyasta-pavlo,sofascore
344268,Plokhotniuk M.,plokhotniuk-mikhail,sofascore
344229,Lednov D.,lednov-dmitriy,sofascore
343557,Popov D.,popov-dmitry,sofascore
344241,Alexandrovich A.,alexandrovich-alekseev-alexander,sofascore
344213,Nikiforov O.,nikiforov-oleg,sofascore
344179,Anisimov A.,anisimov-anton,sofascore
344184,Medvedev S.,medvedev-sergey,sofascore
344188,Tarutin P.,tarutin-pavel,sofascore
344230,Ramenskiy I.,ramenskiy-igor,sofascore
343595,Panevin S.,panevin-sergey,sofascore
344189,Lednev I.,lednev-ivan,sofascore
344262,Gribkov A.,gribkov-alexander,sofascore
344263,Petrochenko D.,petrochenko-dmitry,sofascore
343663,Belugin O.,belugin-oleg,sofascore
344278,Meteleshko I.,meteleshko-igor,sofascore
343670,Simonov S.,simonov-sergey,sofascore
343668,Chernyavskiy M.,chernyavskiy-mikhail,sofascore
344279,Kuzmin S.,kuzmin-sergey,sofascore
344264,Lulikyan H.,lulikyan-haik,sofascore
344280,Melkov O.,melkov-oleg,sofascore
343592,Turabekov T.,turabekov-tynchtyk,sofascore
343593,Volkov A.,volkov-aleksandr-dmitrievich,sofascore
344202,Naplokov O.,naplokov-oleksii,sofascore
344203,Kapinus R.,kapinus-rodion,sofascore
344204,Ponomarenko O.,ponomarenko-oleg,sofascore
344205,Yahnitynskyi K.,yahnitynskyi-kostiantyn,sofascore
344206,Sokolov S.,sokolov-sergey,sofascore
344207,Podolian A.,podolian-andrii,sofascore
344208,Semenets S.,semenets-sergey,sofascore
344209,Teteruk M.,teteruk-michael,sofascore
344210,Dovzhenko S.,dovzhenko-sergey,sofascore
344254,Korniyenko N.,korniyenko-nikolay,sofascore
344287,Grushko V.,grushko-vadim,sofascore
344288,Yemelianov T.,yemelianov-taras,sofascore
344300,Shumakova P.,shumakova-polina,sofascore
344299,Pesternikov D.,pesternikov-denys,sofascore
344281,Kovalev M.,kovalev-mikhail,sofascore
344282,Klimentev V.,klimentev-vladimir,sofascore
344265,Putilovsky V.,putilovsky-vadim,sofascore
344275,Efimov M.,efimov-mihail,sofascore
344276,Pulnyi P.,pulnyi-pavel,sofascore
344283,Nalbandyan K.,nalbandyan-karen,sofascore
344284,Dmitry Grigoryevich Osadchiy,dmitry-grigoryevich-osadchiy,sofascore
343598,Moklozyan S.,moklozyan-sarkis,sofascore
344269,Suharkov O.,suharkov-oleg,sofascore
344321,Marshalov V.,marshalov-vladimir,sofascore
344330,Tregub A.,tregub-aleksandr,sofascore
344322,Shirokov V.,shirokov-vladimir,sofascore
344332,Igor Minchenkov,minchenkov-igor,sofascore
344255,Kurtenko A.,kurtenko-andrey,sofascore
344256,Zaporozhets D.,zaporozhets-dmitriy,sofascore
344257,Tkachenko A.,tkachenko-artem,sofascore
344258,Kanunnikov I.,kanunnikov-ilya,sofascore
344259,Dynaburg L.,dynaburg-leonid,sofascore
344260,Novikov V.,novikov-vitaliy,sofascore
344261,Atamanchuk D.,atamanchuk-daniil,sofascore
344324,Yurenev O.,yurenev-oleh,sofascore
344325,Pechenyuk V.,pechenyuk-valery,sofascore
344326,Kononikhin V.,kononikhin-volodymyr,sofascore
344327,Tsoy K.,tsoy-konstantin,sofascore
344328,Tatarinov R.,tatarinov-ruslan,sofascore
344329,Drach D.,drach-dmitriy,sofascore
344363,Efimov A.,efimov-arkady,sofascore
344365,Yusupov V.,yusupov-vladimir,sofascore
344366,Melnikov S.,melnikov-stanislav,sofascore
344367,Tersenov N.,tersenov-nazar,sofascore
344364,Elyishev R.,elyishev-roman,sofascore
344405,Bobrov A.,bobrov-anton,sofascore
343669,Savinsky A.,savinsky-aleksandr,sofascore
344323,Karpovkin G.,karpovkin-gennady,sofascore
344337,Molodtsov D.,molodtsov-denis,sofascore
344338,Radchenko A.,radchenko-aleksandr,sofascore
343672,Razinkov D.,razinkov-dmitry,sofascore
344331,Bazilevsky V.,bazilevsky-vitaly,sofascore
344333,Skrypal I.,skrypal-ihor,sofascore
344426,Kuzyo L.,kuzyo-levko,sofascore
344427,Pirvelli R.,pirvelli-rodion,sofascore
344428,Bilous V.,bilous-vladislav,sofascore
344374,Sirotkin A.,sirotkin-andrey,sofascore
344480,Shchytka O.,shchytka-oleksandr,sofascore
343530,Derevianko A.,derevianko-artem,sofascore
344504,Tsybulin S.,tsybulin-sergey,sofascore
344505,Telnoy N.,telnoy-nikolay,sofascore
344506,Rusin D.,rusin-dmytro,sofascore
344507,Odnoshevnyi S.,odnoshevnyi-serhii,sofascore
344508,Troianov M.,troianov-mykyta,sofascore
344509,Polosa M.,polosa-maksym,sofascore
344510,Panichev E.,panichev-eduard,sofascore
344511,Shagarov O.,shagarov-oleg,sofascore
344414,Alekperov E.,alekperov-eldar,sofascore
344416,Gatsenko I.,gatsenko-igor,sofascore
344437,Hennadii Buianover,buianover-hennadii,sofascore
344435,Sokoltsov Y.,sokoltsov-yevhenii,sofascore
344430,Volkov Y.,volkov-yevhen,sofascore
344417,Hryshyn O.,hryshyn-oleksandr,sofascore
344415,Kindzersky Y.,kindzersky-yuri,sofascore
344438,Melashenko O.,melashenko-oleksandr,sofascore
344436,Hrytsai A.,hrytsai-andrii,sofascore
344431,Kunchurov D.,kunchurov-dmitriy,sofascore
344429,Bryzhevatyi O.,bryzhevatyi-oleksandr,sofascore
344432,Korkin S.,korkin-serhii,sofascore
344433,Kobets V.,kobets-vitalii,sofascore
344434,Gusak Y.,gusak-yuri,sofascore
344532,Ivchenko D.,ivchenko-denis,sofascore
344517,Grushko I.,grushko-irina,sofascore
344518,Helshtein A.,helshtein-anna,sofascore
344519,Lapa A.,lapa-anna,sofascore
344520,Stefanyuk A.,stefanyuk-alina,sofascore
344521,Krasikova A.,krasikova-anna,sofascore
344522,Stefanuk O.,stefanuk-olga,sofascore
344563,Zaitsev N.,zaitsev-nikolai,sofascore
344579,Kasianov T.,kasianov-tymofii,sofascore
343665,Smaglyukov V.,smaglyukov-vladislav,sofascore
344512,Korolev P.,korolev-pavel,sofascore
344513,Arteev T.,arteev-timofey,sofascore
344580,Sadkov A.,sadkov-andrey,sofascore
344581,Kolesnikov D.,kolesnikov-dmitriy,sofascore
344514,Vasko V.,vasko-vitaly,sofascore
344515,Drobov D.,drobov-dmytro,sofascore
344633,Valenta J.,valenta-jan,sofascore
344635,Nikiforov A.,nikiforov-alexey,sofascore
344574,Piatachuk Yurii,piatachuk-yurii,sofascore
344575,Solomko R.,solomko-ruslan,sofascore
344627,Cherepnin M.,cherepnin-maksym,sofascore
344653,Morev V.,morev-viktor,sofascore
344654,Sazonov A.,sazonov-alexandr,sofascore
344655,Gorelov V.,gorelov-valeryi,sofascore
344656,Medveditskov G.,medveditskov-georgyi,sofascore
344657,Lobovikov Y.,lobovikov-yuriy,sofascore
344658,Pokatov S.,pokatov-stepan,sofascore
344634,Kuznetsov A.,kuznetsov-alexey,sofascore
343671,Khairullin I.,khairullin-ildar,sofascore
344682,Polusmuak V.,polusmuak-valentin,sofascore
344714,Subbota V.,subbota-valerii,sofascore
344842,Ostrovska N.,ostrovska-nataliia,sofascore
344843,Svydnytska N.,svydnytska-nataliia,sofascore
344844,Yureneva O.,yureneva-olga,sofascore
344712,Semenov E.,semenov-evgeny,sofascore
344713,Obrazkov O.,obrazkov-oleg,sofascore
344839,Ivanov V.,ivanov-valery,sofascore
344841,Timur Voitekhov,timur-voitekhov,sofascore
344869,Lukianevych V.,lukianevych-valerii,sofascore
344870,Reva V.,reva-vadim,sofascore
344871,Sydorenko A.,sydorenko-andrii,sofascore
344872,Syvych V.,syvych-viktor,sofascore
344873,Butko V.,butko-volodymyr,sofascore
344874,Ushakov S.,ushakov-serhii,sofascore
344912,Yushko R.,yushko-roman,sofascore
344913,Pavlenko R.,pavlenko-roman,sofascore
344914,Menshikov A.,menshikov-andrey,sofascore
344926,Gorelov V.,gorelov-vladislav,sofascore
344990,Nemecek Snr J.,nemecek-jakub,sofascore
344989,Pandur I.,pandur-ivan,sofascore
344966,Tymchenko V.,tymchenko-volodymyr,sofascore
345177,Saveliev A.,saveliev-aleksandr,sofascore
345179,Rodin A.,rodin-alexander,sofascore
345175,Popkov A.,popkov-arseniy,sofascore
345176,Ivanov N.,ivanov-nikita,sofascore
345178,Manturov S.,manturov-sergey,sofascore
345180,Filichev V.,filichev-vitaliy,sofascore
345161,Babkin A.,babkin-andrey,sofascore
345158,Havrysh D.,havrysh-daniil,sofascore
345159,Kryvorotko Y.,kryvorotko-yevhen,sofascore
345208,Kyilo V.,kyilo-vitalii,sofascore
345226,Deynega K.,deynega-kirill,sofascore
345227,Vavrenyuk S.,vavrenyuk-sergey,sofascore
345210,Zhulyabin V.,zhulyabin-vladimir,sofascore
345209,Shyndel I.,shyndel-igor,sofascore
345232,Grishchenko A.,grishchenko-aleksandr,sofascore
345230,Panyushkin A.,panyushkin-andrey,sofascore
345231,Tsubera R.,tsubera-roman,sofascore
345228,Varchenko M.,varchenko-mikhail,sofascore
345229,Kovrikov A.,kovrikov-andrey,sofascore
345234,Butkov M.,butkov-maksim,sofascore
345235,Shapoval A.,shapoval-aleksandr,sofascore
345225,Glivenko I.,glivenko-ilya,sofascore
345243,Novikov Y.,novikov-yuriy,sofascore
345244,Deynega M.,deynega-maksim,sofascore
345239,Gimadeev R.,gimadeev-ruslan,sofascore
345240,Khorolsky V.,khorolsky-vitaly,sofascore
345245,Pavliuk O.,pavlyuk-oleg,sofascore
345266,Seibert J.,seibert-jakub,sofascore
345265,Paksiutov S.,paksiutov-serhii,sofascore
345241,Kostanyan A.,kostanyan-arkadiy,sofascore
345242,Zavinskiy S.,zavinskiy-sergey,sofascore
345337,Kuleshov N.,kuleshov-nikolay,sofascore
345338,Zharko I.,zharko-igor,sofascore
345346,Karchevskiy T.,karchevskiy-timur,sofascore
345345,Kurischenko Y.,kurischenko-yuriy,sofascore
345344,Paniotov A.,paniotov-aleksandr,sofascore
345339,Boychuk V.,boychuk-vladimir,sofascore
345340,Rafikov R.,rafikov-rafael,sofascore
345341,Ermolaev A.,ermolaev-aleksandr,sofascore
345333,Gubskaya E.,gubskaya-ekaterina,sofascore
345334,Emelyanenko Y.,emelyanenko-yulia,sofascore
345400,Ovchinnikov A.,ovchinnikov-andrey,sofascore
345342,Kovalenko S.,kovalenko-sergey,sofascore
345343,Smetenko V.,smetenko-vadim,sofascore
345347,Turchenko D.,turchenko-dmitriy,sofascore
345349,Kalenik S.,kalenik-sergey,sofascore
345348,Kosarev S.,kosarev-semen,sofascore
345350,Gusev V.,gusev-vitaliy,sofascore
345351,Plyushch P.,plyushch-pavel,sofascore
345352,Vladislav K.,vladislav-kovalenko,sofascore
345418,Dyakov V.,dyakov-vladimir,sofascore
345419,Timchenko R.,timchenko-roman,sofascore
345420,Burdakov A.,burdakov-andrey,sofascore
345421,Zhuravlev A.,zhuravlev-aleksandr,sofascore
345335,Litovchenko M.,litovchenko-marina,sofascore
345336,Yaroshenko T.,yaroshenko-tatyana,sofascore
345427,Dotsenko M.,dotsenko-mariya,sofascore
345422,Treshchyov E.,treshchyov-evgeniy,sofascore
345423,Komendant Y.,komendant-yuriy,sofascore
345424,Berezan O.,berezan-oleg,sofascore
345425,Gavrilov Y.,gavrilov-yuriy,sofascore
345426,Khakhamidi P.,khakhamidi-pavel,sofascore
345496,Khudoshin N.,khudoshin-nikolay,sofascore
345497,Marchenko D.,marchenko-denis,sofascore
345498,Andreev O.,andreev-oleg,sofascore
345479,Butko T.,butko-tatiana,sofascore
345505,Medvedev Y.,medvedev-yuriy,sofascore
345506,Sytnik A.,sytnik-andrey,sofascore
345503,Starski A.,starski-anton,sofascore
345504,Yunusov E.,yunusov-elshad,sofascore
345499,Gutnichenko A.,gutnichenko-aleksey,sofascore
345501,Rodin A.,rodin-aleksey,sofascore
345500,Gedz V.,gedz-valentin,sofascore
345502,Buluy S.,buluy-sergey,sofascore
345539,Shtaer A.,shtaer-arkadiy,sofascore
345540,Petrov N.,petrov-nikita,sofascore
345541,Saenko O.,saenko-oleg,sofascore
345542,Kidalov V.,kidalov-valeriy,sofascore
345543,Mashtakov A.,mashtakov-alexander,sofascore
345568,Oprischenko E.,oprischenko-egor,sofascore
345545,Alekseev S.,alekseev-safrat,sofascore
345544,Volodymyr Lutskii,volodymyr-lutskii,sofascore
345659,Pitimirov A.,pitimirov-alexandr,sofascore
345660,Polyakov Y.,polyakov-yury,sofascore
345661,Shashelev Y.,shashelev-yuriy,sofascore
345662,Lebedev S.,lebedev-sergey,sofascore
345663,Dmitriev M.,dmitriev-mikhail,sofascore
345588,Hovanhannisyan M.,hovanhannisyan-melkon,sofascore
345591,Gaibakyan R.,gaibakyan-ruben,sofascore
345589,Vardanian D.,vardanian-davit,sofascore
345592,Nikoghosyan N.,nikoghosyan-narek,sofascore
345593,Papyan K.,papyan-karen,sofascore
345602,Harutyunyan H.,harutyunyan-harutyun,sofascore
345603,Ghotanyan D.,ghotanyan-davit,sofascore
345590,Antonyan E.,antonyan-edvard,sofascore
345604,Sahakyan A.,sahakyan-andranik,sofascore
345605,Gevorgyan G.,gevorgyan-gegham,sofascore
345606,Apriyan E.,apriyan-ernest,sofascore
345607,Malkhasyan G.,malkhasyan-gagik,sofascore
345608,Avakimyan D.,avakimyan-david,sofascore
345609,Nazaryan M.,nazaryan-mushegh,sofascore
345610,Grigoryan E.,grigoryan-erik,sofascore
345611,Mkrtchyan A.,mkrtchyan-andranik,sofascore
345619,Matevosyan H.,matevosyan-hasmik,sofascore
345620,Hovhannisyan M.,hovhannisyan-mery,sofascore
345621,Vardanyan R.,vardanyan-rubina,sofascore
345622,Adamyan A.,adamyan-anna,sofascore
345623,Galstyan M.,galstyan-marine,sofascore
345624,Sahakyan M.,sahakyan-marianna,sofascore
345538,Ratushniak V.,ratushniak-vladislav,sofascore
345546,Khoroshko A.,khoroshko-aleksandr,sofascore
345547,Akimov I.,akimov-igor,sofascore
345548,Zotov G.,zotov-gleb,sofascore
345549,Kuzin A.,kuzin-aleksandr,sofascore
345550,Chilikin A.,chilikin-aleksandr,sofascore
345551,Chernetskiy I.,chernetskiy-igor,sofascore
345552,Gaynyuk V.,gaynyuk-vladimir,sofascore
345553,Sarma S.,sarma-sergey,sofascore
345625,Andreev M.,andreev-mikhail,sofascore
345626,Elkhov A.,elkhov-artur,sofascore
345627,Oleynik I.,oleynik-ivan,sofascore
345612,Andreeva L.,andreeva-lilia,sofascore
345613,Mykhailyk O.,mykhailyk-oksana,sofascore
345720,Britvin A.,britvin-aleksey,sofascore
345721,Talamanov I.,talamanov-ivan,sofascore
345722,Pashin A.,pashin-alexey,sofascore
345676,Bakhchajyan E.,bakhchajyan-elen,sofascore
345677,Parsadanyan R.,parsadanyan-raisa,sofascore
345678,Ghazaryan M.,ghazaryan-mane,sofascore
345679,Stepanyan M.,stepanyan-mariam,sofascore
345680,Simonyan A.,simonyan-anahit,sofascore
345681,Gazaryan M.,gazaryan-milena,sofascore
345614,Rumezhak K.,rumezhak-kyrylo,sofascore
345701,Plakhteev N.,plakhteev-nikolay,sofascore
345702,Kovorotushin E.,kovorotushin-evgeniy,sofascore
345703,Dotsenko V.,dotsenko-vladislav,sofascore
345628,Gordinskaya A.,gordinskaya-anastasia,sofascore
345629,Sova A.,sova-aleksandra,sofascore
345630,Kozhemyakina L.,kozhemyakina-liliya,sofascore
345704,Shalgorodskiy N.,shalgorodskiy-nikolay,sofascore
345705,Lukander D.,lukander-daniil,sofascore
345706,Korobeynik S.,korobeynik-sergey,sofascore
345733,Hnoievoi K.,hnoievoi-kyrylo,sofascore
345780,Roman Malynka,roman-malynka,sofascore
345734,Budiak I.,budiak-igor,sofascore
345782,Orlovskiy S.,orlovskiy-sergey,sofascore
345764,Jokaklian T.,jokaklian-trasdamad,sofascore
345794,Mizutani F.,mizutani-fabio,sofascore
345795,Sakagute T.,sakagute-tiago,sofascore
345796,Fudihara A.,fudihara-alec,sofascore
345797,Yonesake R.,yonesake-rodrigo,sofascore
345810,Zangali R.,zangali-roberto,sofascore
345798,Arakaki L.,arakaki-leonardo,sofascore
345801,Sakurada E.,sakurada-edy,sofascore
345803,Trecco J.,trecco-joao-paulo,sofascore
345799,Kojima R.,kojima-ricardo,sofascore
345800,Fudimori T.,fudimori-tiago,sofascore
345802,Morishige K.,morishige-kazuo,sofascore
345811,Suzuki H.,suzuki-hugo,sofascore
345807,Bull E.,bull-edgar,sofascore
345806,Kodama G.,kodama-gustavo,sofascore
345804,Chikaraishi A.,chikaraishi-akira,sofascore
345805,Neto A.,neto-alfredo,sofascore
345781,Stepanenko Yevhenii,stepanenko-yevhenii,sofascore
345815,Muliukin Y.,muliukin-yevhen,sofascore
345813,Rybakov Y.,rybakov-yuriy,sofascore
345783,Orobinskaya Y.,orobinskaya-yulia,sofascore
345784,Lesnaya Y.,lesnaya-yaroslava,sofascore
345816,Avakimyan D.,avakimyan-davit,sofascore
345814,Sushko D.,sushko-denis,sofascore
345842,Kievskiy Y.,kievskiy-yuriy,sofascore
345844,Kireev S.,kireev-sergey,sofascore
345906,Ratushnyak E.,ratushnyak-eleonora,sofascore
346044,Makarchuk K.,makarchuk-konstantin,sofascore
346045,Abanshyn I.,abanshyn-igor,sofascore
346046,Ivchenko V.,ivchenko-vitalii,sofascore
345970,Kirilenko A.,kirilenko-andrey,sofascore
346024,Maksimenko A.,maksimenko-artem,sofascore
346025,Nemchenko D.,nemchenko-denis,sofascore
346071,Papikyan E.,papikyan-emilya,sofascore
346016,Basmanov D.,basmanov-dmitry-evgenievich,sofascore
346029,Pronkin M.,pronkin-maxim,sofascore
346027,Maleev N.,maleev-nikita,sofascore
346026,Sukovatiy I.,sukovatiy-igor,sofascore
346094,Smirnov A.,smirnov-alexandr,sofascore
346072,Khachatryan H.,khachatryan-hasmik,sofascore
346074,Hordii A.,hordii-andrii,sofascore
346157,Salivonchyk V.,salivonchyk-vasil,sofascore
346153,Trachuk V.,trachuk-viktor,sofascore
346154,Panasiuk S.,panasiuk-serhii,sofascore
346156,Mykhailenko V.,mykhailenko-valerii,sofascore
346158,Bortnikov I.,bortnikov-igor,sofascore
346073,Dulatov M.,dulatov-marat,sofascore
346084,Sayanov D.,sayanov-denis,sofascore
346150,Misevra V.,misevra-vadim,sofascore
346151,Kushko D.,kushko-dmitriy,sofascore
346175,Goncalves M.,goncalves-maurico,sofascore
346174,Neto A.,neto-avelino,sofascore
346176,Cardoso T.,cardoso-tiago,sofascore
346179,Franco R.,franco-rafael,sofascore
346177,Pereira L.,pereira-leandro,sofascore
346178,Yamamoto V.,yamamoto-vitor,sofascore
346180,Dias J.,dias-jonathan,sofascore
346181,Orsatti L.,orsatti-lucas,sofascore
346182,Yokoyama H.,yokoyama-hiromi,sofascore
346231,Piskorskiy I.,piskorskiy-igor,sofascore
346250,Fomin O.,fomin-oleksandr,sofascore
346232,Lymarenko O.,lymarenko-oleksandr,sofascore
346248,Lebedev D.,lebedev-denis,sofascore
346249,Alistratov A.,alistratov-aleksandr,sofascore
346285,Gulyevska Y.,gulyevska-yuliya,sofascore
346230,Kawahara L.,kawahara-lucas,sofascore
346233,Martyniuk A.,martyniuk-andrii,sofascore
346234,Petrushenko Y.,petrushenko-yurii,sofascore
346235,Solovyov I.,solovyov-ihor,sofascore
346298,Gulevskiy R.,gulevskiy-rodion,sofascore
346299,Yushkevich A.,yushkevich-anastasiya,sofascore
346286,Vakarash R.,vakarash-roman,sofascore
346361,Obidnyi O.,obidnyi-oleg,sofascore
346362,Chyzh P.,chyzh-pavlo,sofascore
346468,Lysak A.,lysak-alexander,sofascore
346469,Kalinichenko V.,kalinichenko-volodymyr,sofascore
346470,Ivanov L.,ivanov-leonid,sofascore
346376,Khudaiberdiev Z.,khudaiberdiev-zhasur,sofascore
346363,Skyba A.,skyba-aleksander,sofascore
346462,Maksimchuk A.,maksimchuk-artem,sofascore
346463,Reva A.,reva-aleksandr,sofascore
346464,Panin V.,panin-vyacheslav,sofascore
346500,Egorov K.,egorov-kirill,sofascore
346498,Rubkov S.,rubkov-sergey,sofascore
346497,Popov M.,popov-mihail,sofascore
346465,Khurtak E.,khurtak-evgeniy,sofascore
346466,Marchenko S.,marchenko-sergey,sofascore
346467,Naumovich V.,naumovich-vladimir,sofascore
346520,Stepanyan V.,stepanyan-vardan,sofascore
346515,Rahmanov V.,rahmanov-v,sofascore
346516,Maksakov S.,maksakov-sergey,sofascore
346521,Grebenyuk B.,grebenyuk-bogdan,sofascore
346517,Volodymyr B.,volodymyr-bobkov,sofascore
346550,Klim V.,klim-vladislav,sofascore
346610,Slashova M.,slashova-marina,sofascore
346611,Babii A.,babii-anna,sofascore
346612,Sharashova I.,sharashova-iryna,sofascore
346613,Agalakova I.,agalakova-irina,sofascore
346614,Ogarenko S.,ogarenko-svitlana,sofascore
346615,Ogarenko N.,ogarenko-natalia,sofascore
346651,Stetsenko A.,stetsenko-alexander,sofascore
346652,Voronov A.,voronov-anton,sofascore
346546,Yasashnyi D.,yasashnyi-denys,sofascore
346547,Kotov V.,kotov-viktor,sofascore
346590,Vorobuov Y.,vorobuov-ygor,sofascore
346593,Dubrovin D.,dubrovin-dmitry,sofascore
346591,Filatov S.,filatov-sergey,sofascore
346616,Sulym A.,sulym-a,sofascore
346617,Ptitsyn D.,ptitsyn-dmitriy,sofascore
346600,Henrique I.,henrique-ito,sofascore
346592,Lugovskyi S.,lugovskyi-sergii,sofascore
346654,Kovalov O.,kovalov-oleksandr,sofascore
346607,Havryliuk B.,havryliuk-bohdan,sofascore
346608,Zaitsev O.,zaitsev-oleksandr,sofascore
346609,Sedin V.,sedin-volodymyr,sofascore
346657,Zapletniuk A.,zapletniuk-anatolii,sofascore
346658,Blashkun A.,blashkun-aleksandr,sofascore
346659,Klymenko K.,klymenko-kostiantyn,sofascore
346721,Pavlyuk R.,pavlyuk-roman,sofascore
346746,Kryvyi I.,kryvyi-ivan,sofascore
346715,Varchenko V.,varchenko-vladimir,sofascore
346716,Yakymchuk Y.,yakymchuk-yevhen,sofascore
346717,Solomko S.,solomko-serhii,sofascore
346718,Poberii I.,poberii-ivan,sofascore
346719,Zayets A.,zayets-alexey,sofascore
346720,Artem Yurkov,yurkov-artem,sofascore
346772,Sidorak N.,sidorak-nazariy,sofascore
346794,Kurotich A.,kurotich-anatoliy,sofascore
346749,Prokopenko D.,prokopenko-dmitry,sofascore
346750,Chernobab V.,chornobab-volodymyr,sofascore
346751,Diachenko V.,diachenko-viacheslav,sofascore
346843,Yarovoy V.,yarovoy-viacheslav,sofascore
346813,Volkov P.,volkov-pavlo,sofascore
346876,Kovalchuk O.,kovalchuk-oleksandr,sofascore
346814,Chukanov M.,chukanov-marat,sofascore
346848,Oleskevych O.,oleskevych-olexander,sofascore
346877,Melchenko A.,melchenko-andrii,sofascore
346878,Bereza V.,bereza-viktor,sofascore
346919,Masko Y.,masko-yevhen,sofascore
346921,Makarov V.,makarov-vitaliy,sofascore
346920,Voloshyna Y.,voloshyna-yuliia,sofascore
346977,Wang T.,wang-tai-yun,sofascore
346978,Tao Hai Li.,li-tao-hai,sofascore
346986,Song G.,song-guang-xin,sofascore
346987,Den Z.,den-zhen-hai,sofascore
346988,Cheng W.,cheng-wen-xi,sofascore
346995,Tian Y.,tian-yuan,sofascore
346996,Tsui Z.,tsui-zhen-guo,sofascore
346989,Shun H.,shun-han-bao,sofascore
347002,Niu G.,niu-guo-jie,sofascore
346990,Zhang Y.,zhang-yong-qing,sofascore
347003,Lee Z.,lee-zhang-long,sofascore
346997,Zhu H.,zhu-hong-bin,sofascore
346998,Yin X.,yin-xiang-dong,sofascore
346999,Venbin L.,venbin-lou,sofascore
347000,Yang L.,yang-lu,sofascore
346991,Song L.,song-liang,sofascore
346992,Zhang J.,zhang-ji-yong,sofascore
346993,Gao J.,gao-jia,sofascore
346994,Xin B.,xin-bao-rong,sofascore
346955,Reva A.,reva-anatoliy,sofascore
346957,Kovalchuk O.,kovalchuk-oleg,sofascore
346960,Kolesnykov V.,kolesnykov-valeriy,sofascore
346961,Pavlo Babenko,babenko-pavlo,sofascore
346922,Doroshenko A.,doroshenko-artem,sofascore
346939,Gnoevoy K.,gnoevoy-kirill,sofascore
347026,Zhang Long Li.,li-zhang-long,sofascore
347027,Zhang Y.,zhang-yan,sofascore
347034,Wen Y.,wen-yi-xiao,sofascore
347028,Wang Y.,wang-yi-xiang,sofascore
347029,Cao G.,cao-gen-gen,sofascore
347030,Gao Z.,gao-zhong-yi,sofascore
347032,Zhang Y.,zhang-yu-cai,sofascore
347035,Zhao Q.,zhao-qui-yang,sofascore
347031,Gao X.,gao-xu-wen,sofascore
347036,Leng X.,leng-xue-hui,sofascore
347033,Zhang J.,zhang-jian,sofascore
347037,Jun Wu.,wu-jun,sofascore
305911,Carbo-Koks Polonia Bytom,carbo-koks-polonia-bytom,sofascore
272775,Energa Manekin,energa-manekin,sofascore
346962,Korniienko Mykola,korniienko-mykola,sofascore
292439,Kanunnikova V.,kanunnikova-vasylysa,sofascore
346963,Kurdova R.,kurdova-roksolana,sofascore
347060,Wang T.,wang-tai-yong,sofascore
347063,Hang L.,hang-li-jia,sofascore
347061,Sun B.,sun-bo,sofascore
347064,Zhang X.,zhang-xu-dong,sofascore
347065,Chen Q.,chen-qiang,sofascore
347066,Zhang Q.,zhang-qi-zhu,sofascore
347062,Bin Qu.,qu-bin,sofascore
347052,Bedriychuk V.,bedriychuk-viktor,sofascore
347053,Tatarinov V.,tatarinov-valeriy,sofascore
347055,Omitsynskyi Y.,omitsynskyi-yevhenii,sofascore
347008,Kovalchuk P.,kovalchuk-pavlo,sofascore
347056,Osipenko M.,osipenko-maria,sofascore
347057,Kozak A.,kozak-anastasiya,sofascore
347124,Zhao X.,zhao-xiang-kun,sofascore
347125,Hai Bin YU.,yu-hai-bin,sofascore
347126,Han Z.,han-zhi-gang,sofascore
347127,Zhang T.,zhang-tao,sofascore
347128,Zhang Y.,zhang-yong-quan,sofascore
347129,Zhang Z.,zhang-zhi-yong,sofascore
347059,Zeniuk A.,zenyuk-andrey,sofascore
347123,Pyshkin S.,pyshkin-sergey,sofascore
347250,Zhang G.,zhang-guo-min,sofascore
347251,Chang Long LI.,li-chang-long,sofascore
347252,Zhang C.,zhang-chang-hai,sofascore
347189,Omelchuk I.,omelchuk-ivan,sofascore
347204,Molochko A.,molochko-anton,sofascore
347205,Pokydko S.,pokydko-sergey,sofascore
347130,Shulepov M.,shulepov-maksym,sofascore
347131,Zholubak M.,zholubak-mykhailo,sofascore
347132,Zholubak V.,zholubak-volodymyr,sofascore
347253,Masko E.,masko-evgeniy,sofascore
343429,Trigub J.,trigub-julia,sofascore
347344,Yang Y.,yang-yu,sofascore
347345,Ping LU.,lu-ping,sofascore
347346,Zhang S.,zhang-sheng-bin,sofascore
347206,Zeniuk D.,zenyuk-dmitry,sofascore
347266,Halai D.,halai-dmitry,sofascore
347267,Shvidkiy V.,shvidkiy-vadim,sofascore
343411,Gladkih I.,gladkih-ivan,sofascore
347289,Kaznacheiev A.,kaznacheiev-andrii,sofascore
347299,Bilous A.,bilous-andrii,sofascore
347209,Lubko A.,lubko-artem,sofascore
347210,Gomilko O.,gomilko-oleksandr,sofascore
347310,Kozlov D.,kozlov-denys,sofascore
347254,Reznichenko D.,reznichenko-denis,sofascore
347255,Zakharov Y.,zakharov-yan,sofascore
347313,Kuznets O.,kuznets-olena,sofascore
347314,Ishchenko O.,ishchenko-olha,sofascore
347398,Zhang D.,zhang-dong-min,sofascore
347291,Elistratov I.,elistratov-igor,sofascore
347311,Droshchynskyi A.,droshchynskyi-andrii,sofascore
347312,Parnyvoda Ilya,parnyvoda-ilya,sofascore
347383,Oleh K.,oleh-kasian,sofascore
347388,Efimova A.,efimova-anastasia,sofascore
347450,Yehorov K.,yehorov-kyrylo,sofascore
347449,Bosak V.,bosak-viktor,sofascore
347384,Yevhen K.,yevhen-khurtak,sofascore
347385,Avgustov A.,avgustov-aleksey,sofascore
347386,Aleksandr G.,aleksandr-gress,sofascore
347387,Pakhnyuk V.,pakhnyuk-victor,sofascore
347451,Kyi Y.,kyi-yevhen,sofascore
347472,Bratukhin Y.,bratukhin-yuriy,sofascore
347473,Chatikyan A.,chatikyan-artur,sofascore
347474,Krivoshey S.,krivoshey-sergey,sofascore
347499,Baghdasaryan V.,baghdasaryan-varuzhan,sofascore
347500,Ghazaryan S.,ghazaryan-seda,sofascore
347349,Umehara D.,umehara-danilo,sofascore
347350,Matsuo A.,matsuo-alexandre,sofascore
347501,Cui Z.,cui-zhong-fan,sofascore
347505,Liu Y.,liu-yu-yi,sofascore
347506,Cui Y.,cui-yong-xun,sofascore
347507,Wang W.,wang-wei,sofascore
347508,Jian Ming MA.,ma-jian-ming,sofascore
347491,Ivanica Y.,ivanica-yaroslav,sofascore
347492,Kramarenko A.,kramarenko-aleksandr,sofascore
347488,Khvysiuk A.,khvysiuk-andrii,sofascore
347487,Shypilov A.,shipilov-anton,sofascore
347452,Kochetkov O.,kochetkov-oleksandr,sofascore
347496,Makarenko R.,makarenko-roman,sofascore
347556,Molochko A.,molochko-aleksey,sofascore
347557,Scherinskiy A.,scherinskiy-andrey,sofascore
347558,Bondarchuk A.,bondarchuk-alexander,sofascore
347559,Tovkach M.,tovkach-mykola,sofascore
347497,Yakubov M.,yakubov-marat,sofascore
347498,Beniumov V.,beniumov-vladyslav,sofascore
347569,Lazebny R.,lazebny-ruslan,sofascore
347567,Kovalenko V.,kovalenko-valentina,sofascore
347568,Trofimova A.,trofimova-antonina,sofascore
347632,Belanchyk D.,belanchik-dmitriy,sofascore
347566,Serebrennikov A.,serebrennikov-alexandr,sofascore
347630,Strilnyk Y.,strilnyk-yaroslav,sofascore
347570,Goradze A.,goradze-artur,sofascore
347571,Nechitaylo E.,nechitaylo-evgeniy,sofascore
347682,Chamorro M.,chamorro-miguel,sofascore
347671,Martynova T.,martynova-tetyana,sofascore
347659,Mytsygora I.,mytsygora-igor,sofascore
347668,Sandulenko U.,sandulenko-uriy,sofascore
347694,Kozhenkov I.,kozhenkov-igor,sofascore
347631,Makhotin V.,makhotin-vladyslav,sofascore
347669,Turchenko Tymur,turchenko-tymur,sofascore
347670,Chemodurov O.,chemodurov-oleksandr,sofascore
343430,Severina Y.,severina-yevgeniya,sofascore
347778,Povaliaieva M.,povaliaieva-maryna,sofascore
347676,Galoyan R.,galoyan-ruben,sofascore
347703,Kalugin V.,kalugin-vladislav,sofascore
347739,Gogenko S.,gogenko-sergiy,sofascore
347709,Matsehora I.,matsehora-ihor,sofascore
348260,Metla A.,metla-alexey,sofascore
347774,Boiko V.,boiko-vitalii,sofascore
347672,Halynskyi M.,halynskyi-mykola,sofascore
347673,Retynskyi S.,retynskyi-serhii,sofascore
347674,Hrymovskyi O.,hrymovskyi-oleksii,sofascore
347675,Gudimenko D.,gudimenko-dmytro,sofascore
347782,Gudimenko Y.,gudimenko-evgeniy,sofascore
347691,Kiyanov A.,kiyanov-aleksey,sofascore
347693,Moroz P.,moroz-pavel,sofascore
347692,Voytenko E.,voytenko-evgeniy,sofascore
347781,Grabskiy A.,grabskiy-andrey,sofascore
347779,Shelest T.,shelest-tetyana,sofascore
347780,Globina V.,globina-vlada,sofascore
347820,Dubrova Alisa,dubrova-alisa,sofascore
347773,Ying D.,demic-ying,sofascore
347776,Adyntsev M.,adyntsev-maksym,sofascore
347777,Kholodkevych V.,kholodkevych-volodymyr,sofascore
347815,Obischenko A.,obischenko-andrey,sofascore
347816,Povalyaev V.,povalyaev-valentin,sofascore
347822,Khakhamidi I.,khakhamidi-igor,sofascore
347821,Tishchenko D.,tishchenko-dina,sofascore
347853,Bondareva E.,bondareva-elena-1973,sofascore
347859,Harutyunyan O.,harutyunyan-oksanna,sofascore
347860,Hambardzumyan M.,hambardzumyan-mariam,sofascore
347861,Poghosyan A.,poghosyan-asya,sofascore
347862,Asoyan V.,asoyan-valya,sofascore
347840,Krivenko V.,krivenko-vitalii,sofascore
347841,Uchen M.,uchen-mykola,sofascore
347817,Samokysh K.,samokysh-kirill,sofascore
347818,Makovka Y.,makovka-yaroslav,sofascore
347819,Diachenko I.,diachenko-ivan,sofascore
347823,Kebalo D.,kebalo-denis,sofascore
347857,Voytekhova M.,voytekhova-mariya,sofascore
347858,Parsadanyan S.,parsadanyan-samvel,sofascore
347918,Kohut B.,kohut-bohdan,sofascore
347922,Broyakovskiy V.,broyakovskiy-vsevolod,sofascore
347921,Melnik V.,melnik-valeriy,sofascore
347923,Tuzhylin A.,tuzhylin-alexander,sofascore
347937,Karpenko V.,karpenko-viacheslav,sofascore
347961,Karpenko A.,karpenko-andrey,sofascore
347968,Karpenko V.,karpenko-vyacheslav,sofascore
347854,Pinkovskii P.,pinkovskii-pavel,sofascore
347850,Balbas F.,balbas-fedor,sofascore
347851,Khripun R.,khripun-ruslan,sofascore
347852,Ishchuk V.,vadim-ishchuk,sofascore
347855,Strelets V.,strelets-vitaliy,sofascore
347856,Shekhovtsov A.,shekhovtsov-anton,sofascore
347930,Morgun G.,morgun-gleb,sofascore
347963,Udovichenko S.,udovichenko-serhii,sofascore
347994,Tsikhotskiy M.,tsikhotskiy-maxim,sofascore
347971,Harenko S.,harenko-stanislav,sofascore
347972,Kovtun N.,kovtun-nadiia,sofascore
347973,Nadiia Harmash,harmash-nadiia,sofascore
348020,Skok P.,skok-pavel,sofascore
348022,Onischenko R.,onischenko-ruslan,sofascore
348036,Olejnik M.,olejnik-martin,sofascore
348031,Matiushenko A.,matiushenko-andrii,sofascore
348038,Burylov V.,burylov-vladimir,sofascore
348078,Synytsia A.,synytsia-andrii,sofascore
348079,Dibrova S.,dibrova-sergey,sofascore
348080,Hefter Y.,hefter-yevhe,sofascore
348120,Banetskiy I.,banetskiy-ilya,sofascore
348121,Shepel V.,shepel-vasiliy,sofascore
348106,Naku V.,naku-valeriy,sofascore
348122,Rikun M.,rikun-mikhail,sofascore
348107,Pysar D.,pysar-dmytro,sofascore
348032,Romanenko A.,romanenko-andrii,sofascore
348033,Dombrovskyi A.,dombrovskyi-andrii,sofascore
348034,Alieksieev O.,alieksieev-oleksandr,sofascore
348035,Stepankov S.,stepankov-sergii,sofascore
348093,Kuprykov S.,kuprykov-serhii,sofascore
348108,Isakov V.,isakov-vyacheslav,sofascore
348109,Kravchenko Y.,kravchenko-yuriy,sofascore
348140,Shukin D.,shukin-dmitriy,sofascore
348168,Khmelevskaia N.,khmelevskaia-natalia,sofascore
348169,Kurtenko V.,kurtenko-victoria,sofascore
348139,Pravednov A.,pravednov-andrey,sofascore
348148,Vukolov A.,vukolov-andrey,sofascore
348152,Vlasenko V.,vlasenko-valeriy,sofascore
348153,Chernobab V.,chernobab-viktor,sofascore
348154,Tkachenko Y.,tkachenko-yaroslav,sofascore
348175,Dulientsov D.,dulientsov-denys,sofascore
348147,Stepanov D.,stepanov-denis,sofascore
348191,Zuber R.,zuber-roman,sofascore
348257,Buberenko A.,buberenko-aleksandr,sofascore
348176,Udovenko I.,udovenko-ivan,sofascore
348177,Populovskyi E.,populovskyi-eduard,sofascore
348221,Krasutskyi A.,krasutskyi-adam,sofascore
344117,Kuzmenko A.,kuzmenko-alexander,sofascore
348222,Antipov A.,antipov-artem,sofascore
348223,Perepelytsia S.,perepelytsia-serhii,sofascore
348224,Voloshko V.,voloshko-valery,sofascore
348185,Demchenko V.,demchenko-vladislav,sofascore
348225,Zaytseva V.,zaytseva-viktoriya,sofascore
348226,Saltanovskaya M.,saltanovskaya-margarita,sofascore
348227,Apraliyan S.,apraliyan-shant,sofascore
348228,Altunyan K.,altunyan-karen,sofascore
348229,Khlghatyan R.,khlghatyan-rima,sofascore
348146,Horiuchi R.,horiuchi-rodrigo,sofascore
348265,Pashkov N.,pashkov-nikolay,sofascore
348268,Chernyshov D.,chernyshov-dmytro,sofascore
348269,Petrivskyi I.,petrivskyi-ihor,sofascore
348266,Novosad A.,novosad-alina,sofascore
348267,Sozoniuk Y.,sozoniuk-yevheniia,sofascore
348304,Nikolenko M.,nikolenko-maxim,sofascore
348305,Vacak V.,vacak-viacheslav,sofascore
348350,Yakovliev H.,yakovliev-hlib,sofascore
348270,Tanchuk A.,tanchuk-anatolii,sofascore
348271,Mytsyk O.,mytsyk-alexander,sofascore
348272,Reutov M.,reutov-mikhail,sofascore
348348,Gorchakov V.,gorchakov-vadim,sofascore
348310,Tsoma S.,tsoma-svitlana,sofascore
348307,Stroilov O.,stroilov-oleh,sofascore
348308,Myrzak V.,myrzak-volodymyr,sofascore
348361,Poturidis G.,poturidis-george,sofascore
348309,Obukhov V.,obukhov-vitalii,sofascore
348372,Khomutovsky J.,khomutovsky-julius,sofascore
348349,Pasternak V.,pasternak-vladimir,sofascore
348478,Borodacheva O.,borodacheva-olena,sofascore
348499,Kolomiiets D.,kolomiiets-dmytro,sofascore
348402,Sotnikov E.,sotnikov-eduard,sofascore
348403,Volkovskyi V.,volkovskyi-viktor,sofascore
348474,Malashchenko I.,malashchenko-ihor,sofascore
348401,Schekotikhina N.,schekotikhina-natalya,sofascore
348475,Zhuravlov O.,zhuravlov-oleksandr,sofascore
348476,Sobko V.,sobko-valentyn,sofascore
348477,Skorobahatyi Y.,skorobahatyi-yevhen,sofascore
348498,Chetverikov O.,chetverikov-oleg,sofascore
348536,Aseev D.,aseev-dmitriy,sofascore
348535,Zaychenko V.,zaychenko-valentin,sofascore
348537,Averyanov A.,averyanov-aleksandr,sofascore
348541,Gaponov A.,gaponov-aleksey,sofascore
348542,Kravets Y.,kravets-yaroslav,sofascore
348574,Popovichuk E.,popovichuk-evgeniy,sofascore
348551,Kuzmenko V.,kuzmenko-vladimir,sofascore
348691,Rubcov N.,rubcov-nikita,sofascore
322106,Kohler F.,kohler-felix,sofascore
348627,Salzer T.,salzer-tobias,sofascore
348628,Fox T.,fox-taylor,sofascore
348580,Chepurnyi A.,chepurnyi-artem,sofascore
348581,Krol Y.,krol-yan,sofascore
348582,Trunov Mihail,trunov-mihail,sofascore
348643,Bondarenko I.,bondarenko-iurii,sofascore
348644,Khalupenko P.,khalupenko-pavlo,sofascore
348669,Kovalev E.,kovalev-evgeniy,sofascore
348631,Rubtsov S.,rubtsov-sergey,sofascore
348732,Demchuk I.,demchuk-igor,sofascore
348733,Sokur M.,sokur-mihail,sofascore
348734,Yaremchuk D.,yaremchuk-dmytro,sofascore
348645,Roman Zholubak,zholubak-roman,sofascore
348646,Holomoz A.,holomoz-aleksey,sofascore
348647,Chernayvskiy S.,chernayvskiy-serhii,sofascore
348726,Sharanyuk O.,sharanyuk-oleksandr,sofascore
348779,Portnov H.,portnov-hennadii,sofascore
348728,Kravchuk T.,kravchuk-tamara,sofascore
348729,Chilikina E.,chilikina-evgeniya,sofascore
348730,Tiutiunyk I.,tiutiunyk-iryna,sofascore
348731,Zharkova K.,zharkova-karina,sofascore
348783,Abalmaz S.,abalmaz-spartak,sofascore
348784,Lohosha D.,lohosha-dmytro,sofascore
348785,Caryov U.,caryov-uriy,sofascore
348735,Yusipov T.,yusipov-timofey,sofascore
348727,Bilobrov V.,bilobrov-volodymyr,sofascore
348795,Seliuk K.,seliuk-kostiantyn,sofascore
348797,Korovychenko V.,korovychenko-valentyn,sofascore
348796,Tsyganok A.,tsyganok-aleksandra,sofascore
348806,Baghdasaryan G.,baghdasaryan-gevorg,sofascore
348837,Naumchuk M.,naumchuk-maxim,sofascore
348838,Marchuk M.,marchuk-mykhailo,sofascore
348839,Bondar V.,bondar-valentin,sofascore
348854,Skala R.,skala-radek,sofascore
348798,Tarasenko A.,tarasenko-alexander,sofascore
348852,Faflei R.,faflei-romana,sofascore
348894,Poltavetc P.,poltavetc-philip,sofascore
348896,Ivchuk O.,ivchuk-oleksandr,sofascore
348897,Yurchenko K.,yurchenko-kyrylo,sofascore
348898,Kaminskiy S.,kaminskiy-sergey,sofascore
348943,Kudrey L.,kudrey-lyudmila,sofascore
348944,Panchishin O.,panchishin-olga,sofascore
348945,Pachich Y.,pachich-yaroslava,sofascore
348946,Yugan T.,yugan-tatiana,sofascore
348998,Isaev A.,isaev-andrey,sofascore
348999,Koshmai M.,koshmai-mikhailo,sofascore
348996,Lavrinenko D.,lavrinenko-dmitry,sofascore
348941,Degtyarov O.,degtyarov-oleksiy,sofascore
348942,Budnikov O.,budnikov-alexandr,sofascore
348985,Novikov A.,novikov-andrey,sofascore
349021,Panasenko V.,panasenko-vladimir,sofascore
349071,Vasileva M.,vasileva-maria,sofascore
349074,Kibanova A.,kibanova-alina,sofascore
349075,Palamarchuk U.,palamarchuk-ulyana,sofascore
349035,Medvedenko V.,medvedenko-valery,sofascore
349060,Dang A.,dang-an-duy,sofascore
349061,Slanina T.,slanina-tobias,sofascore
349062,Bertelsmeier A.,bertelsmeier-andre,sofascore
349022,Kovalenko O.,kovalenko-oleg,sofascore
349153,Bivinis I.,bivinis-igor,sofascore
349130,Stets P.,stets-pavlo,sofascore
349330,Lenko D.,lenko-daniilo,sofascore
349055,Zarovnyi P.,zarovnyi-petro,sofascore
349056,Maselskyi O.,maselskyi-oleksandr,sofascore
349211,Kim P.,kim-petro,sofascore
349064,Chikalov Y.,chikalov-yuriy,sofascore
349210,Dyakun T.,dyakun-tatyana,sofascore
349372,Gerasimov A.,gerasimov-aleksandr,sofascore
349212,Goloveshkin A.,goloveshkin-aleksey,sofascore
349213,Krokhmal V.,krokhmal-vitaliy,sofascore
349505,Vadim T.,vadim-tokar,sofascore
349567,Rubtsov M.,rubtsov-mykyta,sofascore
349517,Rutskiy S.,rutskiy-sergei,sofascore
349518,Bindas O.,bindas-oleg,sofascore
349571,Akimov Y.,akimov-yehor,sofascore
349669,Lebed D.,lebed-dmitriy,sofascore
349714,Palamarchuk V.,palamarchuk-valeriy,sofascore
349672,Sklyarenko A.,sklyarenko-andriy,sofascore
349673,Panasenko V.,panasenko-volodymyr,sofascore
349676,Marakhovskiy M.,marakhovskiy-maksim,sofascore
349674,Kurpa O.,kurpa-olga,sofascore
349808,Karebin G.,karebin-gennady,sofascore
349828,Vadanuk A.,vadanuk-artem,sofascore
349675,Hordiichuk O.,hordiichuk-oleksandr,sofascore
349814,Lisechko A.,lisechko-artem,sofascore
349815,Kuvaiev R.,kuvaiev-roman,sofascore
349873,Surzhik V.,surzhik-vladimir,sofascore
349819,Izhakovskaya I.,izhakovskaya-inga,sofascore
349915,Sereda V.,sereda-viacheslav,sofascore
349916,Gergelyuk S.,gergelyuk-sergei,sofascore
349942,Sidorenko V.,sidorenko-vadim,sofascore
349836,Skotnikov S.,skotnikov-sergey-yurevich,sofascore
349816,Yurii Reva,yurii-reva,sofascore
349817,Derevianko A.,derevianko-andrii,sofascore
349818,Kyienko S.,kyienko-serhii,sofascore
349912,Skripnik S.,skripnik-sergey,sofascore
349914,Kolosovska O.,kolosovska-oksana,sofascore
349959,Vakulenko D.,vakulenko-denis,sofascore
350001,Gabrelyan D.,gabrelyan-daniil,sofascore
350002,Baziyan L.,baziyan-leonid,sofascore
349913,Starodubskyi I.,starodubskyi-ihor,sofascore
349962,Sydorenko V.,sydorenko-vitalii,sofascore
349991,Pilguy A.,pilguy-aleksandr,sofascore
349990,Hrutyunyan D.,hrutyunyan-davit,sofascore
350012,Kuzmenko G.,kuzmenko-grigoriy,sofascore
350026,Truten Y.,truten-yevhenii,sofascore
350033,Maslyanka S.,maslyanka-sergey,sofascore
349963,Kozhevnikov M.,kozhevnikov-maksym,sofascore
350027,Ilin O.,ilin-oleg,sofascore
350028,Sevastianov M.,sevastianov-mykyta,sofascore
350051,But N.,but-nadezhda,sofascore
350123,Pentyuk E.,pentyuk-elena,sofascore
350025,Sargsyan K.,sargsyan-khachatur,sofascore
350071,Gubarev I.,gubarev-ilya,sofascore
343647,Kubov V.,kubov-vadim,sofascore
350029,Mishchenko S.,mishchenko-serhii,sofascore
350105,Rybka A.,rybka-aleksey,sofascore
350106,Fedoryshyn I.,fedoryshyn-ivan,sofascore
350044,Lytvynenko O.,lytvynenko-oleg,sofascore
350104,Kundeus I.,kundeus-igor,sofascore
350200,Martynenko A.,martynenko-anastasiia,sofascore
350201,Martynenko M.,martynenko-mariia,sofascore
350202,Yehorova O.,yehorova-olha,sofascore
350203,Leshchenko O.,leshchenko-olga,sofascore
350186,Yarovoi V.,yarovoi-vladimir,sofascore
350187,Ovcharenko M.,ovcharenko-maksim,sofascore
350149,Kotov Y.,kotov-yevhen,sofascore
350150,Lukianchuk S.,lukianchuk-serhii,sofascore
350151,Nemtsov S.,nemtsov-serhii,sofascore
350152,Antonyan A.,antonyan-armen,sofascore
350153,Dmitruk I.,dmitruk-igor,sofascore
350157,Valchuk I.,valchuk-ilya,sofascore
350234,Belskyi O.,belskyi-oleksandr,sofascore
350205,Vietrov V.,vietrov-vitalii,sofascore
350265,Teteria Y.,teteria-yurii,sofascore
350286,Panchenko S.,panchenko-serhii,sofascore
350313,Pyshnykh N.,pyshnykh-nikita,sofascore
350285,Siroklyn O.,siroklyn-oleksandr,sofascore
344285,Sukharnikov N.,sukharnikov-nikita,sofascore
350233,Shtukovanyi R.,shtukovanyi-roman,sofascore
350239,Zubkov E.,zubkov-eduard,sofascore
350273,Kuzminich A.,kuzminich-aleksandr,sofascore
350314,Reznichenko R.,reznichenko-roman,sofascore
350272,Tolstykh R.,tolstykh-ruslan,sofascore
350322,Leonov V.,leonov-viktor,sofascore
350323,Pomin R.,pomin-roman,sofascore
350324,Popov S.,popov-serhii,sofascore
350325,Mukhin V.,mukhin-vitalii,sofascore
350326,Voronetskyi A.,voronetskyi-artem,sofascore
350321,Ivlev A.,ivlev-aleksandr,sofascore
350328,Oleksenko B.,oleksenko-bogdan,sofascore
350373,Furman O.,furman-oleg,sofascore
350399,Omelchuk B.,omelchuk-bogdan,sofascore
350382,Sazonov E.,sazonov-eugene,sofascore
350327,Stroilov A.,stroilov-andrii,sofascore
350383,Marchenko S.,marchenko-serhii,sofascore
350384,Rubanka I.,rubanka-ihor,sofascore
350329,Metelskiy V.,metelskiy-vladimir,sofascore
350246,Wong M.,wong-miguel,sofascore
350451,Tatianina T.,tatianina-tatiana,sofascore
350400,Tovmasyan G.,tovmasyan-gagik,sofascore
350442,Tarasov Y.,tarasov-yuriy,sofascore
350450,Guseva V.,guseva-viktoriya,sofascore
350488,Varava Y.,varava-yekaterina,sofascore
350489,Odarenko N.,odarenko-nikolay,sofascore
350557,Roman Cherevko,cherevko-roman,sofascore
350587,Kunda I.,kunda-igor,sofascore
350582,Pinchuk O.,pinchuk-oleksandr,sofascore
350583,Levytskyi M.,levytskyi-maksym,sofascore
350584,Fiialko M.,fiialko-mykyta,sofascore
350649,Mudrov D.,mudrov-dmitry,sofascore
350589,Sokolovskyi S.,sokolovskyi-serhii,sofascore
350648,Chabanov A.,chabanov-aleksey,sofascore
350647,Yakovenko O.,yakovenko-oleksandra,sofascore
350680,Maliuk L.,maliuk-liudmyla,sofascore
350650,Semenenko A.,semenenko-artem,sofascore
350694,Protsenko D.,protsenko-danil,sofascore
350678,Rybalka R.,rybalka-roman,sofascore
350679,Kucheryavyi V.,kucheryavyi-vadym,sofascore
350682,Kasianyk N.,kasianyk-nazar,sofascore
350772,Tertychniy L.,tertychniy-leonid,sofascore
350798,Hubenko  M.,gubenko-maxim,sofascore
350771,Bohdan Z.,bohdan-zdrobylko,sofascore
350816,Seliuchenko O.,seluchenko-oleksandr,sofascore
350692,Ligocki C.,ligocki-christopher,sofascore
350693,Pellissier N.,pellissier-nathan,sofascore
350813,Motsyk I.,motsyk-iryna,sofascore
350814,Evtodiy D.,evtodiy-diana,sofascore
350815,Ivakhiv V.,ivakhiv-valeriia,sofascore
350817,Golomozyk K.,golomozyk-kyrylo,sofascore
350872,Mikluha O.,mikluha-oleg,sofascore
350874,Nalisnikovska O.,nalisnikovska-olena,sofascore
350935,Sergey S.,sergey-skachenko,sofascore
351022,Zhukovskij A.,zhukovskij-aleksandr,sofascore
351023,Schepanskiy Y.,schepanskiy-yuriy,sofascore
351024,Melnyk V.,melnyk-vadym,sofascore
351025,Tur A.,tur-anton,sofascore
351026,Minenko Y.,minenko-yaroslav,sofascore
351055,Kuryshko K.,kuryshko-kostiantyn,sofascore
351087,Lopatnuk A.,lopatnuk-artur,sofascore
351091,Stach M.,stach-matej,sofascore
351092,Rozinek V.,rozinek-vojtech,sofascore
351093,Somova K.,somova-kateryna,sofascore
351142,Konovalova N.,konovalova-nataliia,sofascore
351143,Galstyan N.,galstyan-narek,sofascore
351146,Karapetyan A.,karapetyan-artur,sofascore
351147,Terjhanyan H.,terjhanyan-hakob,sofascore
351171,Gorbanenko A.,gorbanenko-alexey,sofascore
351172,Baklykov V.,baklykov-valerii,sofascore
351180,Sydoruk A.,sydoruk-andrii,sofascore
351181,Krasno O.,krasno-oleh,sofascore
351179,Sydorko A.,sydorko-anzhela,sofascore
351288,Cernota F.,cernota-filip,sofascore
351258,Chumak A.,chumak-andrey,sofascore
351259,Potapkov A.,potapkov-andrey,sofascore
351182,Kuzyo L.,kuzyo-levko,sofascore
353145,Kalynevych O.,kalynevych-oleksandr,sofascore
351262,Semeshin P.,semeshin-pavel,sofascore
351260,Sergeevich I.,sergeevich-igor,sofascore
351261,Alov R.,alov-roman,sofascore
351263,Artamonov N.,artamonov-nikolay,sofascore
351264,Abelmasov I.,abelmasov-igor,sofascore
351267,Lanovenko S.,lanovenko-sergey,sofascore
351265,Ilin A.,ilin-anatoliy,sofascore
351266,Innazarov A.,innazarov-alexey,sofascore
351295,Korogodsky I.,korogodsky-ilya,sofascore
351297,Sirotkin A.,sirotkin-anton,sofascore
351298,Soldatov I.,soldatov-ivan,sofascore
351296,Ziuzikov P.,ziuzikov-petr,sofascore
351299,Dmitrii Ignatev,dmitrii-ignatev,sofascore
353204,Makarov D.,makarov-denis,sofascore
353205,Khomenko R.,khomenko-roman,sofascore
353203,Migalov I.,migalov-igor,sofascore
351286,Markevich R.,markevich-roman,sofascore
351287,Shmyndra Y.,shmyndra-yuri,sofascore
353199,Gavelya A.,gavelya-anastasiya,sofascore
353200,Anarmetova V.,anarmetova-viktoriya,sofascore
353213,Lukashova A.,lukashova-anna,sofascore
353214,Pavliuchenko-Lebedieva I.,pavliuchenko-lebedieva-ilona,sofascore
353246,Oliynyk R.,oliynyk-roman,sofascore
446038,Marchenko M.,marchenko-mikhail,sofascore
353208,Vologzhanin V.,vologzhanin-vladimir,sofascore
353207,Derzkov D.,derzkov-dmitriy,sofascore
353209,Kaplan S.,kaplan-stanislav,sofascore
353210,Moshkov I.,moshkov-ivan,sofascore
353211,Toporkov A.,toporkov-artur,sofascore
353227,Churin K.,churin-konstantin,sofascore
353295,Bogomolov A.,bogomolov-albert,sofascore
353296,Grishaev E.,grishaev-evgeny,sofascore
343666,Sinkovskiy V.,sinkovskiy-vladimir,sofascore
353297,Bazhanov S.,bazhanov-sergey,sofascore
353212,Romaniuk A.,romaniuk-anatolii,sofascore
353279,Khimenko A.,khimenko-artem,sofascore
353330,Telezhinskaya O.,telezhinskaya-olena,sofascore
353331,Overchuk V.,overchuk-victoria,sofascore
353332,Yaroshkina I.,yaroshkina-irina,sofascore
353333,Hubanova K.,hubanova-kateryna,sofascore
353334,Rechytska Y.,rechytska-yulija,sofascore
353299,Kovalev I.,kovalev-igor,sofascore
353300,Yakovlev A.,yakovlev-andrey,sofascore
353301,Petrovskiy E.,petrovskiy-evgeniy,sofascore
353298,Tikhnenko D.,tikhnenko-dmitry,sofascore
353307,Vyaznikov S.,vyaznikov-sergey,sofascore
343582,Esin A.,esin-anton,sofascore
353360,Chechkov D.,chechkov-denis,sofascore
353350,Kobytov R.,kobytov-roman,sofascore
353361,Suslov A.,suslov-andrey,sofascore
353291,Sachuk S.,sachuk-sviatoslav,sofascore
353354,Riepkin O.,riepkin-oleh,sofascore
353355,Zagriychuk P.,zagriychuk-petro,sofascore
353292,Yurchenko G.,yurchenko-gennadiy,sofascore
353302,Martynenko D.,martynenko-dmitriy,sofascore
353362,Shershov A.,shershov-andriy,sofascore
353401,Kratochvil M.,kratochvil-michal,sofascore
353351,Nechaev P.,nechaev-pavel,sofascore
353375,Valeriovich Nyrkov I.,valeriovich-nyrkov-ivan,sofascore
353352,Grishenin D.,grishenin-denis,sofascore
353353,Malakhov P.,malakhov-pavel,sofascore
353423,Pakhomov S.,pakhomov-sergey,sofascore
353402,Uezdin A.,uezdin-aleksey,sofascore
353356,Levytskyi S.,levytskyi-serhii,sofascore
353357,Minenko A.,minenko-anatolii,sofascore
353405,Riadynskyi Y.,riadynskyi-yehor,sofascore
292112,Malov O.,malov-oleksandr,sofascore
353408,Tyslyna A.,tyslyna-anastasiia,sofascore
353403,Puzankov K.,puzankov-kyrill,sofascore
353404,Popov A.,popov-alexey,sofascore
353444,Muravyev L.,muravyev-leonid,sofascore
353406,Bezpalyi O.,bezpalyi-oleksii,sofascore
353407,Lazuryk D.,lazuryk-dmytro,sofascore
353400,Yakobchuk D.,yakobchuk-dmitriy,sofascore
353443,Maleev Y.,maleev-yuriy,sofascore
353460,Kodola V.,kodola-viktor,sofascore
353477,Domberg G.,domberg-gennadiy,sofascore
353461,Yamchuk V.,yamchuk-vladislav,sofascore
353445,Libatskaya A.,libatskaya-anastasiya,sofascore
353446,Shabanova A.,shabanova-anastasiya,sofascore
353535,Nevolina D.,nevolina-diana,sofascore
353517,Galimbaeva O.,galimbaeva-oksana,sofascore
353478,Bectas I.,bectas-igor,sofascore
353521,Smashnyi V.,smashnyi-vadym,sofascore
353518,Tunitsyn D.,tunitsyn-dmitriy,sofascore
353481,Fetukhina M.,fetukhina-margarita,sofascore
353482,Volkov Y.,volkov-yurii,sofascore
353519,Filenko O.,filenko-oleh,sofascore
353520,Mudrak T.,mudrak-tetyana,sofascore
353571,Margolin M.,margolin-mikhail,sofascore
353522,Telyugin Z.,telyugin-zakhar,sofascore
353563,Sorokin V.,sorokin-vladimir,sofascore
353560,Kosmina N.,kosmina-nataliia,sofascore
353596,Sinitsky I.,sinitsky-ivan,sofascore
353600,Marushchak V.,maruschak-vitaly,sofascore
353572,Chizhikov D.,chizhikov-dmitriy,sofascore
353617,Mishakin V.,mishakin-vladimir,sofascore
353618,Evglevskiy G.,evglevskiy-georgiy,sofascore
353619,Chumikov A.,chumikov-andrey,sofascore
353561,Laba M.,laba-mykola,sofascore
353562,Storchak S.,storchak-sergey,sofascore
353631,Afanasyev I.,afanasyev-ivan,sofascore
353621,Bilyuga S.,bilyuga-stanislav,sofascore
353620,Parsegov G.,parsegov-grigory,sofascore
353643,Tretyakov A.,tretyakov-alexander,sofascore
353629,Bohlmann N.,bohlmann-nico,sofascore
343556,Dedov V.,dedov-vasiliy,sofascore
353644,Voronov A.,voronov-alexander,sofascore
353645,Bochkov D.,bochkov-denis,sofascore
343559,Perov P.,perov-pavel,sofascore
353667,Kozlovcev V.,kozlovcev-vladimir,sofascore
353668,Kabanov E.,kabanov-eduard,sofascore
353646,Dushak V.,dushak-viktor,sofascore
353737,Nikichenko O.,nikichenko-olena,sofascore
353738,Lieventsova K.,lieventsova-kateryna,sofascore
353703,Barkalov A.,barkalov-aleksandr,sofascore
353718,Antonyk A.,antonyk-andrei,sofascore
353670,Chernov V.,chernov-vjacheslav,sofascore
353671,Martovickiy V.,martovickiy-valery,sofascore
251717,Akhmedzhanov M.,akhmedzhanov-mukhammed,sofascore
353672,Nozdrunov Y.,nozdrunov-yuri,sofascore
353724,Razinkov T.,razinkov-timofey,sofascore
353723,Slashcheva M.,slashcheva-marina,sofascore
353790,Demyanets I.,demyanets-igor,sofascore
344840,Mikhaylov I.,mikhaylov-igor,sofascore
353725,Malinina N.,malinina-natalia,sofascore
353895,Babushkina S.,babushkina-svitlana,sofascore
353853,Oprysk M.,oprysk-mykhailo,sofascore
353800,Lytko A.,lytko-andrey,sofascore
353885,Vshivkov P.,vshivkov-pavel,sofascore
353823,Vyshniakov S.,vyshniakov-serhii,sofascore
353824,Tytskyi M.,tytskyi-maksym,sofascore
353814,Koshchug E.,koshchug-evgeniy,sofascore
353872,Bairak T.,bairak-tatiana,sofascore
353886,Anisimov E.,anisimov-evgeny,sofascore
353955,Sorin M.,sorin-maksim,sofascore
353669,Osadchiy R.,osadchiy-roman,sofascore
353894,Hasan Y.,hasan-yevhen,sofascore
353873,Vasylevskyi V.,vasylevskyi-viktor,sofascore
354133,Kibka E.,kibka-evgenii,sofascore
354075,Mykhaylovich M.,mykhaylovich-maksim,sofascore
353956,Slaschilin A.,slaschilin-alexey,sofascore
424483,Zhelubenkov A.,zhelubenkov-aleksei-evgenievich,sofascore
354113,Suvorov V.,suvorov-vadim,sofascore
354114,Andrusenko M.,andrusenko-mikhail,sofascore
354115,Rachkov V.,rachkov-vladyslav,sofascore
354116,Kudryavtsev A.,kudryavtsev-aleksey,sofascore
354148,Marchuk N.,marchuk-nelia,sofascore
354117,Ambrosimov F.,ambrosimov-fedor,sofascore
354118,Bazhinov Y.,bazhinov-yaroslav,sofascore
354119,Bondarenko S.,bondarenko-serhii,sofascore
354120,Ponomarchuk I.,ponomarchuk-ivan,sofascore
354121,Jezo F.,jezo-felip,sofascore
292435,Yevtodii I.,yevtodii-iolanta,sofascore
354163,Bokov M.,bokov-maksim-andreevich,sofascore
354312,Lobanov A.,lobanov-aleksej,sofascore
354255,Mateush V.,mateush-vitalii,sofascore
354335,Simonyan S.,simonyan-sergey,sofascore
354313,Antonov V.,antonov-vitaly,sofascore
354314,Suraev-Korolev P.,suraev-korolev-pavel,sofascore
354376,Merezhko A.,merezhko-alexandr,sofascore
354372,Vasiuk V.,vasiuk-vadym,sofascore
354353,Cantarelli F.,cantarelli-frederico,sofascore
354354,Pimentel J.,pimentel-jonatan,sofascore
354355,Nakamura R.,nakamura-rafael,sofascore
354356,Simoes T.,simoes-thiago,sofascore
354359,Acencio R.,acencio-rafael,sofascore
354360,Otanari T.,otanari-thiago,sofascore
354357,Palauro E.,palauro-ettore,sofascore
354358,Stroh I.,stroh-israel,sofascore
354453,Parhomenko V.,parhomenko-vadim,sofascore
354374,Kondratova A.,kondratova-anna,sofascore
354375,Morozova T.,morozova-tatyana,sofascore
354481,Vasylchuk R.,vasylchuk-ruslan,sofascore
354452,Shamray A.,shamray-andrey,sofascore
354590,Shkarban A.,shkarban-alina,sofascore
354362,Portela V.,portela-vinicius,sofascore
354363,Wendell F.,wendell-filipi,sofascore
354361,Stein P.,stein-paulo,sofascore
354584,Voronov D.,voronov-dmitry,sofascore
354515,Stepanchuk Y.,stepanchuk-yaroslav,sofascore
354364,Salinas E.,salinas-eduardo,sofascore
354578,Kuravskiy O.,kuravskiy-oleg,sofascore
354579,Gil O.,gil-oleg,sofascore
354553,Syniavskyi I.,syniavskyi-ihor,sofascore
354554,Tebenko Y.,yaroslav-tebenko,sofascore
354555,Vivatenko M.,vivatenko-mykhailo,sofascore
354612,Stasiuk B.,stasiuk-bogdan,sofascore
354610,Shpak O.,shpak-oleksandr,sofascore
354611,Serediuk M.,serediuk-mykola,sofascore
354556,Ullmann L.,ullmann-lleyton,sofascore
354585,Kononenko A.,kononenko-alexander,sofascore
354589,Halibmaiev R.,halibmaiev-rustam,sofascore
354557,Kalianov V.,kalianov-viktor,sofascore
354645,Arata L.,arata-leonardo,sofascore
354646,Pimentel W.,pimentel-wladmir,sofascore
354649,Mariano F.,mariano-fernando,sofascore
354647,Ifanger G.,ifanger-guilherme,sofascore
354648,Morita R.,morita-rodrigo,sofascore
354762,Miniailo Y.,miniailo-yehor,sofascore
354772,Shavanov T.,shavanov-taras,sofascore
354773,Shishko Y.,shishko-yevgeny,sofascore
354781,Kostiuk O.,kostiuk-olha,sofascore
354821,Pisklov S.,pisklov-sergey,sofascore
354867,Pidlypna I.,pidlypna-iryna,sofascore
354849,Avraham N.,avraham-nazrin,sofascore
354834,Yudin A.,yudin-anton,sofascore
354864,Zubko V.,zubko-vyacheslav,sofascore
354865,Kolesnichenko S.,kolesnichenko-sergey,sofascore
354866,Shapovalov O.,shapovalov-oleg,sofascore
354828,Capobianco R.,capobianco-rogerio,sofascore
354829,Inselsperger R.,inselsperger-ricardo,sofascore
354830,Moscatelli F.,moscatelli-fabricio,sofascore
354831,Phaiffer M.,phaiffer-marcelo,sofascore
354832,Oliveira R.,oliveira-raphael,sofascore
354904,Sheshurak L.,sheshurak-lubomir,sofascore
354916,Kim S.,kim-sen-ir,sofascore
354920,Vakhrusheva E.,vakhrusheva-elina,sofascore
354879,Manholer A.,manholer-augusto,sofascore
354881,Ferraz C.,ferraz-carlos,sofascore
354882,Carvalho L.,carvalho-leandro,sofascore
354880,Roldan D.,roldan-daniel,sofascore
354902,Ludchak V.,ludchak-vasyl,sofascore
354945,Urban M.,urban-mykhailo,sofascore
354903,Nykyforuk S.,nykyforuk-stepan,sofascore
354919,Biletskiy O.,biletskiy-oleg,sofascore
354978,Karpenko O.,karpenko-oleh,sofascore
354981,Gulevskiy N.,gulevskiy-nikolay,sofascore
354995,Postol A.,postol-anastasiia,sofascore
354996,Muchaylenco N.,muchaylenco-nadezhda,sofascore
354974,Jeremias G.,jeremias-gustavo,sofascore
354976,Caltabiano M.,caltabiano-murilo,sofascore
354975,Guedes P.,guedes-pedro,sofascore
354993,Mykytiuk M.,mykytiuk-maksym,sofascore
354979,Buberenko B.,buberenko-bohdan,sofascore
354980,Cherepanov D.,cherepanov-dmytro,sofascore
355037,Messias G.,messias-gustavo,sofascore
355036,Peterossi D.,peterossi-daniel,sofascore
355046,Zhukov E.,zhukov-evgeny,sofascore
355047,Kucenko D.,kucenko-dmytro,sofascore
354998,Servaty M.,servaty-michael,sofascore
355022,Libackiy A.,libackiy-aleksandr,sofascore
355023,Luchinin E.,luchinin-evgenii,sofascore
355020,Magakyan A.,magakyan-armen,sofascore
355052,Vedmid S.,vedmid-sergey,sofascore
355056,Dushina D.,dushina-diana,sofascore
355061,Yuta S.,yuta-silnei,sofascore
355062,Cardoso M.,cardoso-milton,sofascore
355103,Smirnov I.,smirnov-igor-gennadevich,sofascore
355053,Zezyulin A.,zezyulin-artem,sofascore
355054,Nesterenko I.,nesterenko-ivan,sofascore
355044,Levajac D.,levajac-dimitrije,sofascore
355144,Melnikova L.,melnikova-lilia,sofascore
355079,Kalyniuk D.,kalyniuk-dmytro,sofascore
355130,Rychkou V.,rychkou-vitali,sofascore
355104,Balan V.,balan-vladislav,sofascore
355147,Taranik E.,taranik-elena,sofascore
355148,Zhukova N.,zhukova-nadezhda,sofascore
355153,Skhabovskyi M.,skhabovskyi-maksym,sofascore
355215,Filipek M.,filipek-martin,sofascore
355216,Juhasz M.,juhasz-martin,sofascore
355217,Jimrich R.,jimrich-robert,sofascore
355218,Holik T.,holik-tomas,sofascore
355219,Prida K.,prida-krystof,sofascore
355220,Kutifel J.,kutifel-josef,sofascore
355221,Maruniak D.,maruniak-dominik,sofascore
355222,Saleny D.,saleny-david,sofascore
355204,Kobelev E.,kobelev-evgeniy,sofascore
355308,Merzlikina P.,merzlikina-polina,sofascore
355177,Marra T.,marra-talles,sofascore
355176,Mattos G.,mattos-guilherme,sofascore
355175,Uehara L.,uehara-lennon,sofascore
355315,Movin A.,movin-andrey,sofascore
355223,Svoboda A.,svoboda-alex,sofascore
355224,Kubat P.,kubat-petr,sofascore
355225,Zaboj M.,zaboj-matej,sofascore
355226,Bochnak D.,bochnak-david,sofascore
355227,Shilgan P.,shilgan-petr,sofascore
355228,Volek J.,volek-jiri,sofascore
355229,Martin Stusek,stusek-martin,sofascore
355230,Ezr V.,ezr-vaclav,sofascore
355277,Bayer A.,bayer-alesh,sofascore
355278,Khalaila A.,khalaila-adam,sofascore
355276,Minkov M.,minkov-miroslav,sofascore
355309,Sidorin V.,sidorin-valery,sofascore
355311,Kolesnyk S.,kolesnyk-serhii,sofascore
355178,Martinez P.,martinez-paulo,sofascore
355323,Kac L.,kac-lev,sofascore
355373,Koszyk B.,koszyk-bohuslav,sofascore
355279,Ghariani S.,ghariani-sebastian,sofascore
355280,Kulisek M.,kulisek-marek,sofascore
355298,Merta J.,merta-jakub,sofascore
355299,Mara M.,mara-michal,sofascore
355333,Soucek L.,soucek-lukas,sofascore
355334,Mares E.,mares-erik,sofascore
355335,Krames Jr J.,krames-jr-jan,sofascore
355310,Kalashnikov E.,kalashnikov-evgeny,sofascore
355328,Yablonskyi O.,yablonskyi-oleksandr,sofascore
355358,Sibilieva V.,sibilieva-viktoriia,sofascore
355357,Mune B.,mune-bruno,sofascore
355363,Kimura H.,kimura-henrique,sofascore
355355,Zlamar J.,zlamar-jaromir,sofascore
355383,Nemec F.,nemec-filip,sofascore
355384,Jamrich R.,jamrich-robert,sofascore
355359,Kaminskyi V.,kaminskyi-valentyn,sofascore
355416,Shigemoto H.,shigemoto-henrique,sofascore
355417,Moraes G.,moraes-gustavo,sofascore
355385,Camr F.,camr-frantisek,sofascore
355399,Kuba M.,kuba-miloslav,sofascore
355418,Cardoso D.,cardoso-diogo,sofascore
355419,Silva L.,silva-lucas,sofascore
355420,Rodrigues P.,rodrigues-pedro,sofascore
355490,Milishcuk V.,milishcuk-viktor,sofascore
355519,Agapov A.,agapov-aleksei,sofascore
355457,Ermoshin S.,ermoshin-sergey,sofascore
355580,Vorisek T.,vorisek-tomas,sofascore
355581,Dura M.,dura-matous,sofascore
355579,Pusch F.,pusch-frantisek,sofascore
355575,Gancev S.,gancev-sergey,sofascore
355576,Zirin A.,zirin-aleksey,sofascore
355650,Alekseenko K.,alekseenko-kateryna,sofascore
355582,Kriz L.,kriz-lubomir,sofascore
355583,Grossu A.,grossu-andrej,sofascore
355630,Skopec D.,skopec-daniel,sofascore
449173,Jachym S.,jachym-sebl,sofascore
355608,Lemes M.,lemes-marcelo,sofascore
355645,Jadrny S.,jadrny-simon,sofascore
355657,Dvorak P.,dvorak-petr,sofascore
355746,Agudalin D.,agudalin-dmitry,sofascore
355755,Diachenko S.,diachenko-serhii,sofascore
355756,Spektor I.,spektor-ian,sofascore
355648,Gonza A.,gonza-aleksey,sofascore
292438,Vydruchenko A.,vydruchenko-alina,sofascore
355712,Birov I.,birov-ivan,sofascore
354937,Slashchev A.,slashchev-artem,sofascore
355747,Mikhaylova T.,mikhaylova-tatiana,sofascore
355806,Nesterchuk D.,nesterchuk-denys,sofascore
355754,Shaybel M.,shaybel-mariya,sofascore
355801,Souza R.,souza-rafael,sofascore
355802,Messias D.,messias-diego,sofascore
355803,Valois K.,valois-kayque,sofascore
355777,Dolejsi S.,dolejsi-stanislav,sofascore
355832,Sochor A.,sochor-adam,sofascore
355830,Oplachko A.,oplachko-alexander,sofascore
360182,Koshchuh A.,koshchuh-alina-ketlin,sofascore
360181,Savoliuk V.,savoliuk-vladimir,sofascore
355849,Hrncir J.,hrncir-jan,sofascore
360186,Kaim L.,kaim-laura,sofascore
360187,Shi QI.,qi-shi,sofascore
343576,Erdni-Goryaev M.,erdni-goryaev-mazan,sofascore
360244,Demchuk G.,demchuk-galyna,sofascore
360185,Dias L.,dias-luis,sofascore
360272,Hritchenko A.,hritchenko-anatolii,sofascore
360296,Shmakov A.,shmakov-andrey,sofascore
361629,Abraamyan G.,abraamyan-gevork-arsenovich,sofascore
361630,Vorozheykin A.,vorozheykin-aleksandr-vasilievich,sofascore
361631,Poprocky A.,poprocky-aleksandr-vladimirovich,sofascore
361634,Goundarev K.,goundarev-konstantin,sofascore
361822,Kabakova L.,kabakova-liudmyla,sofascore
361823,Zhuchkova K.,zhuchkova-kateryna,sofascore
361757,Khoroshun O.,khoroshun-oleksandr,sofascore
361901,Grebelnyi O.,grebelnyi-oleksandr,sofascore
361902,Pidoyma P.,pidoyma-pavel,sofascore
361821,Baniavychus E.,baniavychus-ernest,sofascore
361897,Shakhov N.,shakhov-nikita,sofascore
361965,Nodar K.,nodar-kukava,sofascore
361895,Golovinskii A.,golovinskii-aleksei,sofascore
361899,Piskun A.,piskun-andrey,sofascore
361900,Rehotun D.,rehotun-dmytro,sofascore
362032,Gerassimenko A.,gerassimenko-alexandr,sofascore
362069,Andreev A.,andreev-alexander,sofascore
362065,Mamishev S.,mamishev-sergey,sofascore
362169,Makarkin V.,makarkin-vladimir,sofascore
362184,Zhalii V.,zhalii-valerii,sofascore
362278,Chahur V.,chahur-vladislav,sofascore
362279,Iskenderov I.,iskenderov-ivan,sofascore
362185,Kuleshov G.,kuleshov-grigoriy,sofascore
362281,Bielokon Y.,bielokon-yevhen,sofascore
362280,Stepanov E.,stepanov-egor,sofascore
362317,Ota R.,ota-riki,sofascore
362282,Soroka V.,soroka-vasyl,sofascore
362322,Cherkas O.,cherkas-aleksandr,sofascore
362323,Zamniborshch V.,zamniborshch-vitaliy,sofascore
362328,Plaksina Y.,plaksina-yuliia,sofascore
362306,Brekhova E.,brekhova-evgeniya,sofascore
362419,Olshakov K.,olshakov-konstantin-sergeevich,sofascore
362420,Tsitselsky A.,tsitselsky-artyom,sofascore
362324,Tarasenko V.,tarasenko-valentin,sofascore
362447,Demidov S.,demidov-sergey,sofascore
362543,Burdin A.,burdin-aleksandr,sofascore
362422,Rafikova D.,rafikova-diana,sofascore
362524,Lebed A.,lebed-angelina,sofascore
362466,Ivashchenko H.,ivashchenko-hanna,sofascore
362459,Goryunov E.,goryunov-evgeny,sofascore
362460,Evlampiev V.,evlampiev-vadim-georgievich,sofascore
362461,Solovov G.,solovov-grigoriy,sofascore
362588,Kozenkov T.,kozenkov-tymur,sofascore
355850,Yegorov N.,yegorov-nikolai,sofascore
362608,Stukalov V.,stukalov-vladyslav,sofascore
362620,Naydich A.,naydich-aleksandra,sofascore
362642,Batenko V.,batenko-vladislav,sofascore
362728,Kaplan F.,kaplan-felix,sofascore
362729,Sayganov A.,sayganov-aleksandr-vyacheslavovich,sofascore
362609,Semenenko N.,semenenko-nazar,sofascore
362727,Nevmyvako V.,nevmyvako-vladimir,sofascore
362811,Zakladniy G.,zakladniy-genadiy,sofascore
362812,Danchenko V.,danchenko-valerii,sofascore
362855,Necheporenko V.,necheporenko-vadim,sofascore
362955,Dymytrenko A.,dymytrenko-anastasiia,sofascore
362938,Sidorak V.,sidorak-vladislav,sofascore
362927,Kazakov V.,kazakov-vladislav,sofascore
362928,Samoiliuk S.,samoiliuk-sergey,sofascore
362925,Gnesnyy D.,gnesnyy-dmitriy,sofascore
362965,Vitalii Khamurda,khamurda-vitaliy,sofascore
362963,Arzamastsev S.,arzamastsev-stepan,sofascore
362964,Skrylov S.,skrylov-serhii,sofascore
363035,Khilinska Y.,khilinska-yuliia,sofascore
363066,Desiatnik A.,desiatnik-aleksandr,sofascore
363033,Kistechko M.,kistechko-mykhailo,sofascore
363034,Maiovets R.,maiovets-rostyslav,sofascore
363073,Bodrukhyn V.,bodrukhyn-volodymyr,sofascore
363152,Sinelnik V.,sinelnik-vitalii,sofascore
363151,Soboleva K.,soboleva-kristina,sofascore
363219,Korzunova K.,korzunova-karina,sofascore
363260,Ozhiganov N.,ozhiganov-nikolay,sofascore
363261,Bondarenko I.,bondarenko-ivan,sofascore
363262,Serikov V.,serikov-vladimir,sofascore
363419,Krivic J.,krivic-jakov,sofascore
363387,Staroverov V.,staroverov-vladimir,sofascore
363388,Doncenko A.,doncenko-andrey,sofascore
363417,Smyrnov S.,smyrnov-serhii,sofascore
363389,Grimberg I.,grimberg-ilya,sofascore
363464,Lifanova O.,lifanova-olesya,sofascore
363556,Churpita Y.,churpita-yevhen,sofascore
363632,Shevchukov O.,shevchukov-oleksii,sofascore
363633,Chelpanov S.,chelpanov-serhii,sofascore
363676,Kulikov S.,kulikov-sergey,sofascore
363689,Rybalchenko K.,rybalchenko-kyrylo,sofascore
363738,Zaycev Y.,zaycev-yuriy,sofascore
363739,Marynkevych I.,marynkevych-illia,sofascore
363737,Sharpay V.,sharpay-viktor,sofascore
363787,Kovalchuk K.,kovalchuk-kostiantyn,sofascore
367769,Tveritinov R.,tveritinov-roman,sofascore
363786,Manuylov O.,manuylov-oleg-borisovich,sofascore
367768,Panochin M.,panochin-mikhail-yurievich,sofascore
367774,Borysiuk Oleksandr,borysiuk-oleksandr,sofascore
367765,Bondareva E.,bondareva-elena-1980,sofascore
367770,Efimov I.,efimov-igor-valerevich,sofascore
367833,Ovchinnikov Y.,ovchinnikov-yurii-evgenyevich,sofascore
367973,Tyhonenko Y.,tyhonenko-yana,sofascore
368035,Goljanov V.,goljanov-viktor,sofascore
368036,Tolmachev I.,tolmachev-ivan,sofascore
368028,Stasovskyi Y.,stasovskyi-yurii,sofascore
368029,Losev A.,losev-aleksandr,sofascore
368049,Zakladna Y.,zakladna-yana,sofascore
368129,Celik P.,celik-peter,sofascore
368030,Burceva G.,burceva-galyna,sofascore
368098,Zoidze E.,zoidze-elizaveta,sofascore
368154,Eroshov F.,eroshov-filipp-mihailovich,sofascore
368206,Sapronov O.,sapronov-oleksiy,sofascore
368205,Sliuzenko V.,sliuzenko-vladyslav,sofascore
368247,Teliuk N.,teliuk-natalia,sofascore
368301,Hubarev O.,hubarev-oleksandr,sofascore
368204,Milenkii I.,milenkii-ilya-olegovich,sofascore
368272,Polysynskyi M.,polysynskyi-mykola,sofascore
368273,Tatarnykov V.,tatarnykov-volodymyr,sofascore
368353,Dudnyk A.,dudnyk-anastasiia,sofascore
368453,Volvach A.,volvach-anton,sofascore
368507,Golnik A.,golnik-andrey,sofascore
368629,Glazkov A.,glazkov-alexey,sofascore
368448,Bourrassaud F.,bourrassaud-florian,sofascore
368560,Mahomedov Z.,mahomedov-zaur,sofascore
368561,Ostroverkhova E.,ostroverkhova-evgeniya,sofascore
368613,Volgina A.,volgina-anastasiya,sofascore
368716,Nepochatov A.,nepochatov-andrey,sofascore
368803,Syniavskyi I.,syniavskyi-ivan,sofascore
368887,Zaderei P.,zaderei-pavlo,sofascore
368871,Egorov A.,egorov-aleksey,sofascore
368850,Lutsenko V.,lutsenko-valentyn,sofascore
368973,Gerasimov A.,gerasimov-anatolii,sofascore
369078,Klimov V.,klimov-vitaliy,sofascore
369079,Aksyonin V.,aksyonin-vasily,sofascore
369213,Bohdanova A.,bohdanova-alina,sofascore
369310,Nechai V.,nechai-volodymyr,sofascore
369311,Grabchuk S.,grabchuk-sergey,sofascore
369446,Mikheev D.,mikheev-daniil-anatolievich,sofascore
369460,Davydov V.,davydov-valerii,sofascore
369482,Vashchuk R.,vashchuk-roman,sofascore
369559,Kolesnik A.,kolesnik-aleksandr,sofascore
369606,Hodko J.,hodko-julia,sofascore
369588,Kostenko A.,kostenko-anatolii,sofascore
369615,Komarov D.,komarov-denis,sofascore
369693,Korbut N.,korbut-nikita,sofascore
369694,Pulat V.,pulat-vaniev,sofascore
369821,Dzhigkaev G.,dzhigkaev-georgii-aleksandrovich,sofascore
369879,Gerasimov A.,gerasimov-anton,sofascore
369867,Man A.,man-alina,sofascore
369936,Petrov R.,petrov-roman,sofascore
369931,Petlenko O.,petlenko-olena,sofascore
370022,Ivanova N.,ivanova-natalia,sofascore
370138,Kharlakin O.,kharlakin-oleg-nikolayevich,sofascore
370080,Bernyk P.,bernyk-pavlo,sofascore
370193,Kyryliuk O.,kyryliuk-oleksandr,sofascore
370211,Tretyak N.,tretyak-nazar,sofascore
370210,Gotsulyak E.,gotsulyak-egor,sofascore
370266,Bochkarev Aleksandr,bochkarev-aleksandr,sofascore
370289,Madan E.,madan-evgeniy-sergeevich,sofascore
370288,Dolyna S.,dolyna-serhii,sofascore
370686,Syniavskyi I.,syniavskyi-ihor-2001,sofascore
370676,Gavran D.,gavran-dmitriy,sofascore
370730,Ohinska D.,ohinska-daryna,sofascore
370731,Kozak Y.,kozak-yuliia,sofascore
370714,Ruban N.,ruban-nikita,sofascore
370740,Yaroshenko T.,yaroshenko-tatiana,sofascore
370819,Minchenkov M.,minchenkov-mihail,sofascore
370729,Kostenko V.,kostenko-vasyl,sofascore
370877,Riabchenko N.,riabchenko-nataliia,sofascore
370876,Chuev A.,chuev-aleksandr,sofascore
370878,Trunov Y.,trunov-yevhen,sofascore
370926,Melnykov M.,melnykov-mykola,sofascore
370946,Faflei Y.,faflei-yevhenii,sofascore
371078,Zeptner H.,zeptner-henning,sofascore
371079,Perez J.,perez-juan,sofascore
371092,Muller D.,muller-dennis,sofascore
371281,Olefirenko O.,olefirenko-oleksandr,sofascore
371287,Kovaleva M.,kovaleva-milana,sofascore
371376,Fedorova Y.,fedorova-yulia,sofascore
371389,Starikova L.,starikova-larysa,sofascore
371377,Tulenin A.,tulenin-aleksandr,sofascore
371356,Pabluyk O.,pabluyk-oleg,sofascore
371491,Prokhoruk I.,prokhoruk-iurii,sofascore
371583,Spiridonova A.,spiridonova-anna,sofascore
371498,Antonenko V.,antonenko-viktor,sofascore
371497,Yurkov D.,yurkov-dmitriy,sofascore
371655,Krivoshey I.,krivoshey-igor,sofascore
371723,Feuerabend B.,feuerabend-bettina,sofascore
371736,Fazekas M.,fazekas-maria,sofascore
371646,Tatyana Sigitova,tatyana-sigitova,sofascore
340455,Garnova T.,garnova-tatiana,sofascore
371751,Erdelyi De Souza S.,erdelyi-de-souza-silvia,sofascore
371764,Freytag M.,freytag-melanie,sofascore
342873,Le Lannic A.,le-lannic-agnes,sofascore
369647,Zavinovska K.,zavinovska-karina,sofascore
371763,Uleshchenko A.,uleshchenko-andrii,sofascore
371920,Lozano C.,lozano-carmen-miron,sofascore
371935,Onykyienko V.,onykyienko-valerii,sofascore
371942,Pinchuk R.,pinchuk-roman,sofascore
372019,Lisov A.,lisov-andrey-yurevich,sofascore
372098,Maksymchuk I.,maksymchuk-igor,sofascore
372101,Hrosov D.,hrosov-dmytro,sofascore
372177,Shyriaiev V.,shyriaiev-vladyslav,sofascore
372269,Monzo O.,monzo-oriol,sofascore
372287,Keen T.,keen-trinko,sofascore
337189,Bohm G.,bohm-gabor,sofascore
372292,Rzihauschek J.,rzihauschek-julian,sofascore
372293,Hodina P.,hodina-petr,sofascore
372251,Mashkin S.,mashkin-sergey-vladimirovich,sofascore
372252,Nosov K.,nosov-konstantin-konstantinovich,sofascore
372298,Durduka O.,durduka-oleksandr,sofascore
372325,Aleksandr Gennadevich Frolov,aleksandr-gennadevich-frolov,sofascore
372364,Kharchenko E.,kharchenko-evgeniy,sofascore
372299,Dekhtiarenko A.,dekhtiarenko-andrii,sofascore
372380,Angulo M.,angulo-mikel,sofascore
372413,Zabrodin A.,zabrodin-andrey,sofascore
372414,Kalachev V.,kalachev-victor,sofascore
372419,Kovalenko A.,kovalenko-anataolii,sofascore
372503,Jonathan T.,jonathan-thimon,sofascore
372504,Zaporozhets O.,zaporozhets-oleksandr,sofascore
372609,Kutin V.,kutin-valery-vjacheslavovich,sofascore
372608,Hubska K.,hubska-kateryna,sofascore
372672,Glupachenko Y.,glupachenko-yaroslav,sofascore
372717,Vasiukov V.,vasiukov-volodymyr,sofascore
372760,Slashchova M.,slashchova-maria,sofascore
372761,Degteva A.,degteva-anastasia,sofascore
372753,Gavrilov Y.,gavrilov-yurii-aleksandrovich,sofascore
372810,Petrukhin E.,petrukhin-evgeny,sofascore
372798,Petrov D.,petrov-dmitriy,sofascore
372874,Pinchuk V.,pinchuk-vitaly,sofascore
353917,Broyakovsky A.,broyakovsky-aleksander,sofascore
372886,Makarenkov E.,makarenkov-evgeny-valerievich,sofascore
372887,Malahov K.,malahov-kirill-nikolaevich,sofascore
372854,Bulatova V.,bulatova-viktoriya,sofascore
372888,Fedosov A.,fedosov-aleksandr-yurevich,sofascore
372956,Soloviov O.,soloviov-oleksandr,sofascore
372969,Abrosimov D.,abrosimov-dmitriy,sofascore
373044,Andreev S.,andreev-stanislav-alekseevich,sofascore
373087,Ovechkin S.,ovechkin-sergey,sofascore
373088,Kostyuk A.,kostyuk-andrey,sofascore
373111,Avramov M.,avramov-miroslav,sofascore
373164,Vital S.,vital-shaban,sofascore
373169,Leymanovskiy Y.,leymanovskiy-yuriy,sofascore
373159,Zozulya A.,zozulya-artem,sofascore
373274,Evlakhin D.,evlakhin-dmitry-mikhaylovich,sofascore
373342,Ryazanova A.,ryazanova-anna,sofascore
373344,Kryzhevskaya A.,kryzhevskaya-anna,sofascore
373413,Tsybikov Z.,tsybikov-zhargal-yurievich,sofascore
373479,Shillegodskii N.,shillegodskii-nikita-dmitrievich,sofascore
373480,Che S.,che-sergey-vladimirovich,sofascore
373568,Kuzin S.,kuzin-sergey-yurievich,sofascore
373549,Gubanisev O.,gubanisev-oleg,sofascore
373550,Ciklauri D.,ciklauri-dmitrij,sofascore
373792,Mikhailovskiy Y.,mikhailovskiy-yuri,sofascore
373830,Ustimenko P.,ustimenko-pavel,sofascore
373930,"Chuyko,Roman",chuykoroman,sofascore
374006,Pereyaslovskyi D.,pereyaslovskyi-dmitriy,sofascore
374009,Podpaly I.,podpaly-igor,sofascore
374035,Kaminska V.,kaminska-valeriia,sofascore
374036,Holiak H.,holiak-hanna,sofascore
374037,Hud E.,hud-ekaterina,sofascore
374034,Holiak A.,holiak-anastasia,sofascore
373996,Ivchenko A.,ivchenko-aleksandra,sofascore
374085,Nikolenko S.,nikolenko-stanislav,sofascore
374084,Dulich A.,dulich-anatolii,sofascore
374086,Lbov Y.,lbov-yuriy-vyacheslavovich,sofascore
374096,Zharov B.,zharov-boris-vadimovich,sofascore
374221,Dukhin M.,dukhin-maksim,sofascore
374222,Medvedev P.,medvedev-pavel,sofascore
374098,Yalovoy A.,yalovoy-aleksandr,sofascore
374099,Nederkin S.,nederkin-stanislav,sofascore
374102,Chernyak I.,chernyak-igor,sofascore
374100,Kononenko V.,kononenko-vadim,sofascore
374101,Levitskiy M.,levitskiy-mikhail,sofascore
374103,Vlasyan S.,vlasyan-suren,sofascore
374223,Golyshev A.,golyshev-aleksandr,sofascore
374238,Kuzmych V.,kuzmych-volodymyr,sofascore
374233,Gil T.,taras-gil,sofascore
374239,Rak S.,rak-sergii,sofascore
374234,Chulanov O.,chulanov-oleh,sofascore
374308,Ponomarov S.,ponomarov-serhii-valeriyovych,sofascore
374296,Kvak I.,kvak-igor,sofascore
374295,Okopnyi V.,okopnyi-volodymyr,sofascore
374311,Prus S.,prus-serhii-valeriyovych,sofascore
374310,Hot S.,hot-serhii,sofascore
374309,Hera V.,hera-volodymyr,sofascore
374349,Ilichev M.,ilichev-maksim,sofascore
374312,Maiovka I.,maiovka-ihor,sofascore
374313,Fylypiv R.,fylypiv-rostyslav-volodymyrovych,sofascore
374314,Hordiichuk O.,hordiichuk-oleksii-vitaliyovich,sofascore
374315,Studinikin M.,studinikin-maksym,sofascore
374297,Panchenko I.,panchenko-ivan,sofascore
374316,Barei V.,barei-vlas,sofascore
374317,Hlaholev M.,hlaholev-mykhailo-leonidovych,sofascore
374350,Antipin A.,antipin-aleksandr,sofascore
374416,Bardyshev G.,bardyshev-georgy,sofascore
374338,Kuninets R.,kuninets-roman,sofascore
374339,Volodymyr Korobko,korobko-volodymyr,sofascore
374331,Shyshkin M.,shyshkin-mykola,sofascore
374395,Daragan S.,daragan-sergej,sofascore
374396,Maslovskyi A.,maslovskyi-aleksandr,sofascore
374417,Voronkov E.,voronkov-evgeny,sofascore
374399,Pyrtyk B.,pyrtyk-bogdan,sofascore
374458,Kovalyk I.,kovalyk-ivan,sofascore
374400,Borovets S.,borovets-stepan,sofascore
374459,Kozak D.,kozak-dmytro,sofascore
374460,Korobov A.,korobov-alexey,sofascore
374461,Madai I.,madai-igor,sofascore
374584,Davydov A.,davydov-alexander,sofascore
374615,Davydov M.,davydov-maksim,sofascore
374657,Zubkov V.,zubkov-vladimir,sofascore
374550,Berdii A.,berdii-andrii,sofascore
374557,Buha O.,buha-oleksandr,sofascore
353719,Tyutyunnik D.,tyutyunnik-dmyto,sofascore
374394,Kheresko V.,heresko-vsevolod,sofascore
374694,Pavliuk V.,pavliuk-vladyslav,sofascore
374397,Parfenjuk G.,parfenjuk-gleb,sofascore
374739,Trushkovskyi S.,trushkovskyi-sergii,sofascore
374738,Goliak O.,goliak-oleg,sofascore
374765,Bondarenko P.,bondarenko-pavel,sofascore
374749,Demko Z.,demko-zenoviy,sofascore
374841,Braslavets A.,braslavets-aleksandr,sofascore
374823,Sinitsyna Y.,sinitsyna-yuliya,sofascore
374910,Kvyk D.,kvyk-denys,sofascore
374909,Ivasiuk Y.,ivasiuk-yaroslav,sofascore
374958,Emets I.,emets-ihor,sofascore
374976,Nakliutskyi A.,nakliutskyi-andrii,sofascore
375105,Elmahdy A.,elmahdy-ahmed,sofascore
375111,Tkachuk Serhiy,tkachuk-serhiy,sofascore
375157,Kyselyov M.,kyselyov-mykola,sofascore
375158,Poliakov S.,poliakov-serhii,sofascore
375159,Melnikov A.,melnikov-aleksandr,sofascore
375035,Skoropad R.,skoropad-ruslan,sofascore
375037,Sapuzhak O.,sapuzhak-oleg,sofascore
375208,Kikot V.,kikot-viktor,sofascore
375153,Kazakov A.,kazakov-aleksey-rudolfovich,sofascore
375154,Markelov E.,markelov-egor-evgenyevich,sofascore
375036,Romaniuk V.,romaniuk-viktor,sofascore
375189,Lysenko A.,lysenko-alexander,sofascore
375352,Kuzmenko I.,kuzmenko-igor,sofascore
375362,Kozlov A.,kozlov-aleksandr,sofascore
375354,Moshovskyi V.,moshovkyi-vasyl,sofascore
375398,Ryndia V.,ryndia-vitalii,sofascore
375363,Samoiylov V.,samoiylov-volodymyr,sofascore
375549,Khramkov P.,khramkov-pavel-vladislavovich,sofascore
375519,Govoruha A.,govoruha-andrii,sofascore
375607,Kravchuk A.,kravchuk-artur,sofascore
375662,Chyzh V.,chyzh-viktor,sofascore
375742,Mokryi T.,mokryi-taras,sofascore
375743,Pesin I.,pesin-ivan,sofascore
375744,Mokaliuk A.,mokaliuk-andrei,sofascore
375745,Pavliuchyk Y.,pavliuchyk-yurii,sofascore
375748,Shepil V.,shepil-valerii,sofascore
375724,Gorishnyaya E.,gorishnyaya-ekaterina,sofascore
375896,Pleshkan V.,pleshkan-vasyl,sofascore
375897,Parahailo Y.,parahailo-yurii,sofascore
375898,Demchuk R.,demchuk-roman,sofascore
375925,Oleh Skoryk,oleh-skoryk,sofascore
375926,Bavanov A.,bavanov-aleksey,sofascore
375981,Pelz P.,pelz-pekka,sofascore
375991,Zoreva N.,zoreva-natalya,sofascore
375987,Nechepurenko G.,nechepurenko-grigory,sofascore
375810,Kernos A.,kernos-anton,sofascore
376135,Dymytrenko V.,dymytrenko-vasyl,sofascore
375211,Bihun R.,bihun-roman,sofascore
376188,Datsenko A.,datsenko-andrii,sofascore
376279,Berezovskui A.,berezovskui-alexei,sofascore
376274,Maslov O.,maslov-alexandr,sofascore
376380,Kyrychenko E.,kyrychenko-elena,sofascore
376330,Gutsol V.,gutsol-vadim,sofascore
376410,Zakharova D.,zakharova-daryna,sofascore
376459,Balanov O.,balanov-oleksiy,sofascore
376575,Bushuev K.,bushuev-kirill,sofascore
376512,Pakhomovskyi V.,pakhomovskyi-volodymyr,sofascore
376513,Korol Y.,korol-yevhen,sofascore
376613,Gladkikh A.,gladkikh-alexey,sofascore
350552,Kolesnikov V.,kolesnikov-vladimir,sofascore
374398,Pospolitak O.,pospolitak-oleg,sofascore
374556,Kulbach O.,kulbach-oleksii-anatoliiovych,sofascore
376607,Rudzei R.,rudzei-rehyna,sofascore
376709,Hries V.,hries-valerii,sofascore
376892,Hainovskyi O.,hainovskyi-oleksandr,sofascore
376893,Moriak A.,moriak-artur,sofascore
376935,Bondarenko N.,bondarenko-nikolay,sofascore
376974,Gnanasekaran S / Mukherjee S,gnanasekaran-s-mukherjee-s,sofascore
376114,Khodakivskyi O.,khodakivskyi-oleksandr,sofascore
377162,Hayata H / Kihara M,hayata-h-kihara-m,sofascore
377163,ODO S / Yokoi S,odo-s-yokoi-s,sofascore
377164,ALI Mah / Ali Mar,ali-mah-ali-mar,sofascore
374549,Mazur Tarasovych R.,mazur-tarasovych-roman,sofascore
376975,Piccolin J / Laurenti J,piccolin-j-laurenti-j,sofascore
377199,Andrievskiy V.,andrievskiy-vladimir,sofascore
377252,Sirenko I.,sirenko-ivan,sofascore
377210,Kharchenko S.,kharchenko-sergey,sofascore
377479,Longhino N.,longhino-nico,sofascore
377443,Lukianov A.,lukianov-alexey,sofascore
377444,Hladkykh A.,hladkykh-alexey,sofascore
377447,Demchenko S.,demchenko-stanislav,sofascore
377499,Jeon J / Lee E,jeon-j-lee-e,sofascore
377501,Flore T / Pavade P,flore-t-pavade-p,sofascore
377535,Chupovskiy A.,chupovskiy-andriy,sofascore
377536,Anatoliiovych O.,anatoliiovych-oleksandr,sofascore
377647,Oikawa M / Uda Y,oikawa-m-uda-y,sofascore
377648,Duda B / Ovtcharov D,duda-b-ovtcharov-d,sofascore
377649,Franziska P / Qiu D,franziska-p-qiu-d,sofascore
377719,Mischenko R.,mischenko-roman,sofascore
377761,Luckij V.,luckij-vasilij,sofascore
377672,Chaikovskyi B.,chaikovskyi-bogdan,sofascore
377821,Kasatyi A.,kasatyi-aleksandr,sofascore
377874,Kupryakov E.,kupryakov-evgeny-aleksandrovich,sofascore
377925,Gavjuk B.,gavjuk-bogdan,sofascore
377967,Kyselar A.,kyselar-andrii,sofascore
377986,Bottroff E.,bottroff-erik,sofascore
378027,Fedorenko A.,fedorenko-anastasiia,sofascore
378029,Salo V.,salo-volodymyr,sofascore
378217,Misal J.,misal-john-russel,sofascore
378219,Aminah S.,aminah-siti,sofascore
374558,Kulynych M.,kulynych-mykola-hryhorovych,sofascore
378192,Mykhailo Potapov,potapov-mykhailo,sofascore
378191,Sheremeta V.,sheremeta-vladyslav,sofascore
378306,Hudyma O.,hudyma-oleh,sofascore
378294,Gomilko A.,gomilko-andrej,sofascore
378295,Odarenko M.,odarenko-mykola,sofascore
377865,Volosianska M.,volosianska-mariia,sofascore
378434,Kuznetsov A.,kuznetsov-alexey-m,sofascore
378435,Kuznetsov A.,kuznetsov-alexey-s,sofascore
378497,Martyukhin S.,martyukhin-sergey,sofascore
375986,Tkachenko K.,tkachenko-kyrylo,sofascore
378575,Rybka N.,rybka-nikolay,sofascore
378574,Kuvaldin B.,kuvaldin-bogdan,sofascore
378771,Lebedynskyi O.,lebedynskyi-oleksii,sofascore
378772,Osadchyi O.,osadchiy-oleksandr,sofascore
378845,Bilykivskyi R.,bilykivskyi-roman,sofascore
378117,Ummc Ekaterinburg II,ummc-ekaterinburg-ii,sofascore
378933,Kazeem M.,kazeem-makanjuola,sofascore
340138,Vilardell A.,vilardell-albert,sofascore
378934,Curcio S.,curcio-stefano,sofascore
378959,Lelkes Z.,lelkes-zoltan,sofascore
378960,Berzosa D.,berzosa-daniel,sofascore
378118,TT TOP Spin Messina,tt-top-spin-messina,sofascore
378970,Japec T.,japec-tomislav,sofascore
378974,Loso S.,loso-sebastian,sofascore
378975,Gyorgy S.,gyorgy-szilard,sofascore
378976,Cervik K.,cervik-kristian,sofascore
378978,Molnar D.,molnar-david,sofascore
379028,Tamas S.,tamas-szabolcs,sofascore
379038,Khorolskyi V.,khorolskyi-vadym,sofascore
379039,Kovkyna O.,kovkyna-olga,sofascore
379106,Zhigalov V.,zhigalov-vladimir,sofascore
376710,Kutkova O.,kutkova-olena,sofascore
376712,Konkulovska I.,konkulovska-iryna,sofascore
376711,Topchyi M.,topchyi-maria,sofascore
379081,Dykunskaya Z.,dykunskaya-zoriana,sofascore
379279,Tsurkalenko D.,tsurkalenko-dmytro,sofascore
379369,Grygorenko S.,grigorenko-stepan,sofascore
379419,Bedny D.,bedny-dmitry,sofascore
379489,Vilenchyts N.,vilenchyts-nikita,sofascore
379490,Palazhchenko Y.,palazhchenko-yuliya,sofascore
379600,Holovei O.,holovei-oleh,sofascore
379705,Kovalchuk R.,kovalchuk-ruslan,sofascore
379706,Hryniuk V.,hryniuk-vitalii,sofascore
379737,ZHY Penh D.,zhy-penh-duan,sofascore
379879,Gerashchenko A.,gerashchenko-andrey,sofascore
379996,Halych A.,halych-andrii,sofascore
380060,Solomianyi I.,solomianyi-ihor,sofascore
380161,Zemyantsev S.,zemyantsev-s,sofascore
380113,Basistov D.,basistov-dmitriy,sofascore
380278,Alleyne J.,alleyne-joel,sofascore
380277,Britton S.,britton-shemar,sofascore
380276,Palou P.,palou-pablo,sofascore
380279,Watson K.,watson-kane,sofascore
380274,Edghill C.,edghill-chelsea,sofascore
380273,Gomez L.,gomez-leyla,sofascore
380275,Cummings N.,cummings-natalie,sofascore
380350,Klimakov V.,klimakov-viktor,sofascore
380516,Andrischak R.,andrischak-ruslan,sofascore
380517,Chyzhevskii O.,chyzhevskii-oleksandr,sofascore
380423,WU J / Brito E,wu-j-brito-e,sofascore
380424,Correa C / Nino N,correa-c-nino-n,sofascore
380422,Britton S / Edghill C,britton-s-edghill-c,sofascore
380659,Akhmedov S.,akhmedov-sarkhan,sofascore
380741,Tsvetkov E.,tsvetkov-eduard,sofascore
380742,Bogdanov D.,bogdanov-dmitry,sofascore
380770,Kartuzovs O.,kartuzovs-olegs,sofascore
76905,Skov Petersen M.,skov-petersen-mie,sofascore
380769,Bogdanova B.,bogdanova-baiba,sofascore
380834,Solomennik A.,solomennik-artem,sofascore
381042,Aleksandr S.,aleksandr-staryy,sofascore
381157,Androsov V.,androsov-vladimir,sofascore
381345,Formaziuk O.,formaziuk-oleh,sofascore
381363,Molokanov A.,molokanov-alexander,sofascore
381358,Yunusov A.,yunusov-aliafsar,sofascore
381364,Vaschenko A.,vaschenko-aleksandr,sofascore
381467,Schonhaar A.,schonhaar-andrew,sofascore
381468,Tomsic C.,tomsic-christian,sofascore
381625,Engelhardt M.,engelhardt-michael,sofascore
381626,Saljani F.,saljani-florian,sofascore
381698,Nagy K.,nagy-krisztina,sofascore
381740,Le Scour R.,le-scour-romane,sofascore
381741,Fotiadou C.,fotiadou-chrysi,sofascore
381773,Bueno P.,bueno-paula,sofascore
381770,Wei J.,wei-jian,sofascore
381771,Ferciug R.,ferciug-rossana-antonella,sofascore
381774,Ramirez Sanchez L.,ramirez-sanchez-laura,sofascore
381663,Saint-Denis US 93,saint-denis-us-93,sofascore
381664,Alicante Tenis De Mes,alicante-tenis-de-mes,sofascore
291894,Segula K.,segula-kiara,sofascore
381858,Grauer J.,grauer-juri,sofascore
381859,Amann S.,amann-samuel,sofascore
381872,Pereiaslov A.,pereiaslov-andrey,sofascore
382146,Mancha H.,mancha-hodei,sofascore
382124,Moseychuk A.,moseychuk-anatoliy,sofascore
382377,Gozubuyuk A.,gozubuyuk-ali,sofascore
382378,Thimon J.,thimon-jonathan,sofascore
382370,Solomennik E.,solomennik-elizaveta,sofascore
382596,Gnatyuk Andrey,gnatyuk-andrey,sofascore
382593,Antipov E.,antipov-evgeniy,sofascore
382728,Sypachevskiy A.,sypachevskiy-aleksey,sofascore
382744,Batalov A.,batalov-anatoly,sofascore
382809,Agababyan R.,agababyan-robert,sofascore
382955,Lanin S.,lanin-sergey,sofascore
383078,Fedorov A.,fedorov-aleksandr,sofascore
383261,Zaitsev I.,zaitsev-igor,sofascore
383488,Oliynik G.,oliynik-grigoriy,sofascore
383494,Romaniv A.,romaniv-aleksey,sofascore
383522,Bystrushkin K.,bystrushkin-konstantin,sofascore
383695,Melnikov V.,melnikov-vladislav,sofascore
383825,Aslanyan A.,aslanyan-arutyun,sofascore
383770,Chogut A.,chogut-anastasiya,sofascore
384044,Schnabel J.,schnabel-johannes,sofascore
384045,Brinkhaus L.,brinkhaus-lars,sofascore
384209,Vardanyan S.,vardanyan-sergey,sofascore
384463,Sukhomlyn R.,sukhomlyn-roman,sofascore
384637,Doroshenko B.,doroshenko-bogdan,sofascore
384773,Sadovskiy N.,sadovskiy-nikita,sofascore
385060,Demchenko V.,demchenko-vitaly,sofascore
385233,Novokhatskyi Y.,novokhatskyi-yurii,sofascore
385224,Kulik A.,kulik-andrey,sofascore
385411,Lusin A.,lusin-aleksandr,sofascore
385409,Chiriacova A.,chiriacova-alexandra,sofascore
385410,Meletie F.,meletie-foteini,sofascore
385401,Carvalho D / Oliveira L,carvalho-d-oliveira-l,sofascore
385402,Hribar P / Opeka L,hribar-p-opeka-l,sofascore
385403,Andersen M / Bardsley C,andersen-m-bardsley-c,sofascore
385404,Stamatouros G / Papadimitriou M,stamatouros-g-papadimitriou-m,sofascore
385405,Zeimys K / Riliskyte K,zeimys-k-riliskyte-k,sofascore
385406,Vainula V / Solja A,vainula-v-solja-a,sofascore
385407,Mahmuti K / Zeqiri L,mahmuti-k-zeqiri-l,sofascore
385581,Akkuzu C / Landrieu A,akkuzu-c-landrieu-a,sofascore
385582,Konstantinopoulos G / Stamatouros G,konstantinopoulos-g-stamatouros-g,sofascore
385576,Badowski M / Devos R,badowski-m-devos-r,sofascore
385577,Udra A / Zeimys K,udra-a-zeimys-k,sofascore
385580,Lusin A / Ursu V,lusin-a-ursu-v,sofascore
385578,Pistej L / Ionescu O,pistej-l-ionescu-o,sofascore
385579,Yiangou M / Sgouropoulos I,yiangou-m-sgouropoulos-i,sofascore
385615,Rech Daldosso M / Hribar P,rech-daldosso-m-hribar-p,sofascore
385586,Lebesson E / Cassin A,lebesson-e-cassin-a,sofascore
385587,Platonov P / Shamruk G,platonov-p-shamruk-g,sofascore
385588,Ionescu E / Zelinka J,ionescu-e-zelinka-j,sofascore
385589,Szocs H / Sipos R,szocs-h-sipos-r,sofascore
385590,Serdaroglu D / Kolodziejczyk M,serdaroglu-d-kolodziejczyk-m,sofascore
385426,Altinkaya S / Toliou A,altinkaya-s-toliou-a,sofascore
385427,Gonderinger T / Barbosa A,gonderinger-t-barbosa-a,sofascore
385428,Fins R / Matos I,fins-r-matos-i,sofascore
385429,Kukulkova T / Labosova E,kukulkova-t-labosova-e,sofascore
385430,Riliskyte K / Riliskyte E,riliskyte-k-riliskyte-e,sofascore
385412,Barbosa A.,barbosa-ariel,sofascore
385515,Habesohn D / Liu Y,habesohn-d-liu-y,sofascore
385516,Moregard T / Jonsson J,moregard-t-jonsson-j,sofascore
385413,Kozul D / Strazar K,kozul-d-strazar-k,sofascore
385414,Kulczycki S / Bajor N,kulczycki-s-bajor-n,sofascore
385415,Peto Z / Lupulesku I,peto-z-lupulesku-i,sofascore
385416,Tauber M / Hursey A,tauber-m-hursey-a,sofascore
385417,Stanojkovski K / Mladenova B,stanojkovski-k-mladenova-b,sofascore
385418,Gardos R / Samara E,gardos-r-samara-e,sofascore
385419,Alexandrov T / Trifonova P,alexandrov-t-trifonova-p,sofascore
385420,Ionescu E / Blaskova Z,ionescu-e-blaskova-z,sofascore
385517,Gauzy S / Pavade P,gauzy-s-pavade-p,sofascore
385421,Reinholds A / Bogdanova B,reinholds-a-bogdanova-b,sofascore
385422,"Zeljko, F / Jeger M.",zeljko-f-jeger-m,sofascore
194781,Rech Daldosso M / Vivarelli D,rech-daldosso-m-vivarelli-d,sofascore
385584,Putuntica A / Levajac D,putuntica-a-levajac-d,sofascore
385638,Lakatos T / Rasmussen T,lakatos-t-rasmussen-t,sofascore
385639,Reinholds A / Vainula V,reinholds-a-vainula-v,sofascore
385640,Khanin A / Rukletsov V,khanin-a-rukletsov-v,sofascore
385641,Zeljko F / Walker S,zeljko-f-walker-s,sofascore
385645,Imre L / Pergel S,imre-l-pergel-s,sofascore
385642,Kisel D / Brateyko S,kisel-d-brateyko-s,sofascore
385644,Tomanovska K / Marchetti N,tomanovska-k-marchetti-n,sofascore
385643,Mynarova K / Blaskova Z,mynarova-k-blaskova-z,sofascore
385647,LIU Y / Mischek K,liu-y-mischek-k,sofascore
385646,Eerland B / Pota G,eerland-b-pota-g,sofascore
385648,HO T-T / Bardsley C,ho-t-t-bardsley-c,sofascore
385650,Chasselin P / Pavade P,chasselin-p-pavade-p,sofascore
385649,Kallberg C / Jonsson J,kallberg-c-jonsson-j,sofascore
385605,Jancarik L / Matelova H,jancarik-l-matelova-h,sofascore
385629,Maslov A.,maslov-anton,sofascore
385763,Terletskiy I.,terletskiy-igor,sofascore
385863,Dakhin V.,dakhin-vladimir,sofascore
386017,Nevmyvaka Y.,nevmyvaka-yurii,sofascore
386163,Ovchinnikov A.,ovchinnikov-aleksandr,sofascore
386233,Burdukovskyi V.,burdukovskyi-viktor,sofascore
386314,Kuzmyn A.,kuzmyn-artem,sofascore
386315,Serhii Chuliukov,chuliukov-serhii,sofascore
386316,Samofal Y.,samofal-yevhen,sofascore
386461,Bambutsa R.,bambutsa-roman,sofascore
386462,Levyn S.,levyn-serhii,sofascore
386615,Mischenko D.,mischenko-dmytro,sofascore
386587,Diachenko M.,diachenko-mykhailo,sofascore
386672,Pronin V.,pronin-vitaly,sofascore
386750,Makhnev T.,makhnev-timur,sofascore
386662,Amirreza Abbasi,abbasi-amirreza,sofascore
386815,Globin S.,globin-sergey,sofascore
386816,Pogonov A.,pogonov-alexander,sofascore
386870,Korotkov A.,korotkov-alexander,sofascore
387087,Kovalenko I.,kovalenko-ihor,sofascore
387059,Krishtal D.,krishtal-dmitriy,sofascore
387088,Kovalchuk O.,kovalchuk-oleksandr-h,sofascore
387169,Glushkov M.,glushkov-maksim,sofascore
387406,Izmailov O.,izmailov-oleg,sofascore
387546,Meliushko A.,meliushko-anantolii,sofascore
387647,Bohach S.,bohach-serhii,sofascore
387602,Vorobina E.,vorobina-evgeniya,sofascore
387705,Chikhichin V.,chikhichin-vladimir,sofascore
387706,Yaremenko S.,yaremenko-stanislav,sofascore
378218,Enkhbat L.,enkhbat-lkhagvasuren,sofascore
378220,Batmunkh B.,batmunkh-bolor-erdene,sofascore
387712,Zaza H.,zaza-hend,sofascore
387716,Krotkov A.,krotkov-alexander-alimovich,sofascore
387955,Chumak A.,chumak-andrey,sofascore
387717,Christmann J.,christmann-jonas,sofascore
388187,Nesterenko K.,nesterenko-kostiantyn,sofascore
388192,Husieva V.,husieva-viktoriia,sofascore
387714,Croatia,croatia,sofascore
387713,Slovenia,slovenia,sofascore
387715,Serbia,serbia,sofascore
76947,Egypt,egypt,sofascore
387878,Hungary,hungary,sofascore
388414,Assar K / Saleh A,assar-k-saleh-a,sofascore
388415,LIU J / Zhang L,liu-j-zhang-l,sofascore
388416,Wang H.,wang-huijing,sofascore
387877,France,france,sofascore
388464,Zhou X.,zhou-xin,sofascore
388463,Kumar N / Zhou X,kumar-n-zhou-x,sofascore
388447,Bosbach L.,bosbach-lukas,sofascore
388583,Sobko I.,sobko-ihor,sofascore
388521,Nazarov A.,nazarov-anton,sofascore
424283,Zech D.,zech-damian,sofascore
388674,Kukharuk M.,kukharuk-maksym,sofascore
388692,Astreev R.,astreev-roman,sofascore
388613,Talalai I.,talalai-igor-serhiiovych,sofascore
388783,Shindel A.,shindel-alexei,sofascore
388826,Rudenko V.,rudenko-vasiliy,sofascore
388978,Khanevskii A.,khanevskii-andrei-vadimovich,sofascore
389070,Konishchuk V.,konishchuk-volodymyr,sofascore
389071,Hainiuk V.,hainiuk-volodymyr,sofascore
389159,Popovychuk Y.,popovychuk-yevhen,sofascore
389472,Mulik O.,mulik-oleg,sofascore
389355,Kuzmenko D.,kuzmenko-dmitry,sofascore
389575,Guman M / Novota S,guman-m-novota-s,sofascore
389576,Balogh B / Lei B,balogh-b-lei-b,sofascore
389573,Huzsvar E / Szantosi D,huzsvar-e-szantosi-d,sofascore
389574,Ismailov S / Tiutriumov A,ismailov-s-tiutriumov-a,sofascore
389577,Kveton O / Koldas T,kveton-o-koldas-t,sofascore
389578,Belik S / Martinko T,belik-s-martinko-t,sofascore
389580,Akula S / Selvakumar S,akula-s-selvakumar-s,sofascore
389579,Kamath A G / Tennison R,kamath-a-g-tennison-r,sofascore
389599,Pavlovic A / Payet D,pavlovic-a-payet-d,sofascore
389558,Vitalii Husiev,husiev-vitalii,sofascore
389724,Pistej L / Zelinka J,pistej-l-zelinka-j,sofascore
389723,Both O / Kishegyi A,both-o-kishegyi-a,sofascore
315168,Andras C / Juhasz P,andras-c-juhasz-p,sofascore
389725,Shetty S / Suravajjula S,shetty-s-suravajjula-s,sofascore
389726,Chandra J / Shah M U,chandra-j-shah-m-u,sofascore
321973,Balogh B.,balogh-bence,sofascore
389729,Todorovic A / Trigolos D,todorovic-a-trigolos-d,sofascore
389727,Winter S / Vega P,winter-s-vega-p,sofascore
389728,Abraamian E / Tailakova M,abraamian-e-tailakova-m,sofascore
389731,Dari H / Fejos A,dari-h-fejos-a,sofascore
389730,Blaskova Z / Tomanovska K,blaskova-z-tomanovska-k,sofascore
389780,Polansky T / Tomanovska K,polansky-t-tomanovska-k,sofascore
385602,Zelinka J / Kukulkova T,zelinka-j-kukulkova-t,sofascore
389884,Kulikov K.,kulikov-kirill,sofascore
389136,Kolomychenko A.,kolomychenko-anastasiya,sofascore
389783,Andras C / Imre L,andras-c-imre-l,sofascore
390047,Ostapenko A.,ostapenko-anastasia-oleksiyivna,sofascore
390307,Novota S / Horvathova S,novota-s-horvathova-s,sofascore
390304,Martinko T / Blaskova Z,martinko-t-blaskova-z,sofascore
390305,Chandra J / Selvakumar S,chandra-j-selvakumar-s,sofascore
390306,Shetty S / Tennison R,shetty-s-tennison-r,sofascore
194692,Platonov P / Baravok K,platonov-p-baravok-k,sofascore
390302,Spanik T / Grigelova N,spanik-t-grigelova-n,sofascore
390303,Glod E / Gonderinger T,glod-e-gonderinger-t,sofascore
314953,HO T-T / Walker S,ho-t-t-walker-s,sofascore
390300,Kaluzny S / Labosova E,kaluzny-s-labosova-e,sofascore
390297,Kishegyi A / Balint B,kishegyi-a-balint-b,sofascore
390298,Limonov A / Brateyko S,limonov-a-brateyko-s,sofascore
390299,Martinko J / Tomanovska K,martinko-j-tomanovska-k,sofascore
390301,Moregard T / Bergstrom L,moregard-t-bergstrom-l,sofascore
390285,Pudov V.,pudov-vasiliy,sofascore
390328,Moregard T / Walker S,moregard-t-walker-s,sofascore
390327,Osiro P / Tschanz C,osiro-p-tschanz-c,sofascore
390324,Andras C / Kishegyi A,andras-c-kishegyi-a,sofascore
390325,Delincak F / Klajber A,delincak-f-klajber-a,sofascore
390326,Picard V / Rembert B,picard-v-rembert-b,sofascore
390323,Bardet L / De Nodrest L,bardet-l-de-nodrest-l,sofascore
390319,Akula S / Selvakumar V,akula-s-selvakumar-v,sofascore
390320,Stepanova G / Mynarova K,stepanova-g-mynarova-k,sofascore
390314,Mikulcova K / Tomanova T,mikulcova-k-tomanova-t,sofascore
390313,Bardsley C / Payet D,bardsley-c-payet-d,sofascore
390315,HO T-T / Tsaptsinos M,ho-t-t-tsaptsinos-m,sofascore
390316,Kallberg C / Muskantor R,kallberg-c-muskantor-r,sofascore
390317,Migot M / Zarif A,migot-m-zarif-a,sofascore
390318,Schreiner F / Vega P,schreiner-f-vega-p,sofascore
390585,Balabei S.,balabey-sergey,sofascore
390601,Butorin O.,butorin-oleg,sofascore
390726,Sarkisov V.,sarkisov-vitaly-gennadievich,sofascore
390724,Finland,finland,sofascore
390725,Norway,norway,sofascore
390738,Italy,italy,sofascore
390739,Faroe Islands,faroe-islands,sofascore
390742,Lithuania,lithuania,sofascore
390743,Ireland,ireland,sofascore
390740,Switzerland,switzerland,sofascore
390741,Estonia,estonia,sofascore
390836,Soine S.,soine-samuli,sofascore
390837,Roenneberg L.,roenneberg-lars,sofascore
390846,Fridason Jensen A.,fridason-jensen-ari,sofascore
390851,Farrell R.,farrell-ryan,sofascore
390847,Ellendersen E.,ellendersen-eydun,sofascore
390848,Lava Laadal H.,lava-laadal-heri,sofascore
390852,Zeimys K.,zeimys-kestutis,sofascore
390853,Gillen A.,gillen-alexander,sofascore
390854,Kacerauskas A.,kacerauskas-agnius,sofascore
390855,Nelson J.,nelson-joseph,sofascore
390716,Greece,greece,sofascore
390717,Bosnia & Herzegovina,bosnia-and-herzegovina,sofascore
390722,Lithuania,lithuania,sofascore
390723,Finland,finland,sofascore
390718,Slovenia,slovenia,sofascore
390719,Faroe Islands,faroe-islands,sofascore
390749,Wales,wales,sofascore
390721,Estonia,estonia,sofascore
390732,Bulgaria,bulgaria,sofascore
390733,Norway,norway,sofascore
390734,Croatia,croatia,sofascore
390735,Ireland,ireland,sofascore
390824,Hanson R.,hanson-reelica,sofascore
390827,Wongwai A.,wongwai-anja,sofascore
390823,Biogradlic D.,biogradlic-dzana,sofascore
390833,Noerr H.,noerr-henrietta,sofascore
390834,Betz R.,betz-ramona-maarit,sofascore
291899,Gnjatic M.,gnjatic-marija,sofascore
390835,Abaraviciute L.,abaraviciute-laura,sofascore
322749,Titievskaja A.,titievskaja-aleksandra,sofascore
390840,Michelsen B.,michelsen-britt,sofascore
390838,Lovric E.,lovric-ema,sofascore
390825,Kelly D.,kelly-danielle,sofascore
390826,Reinol V.,reinol-vitalia,sofascore
390843,O Rahilly E.,o-rahilly-egan-mia,sofascore
390844,Heller C.,heller-claire,sofascore
390845,Thompson E.,thompson-erin,sofascore
390782,Gatsenko D.,gatsenko-dmitriy,sofascore
390746,Israel,israel,sofascore
390747,Bosnia & Herzegovina,bosnia-and-herzegovina,sofascore
390744,San Marino,san-marino,sofascore
411885,Montenegro,montenegro,sofascore
390750,Hungary,hungary,sofascore
390751,Netherlands,netherlands,sofascore
390752,Luxembourg,luxembourg,sofascore
390748,Türkiye,turkey,sofascore
390865,Konjic E.,konjic-edin,sofascore
390864,Castro M.,castro-marc,sofascore
390866,Mihailovic L.,mihailovic-luka,sofascore
390867,Hetherton R.,hetherton-rhys-conor,sofascore
324975,Matkovic L.,matkovic-luka,sofascore
390862,Muccioli D.,muccioli-davide,sofascore
390863,Cubovic B.,cubovic-bojan,sofascore
390856,Strogov S.,strogov-stanislav,sofascore
390883,Van Oost K.,van-oost-kas,sofascore
390920,Evans L.,evans-louie,sofascore
390737,England,england,sofascore
390736,Türkiye,turkey,sofascore
390876,Poulsen M.,poulsen-marin-elisabet,sofascore
390929,Gras T.,gras-tim,sofascore
391138,Malchuk S.,malchuk-stanislav,sofascore
391426,Hrnic K.,hrnic-kenan,sofascore
391405,Cherednychenko A.,cherednychenko-artem,sofascore
391617,Likhachyov D.,likhachyov-dmitriy,sofascore
391622,Lukyanov P.,lukyanov-pavel,sofascore
392158,Tabakov A.,tabakov-anton,sofascore
392324,Ansari M.,ansari-mahammad-ibrahim,sofascore
392325,Moshkov N.,moshkov-nikita,sofascore
392328,Ismoilzoda I.,ismoilzoda-ibrohim,sofascore
392326,Tsyganovskiy M.,tsyganovskiy-mikhail,sofascore
392327,Ahmadzade A.,ahmadzade-adil,sofascore
392331,Akhmetsafin D.,akhmetsafin-damir,sofascore
392332,Mavlyanov A.,mavlyanov-amindzhon,sofascore
392329,Belokon V.,belokon-vyacheslav,sofascore
392330,Khasanov D.,khasanov-dzhamshed,sofascore
392333,Shiopu S.,shiopu-sergey,sofascore
392334,Begunov G.,begunov-gleb,sofascore
392336,Osmonov B.,osmonov-bektemir,sofascore
392335,Ismoilzoda M.,ismoilzoda-mukhamad,sofascore
392346,Nurmatova M.,nurmatova-marziya,sofascore
392347,Samadova M.,samadova-manizha,sofascore
392348,Garayeva N.,garayeva-nazakat,sofascore
392349,Barotova L.,barotova-lola,sofascore
392350,Merenko K.,merenko-kamelia,sofascore
392352,Rustanbekova K.,rustanbekova-keremet,sofascore
392351,Vieru V.,vieru-valeria,sofascore
392323,Babenko O.,babenko-oleksii-dmytrovych,sofascore
392337,Slobodyan A.,slobodyan-andrey,sofascore
392344,Kasymov A.,kasymov-akylbek,sofascore
392343,Bokov M.,bokov-maxim,sofascore
392339,Kasymov A.,kasymov-atay,sofascore
392338,Vasilyan A.,vasilyan-avet,sofascore
392342,Belakon U.,belakon-uladzimir,sofascore
392340,Stepanyan N.,stepanyan-narek,sofascore
392341,Mamedov E.,mamedov-emin,sofascore
392354,Abykeyeva Z.,abykeyeva-zhyldyz,sofascore
392353,Kholikova S.,kholikova-sitora,sofascore
392355,Askerova A.,askerova-aylin,sofascore
392356,Murodi S.,murodi-sabrina,sofascore
392357,Ismailova D.,ismailova-dinara,sofascore
293143,Abdulhamidova L.,abdulhamidova-leman,sofascore
392302,Batyuk D.,batyuk-dmitriy,sofascore
392565,Trofymchuk A.,trofymchuk-artem,sofascore
392566,Kliucuk R.,kliucuk-rostyslav,sofascore
396597,Istrate R.,istrate-roxana,sofascore
392567,Ivanika V.,ivanika-vasily,sofascore
392601,Borisenko B.,borisenko-bogdan,sofascore
392858,Gonzaga N.,gonzaga-nuno,sofascore
392857,Munteanu L.,munteanu-lucian,sofascore
392883,Streblyanskiy S.,streblyanskiy-stanislav,sofascore
182761,Krivosheev V.,krivosheev-viatcheslav,sofascore
393128,Horvat N.,horvat-nikola,sofascore
393197,Kaburkin M.,kaburkin-maksim,sofascore
393196,Kharki I.,kharki-iskender,sofascore
392751,Paniushk A.,paniushk-andri,sofascore
393100,Martinez I.,martinez-iker,sofascore
393193,Belakon V / Rakhimberganov J,belakon-v-rakhimberganov-j,sofascore
393194,Kholikov E / Tyan S,kholikov-e-tyan-s,sofascore
393187,Grover S / Suravajjula S,grover-s-suravajjula-s,sofascore
393188,Kenzhigulov D / Kim T,kenzhigulov-d-kim-t,sofascore
393185,Kunats H / Tsyhanouski M,kunats-h-tsyhanouski-m,sofascore
393186,Kenzhigulov A / Kharki I,kenzhigulov-a-kharki-i,sofascore
393183,Gerassimenko K / Kurmangaliyev A,gerassimenko-k-kurmangaliyev-a,sofascore
393182,Chen A / Platonov P,chen-a-platonov-p,sofascore
393339,Khalikova K / Norkulova M,khalikova-k-norkulova-m,sofascore
393201,Alimbayeva A / Smirnova A,alimbayeva-a-smirnova-a,sofascore
393198,Nath K / Sen P,nath-k-sen-p,sofascore
393340,Lavrova A / Saparova A,lavrova-a-saparova-a,sofascore
393206,Mirkadirova S.,mirkadirova-sarvinoz,sofascore
393220,Kaburkin M / Kotcyur V,kaburkin-m-kotcyur-v,sofascore
393214,Raiter E / Ashkeyeva A,raiter-e-ashkeyeva-a,sofascore
393211,Uktamboev M / Madalieva S,uktamboev-m-madalieva-s,sofascore
393190,Dani M / Pande S,dani-m-pande-s,sofascore
393332,Kotcyur V / Shcherbatykh V,kotcyur-v-shcherbatykh-v,sofascore
393347,Syksa O.,syksa-aleksandr,sofascore
393465,Derit J.,derit-johan,sofascore
393468,Dupont B.,dupont-bastien,sofascore
394036,Meng F / Walther R,meng-f-walther-r,sofascore
394037,Kizukuri Y / Yoshimura K,kizukuri-y-yoshimura-k,sofascore
394040,Chen S-Y / LI Y-J,chen-s-y-li-y-j,sofascore
394041,Farei M / Safaei S,farei-m-safaei-s,sofascore
308019,Tailakova M / Vorobeva O,tailakova-m-vorobeva-o,sofascore
394043,Balazova B / De Nutte S,balazova-b-de-nutte-s,sofascore
394042,Sato H / Shibata S,sato-h-shibata-s,sofascore
394032,Togami S / Hayata H,togami-s-hayata-h,sofascore
394033,Gardos R / Mischek K,gardos-r-mischek-k,sofascore
393957,Didyk O.,didyk-oleg,sofascore
394038,LIM J / Lee S,lim-j-lee-s,sofascore
394039,Nuytinck C / Tokic B,nuytinck-c-tokic-b,sofascore
394044,NG W N / Zhu C,ng-w-n-zhu-c,sofascore
394045,Ando M / Nagasaki M,ando-m-nagasaki-m,sofascore
394156,Shust V.,shust-vasyl,sofascore
394214,Koval S.,koval-sergey,sofascore
446016,Lobanov M.,lobanov-maksim,sofascore
394435,Malnev O.,malnev-oleksii,sofascore
394499,Vinohodov A.,vinohodov-andrey,sofascore
394532,Badai M.,badai-maksym,sofascore
394436,Yaremenko R.,yaremenko-ruslan,sofascore
394429,Yaroshenko A.,yaroshenko-anton,sofascore
394599,Denmark,denmark,sofascore
24833,Russia,russia,sofascore
394603,Czechia,czech-republic,sofascore
394600,Portugal,portugal,sofascore
394601,Sweden,sweden,sofascore
394602,Luxembourg,luxembourg,sofascore
394710,Norkin. Roman,norkin-roman,sofascore
394606,Belarus,belarus,sofascore
394607,Ukraine,ukraine,sofascore
394608,Belgium,belgium,sofascore
394609,Greece,greece,sofascore
394610,Slovakia,slovakia,sofascore
394612,Spain,spain,sofascore
394651,Romania,romania,sofascore
394838,Ciociu T.,ciociu-traian,sofascore
24880,Spain,spain,sofascore
394613,Slovakia,slovakia,sofascore
394614,Italy,italy,sofascore
394615,Belgium,belgium,sofascore
394616,Belarus,belarus,sofascore
394617,Serbia,serbia,sofascore
394618,Czechia,czech-republic,sofascore
394619,Ukraine,ukraine,sofascore
394620,Russia,russia,sofascore
292341,Van Hauwaert J.,van-hauwaert-julie,sofascore
394893,Men S.,men-shuohan,sofascore
394894,De Hoop S.,de-hoop-sanne,sofascore
394842,Kozel V.,kozel-viktor,sofascore
394837,Antonenko A.,antonenko-aleksandr,sofascore
394611,England,england,sofascore
394932,Khosravi S.,khosravi-sam,sofascore
322421,Devos S.,devos-sara,sofascore
394936,Beley M.,beley-mykhailo,sofascore
395069,Kurylenko O.,kurilenko-oleg,sofascore
395286,Shabanov A.,shabanov-alexandr,sofascore
395488,Serhyenko R.,serhyenko-ruslan,sofascore
395650,Peltek V.,peltek-vitalii,sofascore
395987,Mukha Taras,mukha-taras,sofascore
396087,"Griban,vadim",gribanvadim,sofascore
396292,Kozinets N.,kozinets-nikolay,sofascore
292781,Moskaliuk Anastasiia,moskaliuk-anastasiia,sofascore
397470,Bodnaruk E.,bodnaruk-eugenius,sofascore
396682,Club Tenis de Mesa Monte Porreiro,club-tenis-de-mesa-monte-porreiro,sofascore
396672,UTTC Salzburg,uttc-salzburg,sofascore
397785,Csano J.,csano-juraj,sofascore
397739,Radzionava A.,radzionava-anastasiya,sofascore
397740,Mikhaylova O.,mikhaylova-olga,sofascore
397737,Lardinois C.,lardinois-candice,sofascore
397738,Duvivier E.,duvivier-eloise,sofascore
292338,Duvivier E.,duvivier-estelle,sofascore
396676,TT Malonne,tt-malonne,sofascore
396679,BOA Hora FC,boa-hora-fc,sofascore
396678,Reus Ganxets Miro,reus-ganxets-miro,sofascore
396671,USD Apuania Carrara TT,usd-apuania-carrara-tt,sofascore
397826,Shinde S.,shinde-shounak-satyajit,sofascore
397824,Mota J.,mota-joana,sofascore
397821,Dmitrieva A.,dmitrieva-anna,sofascore
397822,Fejos Anna,fejos-anna,sofascore
396680,Hujase Jaén Paraiso Interior,hujase-jaen-paraiso-interior,sofascore
396681,Skst Bratislava,skst-bratislava,sofascore
396677,Covicsa Santa Eularia,covicsa-santa-eularia,sofascore
396673,STK Aquaestil Duga Resa,stk-aquaestil-duga-resa,sofascore
396674,União Sebastianense FC,uniao-sebastianense-fc,sofascore
396675,Budapesti Erdert Sportegyesulet,budapesti-erdert-sportegyesulet,sofascore
398050,Hlodnyi O.,hlodnyi-oleksandr,sofascore
398200,Juhasz P / Majoros B,juhasz-p-majoros-b,sofascore
398201,Abid Y / Sta K,abid-y-sta-k,sofascore
398202,Guisnel O / Lutz C,guisnel-o-lutz-c,sofascore
398203,Schreiner F / Yang X,schreiner-f-yang-x,sofascore
398025,Bespalov N.,bespalov-nikita,sofascore
398338,Piccolin J / Pinto D,piccolin-j-pinto-d,sofascore
398339,Gauthier L / Migot M,gauthier-l-migot-m,sofascore
398340,Diaconu A / Zoghlami M,diaconu-a-zoghlami-m,sofascore
398471,Khanin A / Rukliatsou U,khanin-a-rukliatsou-u,sofascore
240372,Mostafavi L / Zarif A,mostafavi-l-zarif-a,sofascore
398448,Cassin A / Pavade P,cassin-a-pavade-p,sofascore
398449,Wang Y / Balazova B,wang-y-balazova-b,sofascore
398476,Louda J.,louda-yirzhi,sofascore
398482,Brozhik K.,brozhik-karel,sofascore
398475,Zahradnik T.,zahradnik-tomas,sofascore
398483,Protiva L.,protiva-lubos,sofascore
398484,Jan Kanera,kanera-yan,sofascore
398477,Sulc M.,sulc-martin,sofascore
398485,Polovka R.,polovka-roman,sofascore
398486,Hruska Snr V.,hruska-vaclav,sofascore
358717,Zigo R.,zigo-roman,sofascore
398472,Achanta S K / Thakkar M V,achanta-s-k-thakkar-m-v,sofascore
398473,Moret R / Trigolos D,moret-r-trigolos-d,sofascore
398474,Bergand F / Mischek K,bergand-f-mischek-k,sofascore
398533,Abid Y / Zoghlami M,abid-y-zoghlami-m,sofascore
398532,Gardos R / Polcanova S,gardos-r-polcanova-s,sofascore
398478,Silhan J.,silhan-josef,sofascore
398487,Jelinek V.,jelinek-vladimir,sofascore
398861,Devos L / Kosolosky O,devos-l-kosolosky-o,sofascore
398860,Mladenovic L / Thillen E,mladenovic-l-thillen-e,sofascore
398862,Choi D / Olah B,choi-d-olah-b,sofascore
398863,Tschanz C / Ahmadian A,tschanz-c-ahmadian-a,sofascore
322511,Tokic S.,tokic-sara,sofascore
398858,Dillon A.,dillon-adrian,sofascore
398859,Alexis Lebrun,lebrun-alexis,sofascore
399034,Mati T.,mati-taiwo,sofascore
399035,"Zigon, ziga",zigon-ziga,sofascore
399203,Sedova E.,sedova-eliska,sofascore
399204,Ruzickova D.,ruzickova-daniela,sofascore
399207,LIN G / Zhou Q,lin-g-zhou-q,sofascore
340991,Osiro P / Weber L,osiro-p-weber-l,sofascore
399037,Moltara E.,moltara-enya,sofascore
399038,Novak T.,novak-tjasa,sofascore
399036,Goda H.,goda-hana,sofascore
399289,Devos R / Lambiet F,devos-r-lambiet-f,sofascore
399281,Duda B / Mino A,duda-b-mino-a,sofascore
399282,Kenzhigulov A / Levajac D,kenzhigulov-a-levajac-d,sofascore
399290,Godec A / Zigon Z,godec-a-zigon-z,sofascore
399291,Horvat P / Kadis N,horvat-p-kadis-n,sofascore
399292,Dragoman A / Szocs B,dragoman-a-szocs-b,sofascore
399293,Trigolos D / Zhang M,trigolos-d-zhang-m,sofascore
399295,Kamath A G / Batra M,kamath-a-g-batra-m,sofascore
399296,Abraamian E / Chernova D,abraamian-e-chernova-d,sofascore
399294,LIU W / Wang Y,liu-w-wang-y,sofascore
399297,Hrabicova K / Zaderova L,hrabicova-k-zaderova-l,sofascore
399298,Moltara E / Tokic S,moltara-e-tokic-s,sofascore
399299,Paulin L / Strazar K,paulin-l-strazar-k,sofascore
399300,Gauthier L / Zarif A,gauthier-l-zarif-a,sofascore
461153,Kaufmann A / Winter S,kaufmann-a-winter-s,sofascore
399302,Chirita C / Szocs B,chirita-c-szocs-b,sofascore
399303,Liang J / Liu W,liang-j-liu-w,sofascore
399304,Chua J S H / Wong X R,chua-j-s-h-wong-x-r,sofascore
399305,Levajac D / Lupulesku I,levajac-d-lupulesku-i,sofascore
399306,Grebnev M / Noskova Y,grebnev-m-noskova-y,sofascore
399307,Suravajjula S / Selvakumar S,suravajjula-s-selvakumar-s,sofascore
399309,Cvetko T / Paulin L,cvetko-t-paulin-l,sofascore
399310,Chambers D / Yang Q,chambers-d-yang-q,sofascore
399308,Wang Y / Wang C,wang-y-wang-c,sofascore
399311,Hribar P / Tofant A,hribar-p-tofant-a,sofascore
399312,Assar K / Helmy Y,assar-k-helmy-y,sofascore
399393,Wang C / Wang Y,wang-c-wang-y,sofascore
399384,Ponomarenko D.,ponomarenko-dmytro,sofascore
399447,Cabrera R.,cabrera-rafael,sofascore
399446,Hindersson M.,hindersson-mikkel,sofascore
399399,LE Mansec A.,le-mansec-aurore,sofascore
399632,Salzmann J.,salzmann-johanna,sofascore
399705,Mynarova K / Petrovova N,mynarova-k-petrovova-n,sofascore
399706,Monfardini G / Roncallo V,monfardini-g-roncallo-v,sofascore
322520,Kadis N.,kadis-nusa,sofascore
399804,Lebrun A / Lebrun F,lebrun-a-lebrun-f,sofascore
399803,Thillen E / Tschanz C,thillen-e-tschanz-c,sofascore
399805,Levinski M / Picard V,levinski-m-picard-v,sofascore
399806,Shinozuka H / Tanigaki Y,shinozuka-h-tanigaki-y,sofascore
399807,Albalooshi A / Mohammed J,albalooshi-a-mohammed-j,sofascore
399905,Mohammed J.,mohammed-jassem,sofascore
399906,Podobnik M.,podobnik-miha,sofascore
399708,Horvat P.,horvat-polona,sofascore
399821,Gurov A.,gurov-anton-andreevich,sofascore
400104,Walloe S.,walloe-sophie,sofascore
400100,Jeger M / Petek P,jeger-m-petek-p,sofascore
400101,LIU Y / Jee M,liu-y-jee-m,sofascore
400202,Cathcart O / Haug B,cathcart-o-haug-b,sofascore
400203,Chirita C / Movileanu D,chirita-c-movileanu-d,sofascore
400261,Christensen T / Haug B,christensen-t-haug-b,sofascore
400200,Degros N / Devos L,degros-n-devos-l,sofascore
400201,Andras C / Ban I,andras-c-ban-i,sofascore
400211,Girod D / Osiro P,girod-d-osiro-p,sofascore
400212,Camara G / Israeli T,camara-g-israeli-t,sofascore
400209,Gomes G / Limonov A,gomes-g-limonov-a,sofascore
400210,Kolodziejczyk M / Ursu V,kolodziejczyk-m-ursu-v,sofascore
400213,Levajac D / Rukletsov V,levajac-d-rukletsov-v,sofascore
400204,Karabaxhak F / Magalhaes J,karabaxhak-f-magalhaes-j,sofascore
400205,Lillo A / Ruiz F M,lillo-a-ruiz-f-m,sofascore
400208,Klajber A / Zelinka J,klajber-a-zelinka-j,sofascore
400206,Promberger J / Tsyhanouski M,promberger-j-tsyhanouski-m,sofascore
400207,Daish M / Mongiusti M,daish-m-mongiusti-m,sofascore
400216,Bako R / Juhasz P,bako-r-juhasz-p,sofascore
400214,Koldas T / Skala R,koldas-t-skala-r,sofascore
400215,Radovic F / Radulovic F,radovic-f-radulovic-f,sofascore
400218,Dari H / Stepanova G,dari-h-stepanova-g,sofascore
400219,Kisel D / Riliskyte K,kisel-d-riliskyte-k,sofascore
400222,Dymytrenko A / Laurenti J,dymytrenko-a-laurenti-j,sofascore
400223,Muskantor R / Roose A,muskantor-r-roose-a,sofascore
400220,Dyszkiewicz G / Szymczak J,dyszkiewicz-g-szymczak-j,sofascore
400221,Jagnenkova A / Skattet R,jagnenkova-a-skattet-r,sofascore
400217,Kaufmann A / Schreiner F,kaufmann-a-schreiner-f,sofascore
322331,Matos I / Santos P,matos-i-santos-p,sofascore
400224,Dragoman A / Zaharia E,dragoman-a-zaharia-e,sofascore
400230,COK I / Gauthier L,cok-i-gauthier-l,sofascore
400231,Blaskova Z / Plaian T,blaskova-z-plaian-t,sofascore
400228,Hristova K / Opeka L,hristova-k-opeka-l,sofascore
400229,Klee S / Tsutsui Y,klee-s-tsutsui-y,sofascore
400232,Kolish A / Vishniakova O,kolish-a-vishniakova-o,sofascore
400233,Baasan N / Holgersson H,baasan-n-holgersson-h,sofascore
400225,Koszulap N / Musajeva S,koszulap-n-musajeva-s,sofascore
400226,Lutz C / Mostafavi L,lutz-c-mostafavi-l,sofascore
400227,Reinol V / Walloe S,reinol-v-walloe-s,sofascore
400234,Martins R / Terpou E,martins-r-terpou-e,sofascore
400235,Kahraman B N / Ozkaya G P,kahraman-b-n-ozkaya-g-p,sofascore
400103,Jagnenkova A.,jagnenkova-alina,sofascore
400238,Bako R / Stepanova G,bako-r-stepanova-g,sofascore
400239,Zelinka J / Puchovanova N,zelinka-j-puchovanova-n,sofascore
400242,Camara G / Musajeva S,camara-g-musajeva-s,sofascore
400243,Bardet L / Gauthier L,bardet-l-gauthier-l,sofascore
400240,Koldas T / Zaderova L,koldas-t-zaderova-l,sofascore
400241,Daish M / Payet D,daish-m-payet-d,sofascore
400236,Oehme B / Tsutsui Y,oehme-b-tsutsui-y,sofascore
400237,Gomes G / Martins R,gomes-g-martins-r,sofascore
400244,Rukletsov V / Kisel D,rukletsov-v-kisel-d,sofascore
400245,Limonov A / Dymytrenko A,limonov-a-dymytrenko-a,sofascore
400199,Gerassimenko K / Putuntica A,gerassimenko-k-putuntica-a,sofascore
400099,Liu Y.,liu-yangzi,sofascore
400006,Orlov A.,orlov-andrey,sofascore
399998,Kugurushev D.,kugurushev-dmitriy,sofascore
400286,Ban I / Arapovic H,ban-i-arapovic-h,sofascore
400335,Ursu V / Kukulkova T,ursu-v-kukulkova-t,sofascore
400282,Chirita C / Kolish A,chirita-c-kolish-a,sofascore
400334,Devos L / Pavlovic A,devos-l-pavlovic-a,sofascore
400248,Karabaxhak F / Reinol V,karabaxhak-f-reinol-v,sofascore
400256,Andras C / Dari H,andras-c-dari-h,sofascore
400337,Pletea C / Plaian T,pletea-c-plaian-t,sofascore
400252,Grebnev M / Vishniakova O,grebnev-m-vishniakova-o,sofascore
400336,Rassenfosse A / Yilmaz O,rassenfosse-a-yilmaz-o,sofascore
400257,Grela A / Wegrzyn A,grela-a-wegrzyn-a,sofascore
389782,Levajac D / Jokic T,levajac-d-jokic-t,sofascore
400254,Degros N / Harac E,degros-n-harac-e,sofascore
400278,Kolodziejczyk M / Ozkaya G P,kolodziejczyk-m-ozkaya-g-p,sofascore
400339,Meng F / Schreiner F,meng-f-schreiner-f,sofascore
400338,Mutti M / Surjan S,mutti-m-surjan-s,sofascore
400250,Kubik M / Dyszkiewicz G,kubik-m-dyszkiewicz-g,sofascore
400280,Rembert B / Cok I,rembert-b-cok-i,sofascore
400288,Movileanu D / Zaharia E,movileanu-d-zaharia-e,sofascore
400340,Sgouropoulos I / Terpou E,sgouropoulos-i-terpou-e,sofascore
400368,Chua J S H / Goi R X,chua-j-s-h-goi-r-x,sofascore
400196,Lebid D.,lebid-dmytro,sofascore
400360,Meng F / Oehme B,meng-f-oehme-b,sofascore
400361,Jokic T / Surjan S,jokic-t-surjan-s,sofascore
400477,Emec D.,emec-dmitriy,sofascore
401484,Kemen A.,kemen-aleksandr,sofascore
401613,Hazin J / XU J,hazin-j-xu-j,sofascore
401614,Omotayo O / Akpan C,omotayo-o-akpan-c,sofascore
401619,UDA Y / Shibata S,uda-y-shibata-s,sofascore
401615,Abiodun B / Edem O,abiodun-b-edem-o,sofascore
402055,JHA K / Wang M,jha-k-wang-m,sofascore
401616,JHA K / Zhang L,jha-k-zhang-l,sofascore
401617,Kherouf S / Kessaci K,kherouf-s-kessaci-k,sofascore
401618,Achanta S K / Kamath A G,achanta-s-k-kamath-a-g,sofascore
401620,LIN G / Zhang L,lin-g-zhang-l,sofascore
402057,Moroz A.,moroz-andriy,sofascore
400616,Kumar N / Zhang K,kumar-n-zhang-k,sofascore
401605,ALI K / Oba O K,ali-k-oba-o-k,sofascore
141670,Monteiro T / Tsuboi G,monteiro-t-tsuboi-g,sofascore
401606,Abiodun B / Omotayo O,abiodun-b-omotayo-o,sofascore
401610,XU J / Zhang M,xu-j-zhang-m,sofascore
401612,Maharjan E / Shrestha N,maharjan-e-shrestha-n,sofascore
401609,Chasselin P / Yuan J N,chasselin-p-yuan-j-n,sofascore
401608,Chen M / Qian T,chen-m-qian-t,sofascore
401607,Abraamian E / Malinina N,abraamian-e-malinina-n,sofascore
401611,Madarasz D / Pota G,madarasz-d-pota-g,sofascore
402189,Khovkhun A.,khovkhun-artem,sofascore
402314,Lomakin M.,lomakin-maksim,sofascore
402577,Sangishev R.,sangishev-ruslan,sofascore
402514,Yilmaz T.,yilmaz-turgay,sofascore
402744,Petrov M.,petrov-mikhail,sofascore
402834,Burtseva H.,burtseva-halyna,sofascore
402859,Khorolska Y.,khorolska-yuliia,sofascore
402912,Murovskiy B.,murovskiy-boris,sofascore
424468,Dolbilin S.,dolbilin-stepan,sofascore
403021,Lushchyk A.,lushchyk-anastasia,sofascore
403373,Polyakov O.,polyakov-oleg,sofascore
404085,Blinov I.,blinov-igor,sofascore
404386,Dyachenko D.,dyachenko-denis,sofascore
182751,Makarov A.,makarov-alexander,sofascore
404378,Sydorenko Y.,sydorenko-yaroslav,sofascore
404453,Denisov A.,denisov-artem,sofascore
404454,Kalinnikov G.,kalinnikov-gennadiy,sofascore
404434,Romaniuk Y.,romaniuk-yevhen,sofascore
404433,Matus O.,matus-oleg,sofascore
404471,Boev A.,boev-aleksey,sofascore
404487,Urodov D.,urodov-daniil,sofascore
404712,Konashkov I.,konashkov-ilya,sofascore
404713,Shakirov I.,shakirov-ilyas,sofascore
404752,Kharchenko V.,kharchenko-valeriia,sofascore
404827,Gavrilov D.,gavrilov-denis,sofascore
404948,Urodov N.,urodov-nikolay,sofascore
405097,Paliy D.,paliy-dmytro-gryhorovych,sofascore
405120,Yakovenko A.,yakovenko-anton,sofascore
405169,Rakhmanovskii V.,rakhmanovskii-viktor,sofascore
405204,Naumov A.,naumov-aleksei,sofascore
405205,Pavlov R.,pavlov-ruslan,sofascore
405348,Zadior E.,zadior-eduard,sofascore
405350,Smirnov M.,smirnov-mikhail-borisovich,sofascore
405376,Patalakha D.,patalakha-dmytro,sofascore
405471,Zhevna D.,zhevna-denis,sofascore
405644,Douin A.,douin-alexis,sofascore
405774,Smyrnov M.,smyrnov-mykyta,sofascore
405753,Kyianov O.,kyianov-oleksii,sofascore
405967,Patryk Lewandowski,lewandowski-patryk,sofascore
405978,Veloso V.,veloso-vasco,sofascore
405812,Prokhorov A.,prokhorov-andrey,sofascore
406048,Bourrassaud F / Chen D,bourrassaud-f-chen-d,sofascore
406049,Bajor N / Mischek K,bajor-n-mischek-k,sofascore
406050,Malobabic I / Jeger M,malobabic-i-jeger-m,sofascore
406120,Dorr E / Lebrun F,dorr-e-lebrun-f,sofascore
406121,Arapovic H / Trifonova P,arapovic-h-trifonova-p,sofascore
406400,Andras C / Lakatos T,andras-c-lakatos-t,sofascore
406401,De Nodrest L / Robinot A,de-nodrest-l-robinot-a,sofascore
406403,Diaz M / Lupulesku I,diaz-m-lupulesku-i,sofascore
406402,Solja A /robbes J,solja-a-robbes-j,sofascore
406404,Griesel M.,griesel-mia,sofascore
406405,Stortz J.,stortz-jele,sofascore
292512,Lutz Charlotte,lutz-charlotte,sofascore
406406,Robbes J.,robbes-jeanne,sofascore
406297,Puzyrev S.,puzyrev-sergey,sofascore
406298,Popov O.,popov-oleg,sofascore
322979,Arlia N.,arlia-nicole,sofascore
406409,Klajber A / Kukulkova T,klajber-a-kukulkova-t,sofascore
406410,Rossi C / Arlia N,rossi-c-arlia-n,sofascore
406407,Lebrun F / Mostafavi L,lebrun-f-mostafavi-l,sofascore
406408,Lebrun A / Lutz C,lebrun-a-lutz-c,sofascore
406487,Chen A / Mischek K,chen-a-mischek-k,sofascore
406488,Helmy M / Helmy Y,helmy-m-helmy-y,sofascore
406486,Oyebode J / Monfardini G,oyebode-j-monfardini-g,sofascore
406484,Sushchek M.,sushchek-maksym,sofascore
406558,Skachkov K / Grebnev M,skachkov-k-grebnev-m,sofascore
406485,Cherenkova Y.,cherenkova-yana,sofascore
406562,Hlotenko O.,hlotenko-oleksandr,sofascore
406616,Ormanzhy S.,ormanzhy-serhii,sofascore
406675,Ivasiv V.,ivasiv-volodymyr-1993,sofascore
406859,Wenliang XU.,xu-wenliang,sofascore
406868,Kurowski K.,kurowski-kamil,sofascore
407247,Lukacs R.,lukacs-richard,sofascore
407157,Horokh R.,horokh-roman,sofascore
407156,Nevmyvaka V.,nevmyvaka-volodymyr,sofascore
407237,Roman Zelenskii,zelenskii-roman,sofascore
407255,Filiakov S.,filiakov-sergei,sofascore
407264,Yatsenko M.,yatsenko-mykyta,sofascore
407459,Dumikian A.,dumikian-artem,sofascore
407474,Ermolaev A.,ermolaev-andrei,sofascore
407532,Khoroshun M.,khoroshun-mykyta,sofascore
407693,Chmikhalenko A.,chmikhalenko-alexander,sofascore
408031,Zhnykin I.,zhnykin-ivan,sofascore
408131,Pokolodna Y.,pokolodna-yulija,sofascore
408229,Izumo T.,izumo-takuto,sofascore
408230,Sha M.,sha-manush,sofascore
408513,Minchenko S.,minchenko-sergey,sofascore
408655,Salpin A.,salpin-anais,sofascore
408656,Samson L.,samson-li,sofascore
408675,Gawlas M.,gawlas-michal,sofascore
408735,Petrushin I.,petrushin-igor,sofascore
408744,Nedbailo O.,nedbailo-oleksandr,sofascore
408961,Lipeiko O.,lipeiko-oleksandr,sofascore
409042,Kovalova M.,kovalova-milana,sofascore
409280,Ali O.,ali-omar,sofascore
409281,Shams N.,shams-navid,sofascore
409282,Basak A.,basak-anannya,sofascore
409283,Yehia A.,yehia-alaa,sofascore
409285,Tiffany KE.,ke-tiffany,sofascore
409284,Ghorpade Y.,ghorpade-yashaswini-deepak,sofascore
409443,Ionescu E / Movileanu D,ionescu-e-movileanu-d,sofascore
409444,Chuang C-Y / Peng W-W,chuang-c-y-peng-w-w,sofascore
409445,LIN S / Xiang P,lin-s-xiang-p,sofascore
409446,AL Jassasi B / Reyemi A S,al-jassasi-b-reyemi-a-s,sofascore
409447,Imre L / Nagyvaradi M,imre-l-nagyvaradi-m,sofascore
409448,Kuai M / Zhang R,kuai-m-zhang-r,sofascore
409449,Schreiner F / Zhang S-X,schreiner-f-zhang-s-x,sofascore
409509,Huang Y-C / Liao C-T,huang-y-c-liao-c-t,sofascore
425297,de Nodrest L / Picard V,de-nodrest-l-picard-v,sofascore
452692,Cifuentes H / Lakatos T,cifuentes-h-lakatos-t,sofascore
420133,Jarvis T / Walker S,jarvis-t-walker-s,sofascore
409510,LI H-Y / Cheng I-C,li-h-y-cheng-i-c,sofascore
409751,Wang C / Chen X,wang-c-chen-x,sofascore
452691,Liang J / Kuai M,liang-j-kuai-m,sofascore
409577,Ecseki N / Imre L,ecseki-n-imre-l,sofascore
452934,Liu H-Y / Huang Y-H,liu-h-y-huang-y-h,sofascore
409576,Lin Shidong,lin-shidong,sofascore
409540,Gushchin S.,gushchin-sergey,sofascore
409728,Jung D.,jung-de-hong,sofascore
409729,Tadashi Ishikawa R.,tadashi-ishikawa-roberto,sofascore
409726,Chambel Paiva M.,chambel-paiva-manuel-freitas,sofascore
409730,Martins De Brito R.,martins-de-brito-ricardo,sofascore
409727,Procidonio Ruiz R.,procidonio-ruiz-rodrigo,sofascore
409731,Carlesse Martins V.,carlesse-martins-vitor-alexandre,sofascore
409880,Regner M.,regner-michal,sofascore
409831,Dusatko J.,dusatko-jiri,sofascore
409832,Pycha P.,pycha-patrik,sofascore
409837,Kopecky F.,kopecky-filip,sofascore
409835,Kowalik M.,kowalik-martin,sofascore
409836,Regner M.,regner-milan,sofascore
409834,Dvorak M.,dvorak-milan,sofascore
409833,Korp P.,korp-petr-oliver,sofascore
409855,Cerveny T.,cerveny-tomas,sofascore
409856,Duspiva J.,duspiva-jan,sofascore
409857,Mutl D.,mutl-david,sofascore
409858,Zalesky J.,zalesky-jan,sofascore
409859,Nemec M.,nemec-marek,sofascore
409860,Patrik Sturma,sturma-patrik,sofascore
409828,Suzuki C.,suzuki-charley,sofascore
409830,Fernandez Junior A.,fernandez-junior-alejandro,sofascore
409829,Santos I.,santos-italo,sofascore
409838,Huk M.,huk-martin,sofascore
409839,Rose Radek,rose-radek,sofascore
409840,Zahradka M.,zahradka-michal,sofascore
409842,Barbora A.,barbora-adam,sofascore
409843,Knot J.,knot-jan,sofascore
409841,Pikous M.,pikous-marcel,sofascore
409846,Hasmanda R.,hasmanda-rotislav,sofascore
409847,Grill J.,grill-josef,sofascore
409844,Postelt V.,postelt-vladimr,sofascore
409845,Pozarsky J.,pozarsky-jiri,sofascore
409849,Tuma D.,tuma-daniel,sofascore
409850,Kolenic T.,kolenic-tibor,sofascore
409852,Novak K.,novak-kamil,sofascore
409853,Brozek M.,brozek-miroslav,sofascore
409854,Polreich T.,polreich-tomas,sofascore
409909,Andrle T.,andrle-tomas,sofascore
409910,Kasinski Z.,kasinski-zdenek,sofascore
409911,Strnad J.,strnad-jaroslav,sofascore
409912,Klimenta M.,klimenta-miroslav,sofascore
409913,Hyrsl J.,hyrsl-jiri,sofascore
409914,Smesny M.,smesny-milan,sofascore
409915,Vtelensky L.,vtelensky-ludek,sofascore
409916,Babicka L.,babicka-lukas,sofascore
398480,Jindrak L.,jindrak-lukas,sofascore
409934,Postelt T.,postelt-tomas,sofascore
409917,Macela P.,macela-petr,sofascore
409918,Skokan V.,skokan-viktor,sofascore
409919,Klimenta M.,klimenta-matous,sofascore
409884,Nemec M.,nemec-michal,sofascore
377857,Korenek F.,korenek-frantisek,sofascore
409861,Ruzicka J.,ruzicka-josef,sofascore
409862,Danicek A.,danicek-adam,sofascore
409863,Rulc L.,rulc-lukas,sofascore
409864,Vitek M.,vitek-milan,sofascore
409865,Bruk M.,bruk-martin,sofascore
409866,Stoces L.,stoces-ludek,sofascore
409935,Simecek Jnr J.,simecek-jan,sofascore
409936,Rejent S.,rejent-stepan,sofascore
409937,Krames Snr J.,krames-sr-jan,sofascore
409938,Horak D.,horak-dominik,sofascore
406772,Herink J.,herink-jan,sofascore
410006,Alcayde G.,alcayde-guillaume,sofascore
410007,Moland L.,moland-lucas,sofascore
410008,Hiruta R.,hiruta-ryu,sofascore
410048,Wong A.,wong-andy,sofascore
409924,Medek J.,medek-josef,sofascore
409925,Zajicek J.,zajicek-jan,sofascore
409928,Boruvka L.,boruvka-lukas,sofascore
409929,Boruvka J.,boruvka-jakub,sofascore
409960,Batthyany T.,batthyany-tibor,sofascore
424538,Pavelka R.,pavelka-radim,sofascore
409968,Prokupek J.,prokupek-jaroslav,sofascore
410014,Kolar M.,kolar-milan,sofascore
410012,Klement M.,klement-milan,sofascore
410013,Hofman D.,hofman-denis,sofascore
410016,Ruzicka J.,ruzicka-jiri,sofascore
410017,Cerny J.,cerny-jaroslav,sofascore
410015,Smrcek M.,smrcek-milan,sofascore
424242,Jablonovsky J.,jablonovsky-jan,sofascore
409939,Barsa T.,barsa-tomas,sofascore
409940,Tuma L.,ladislav-tuma,sofascore
409941,Stehlik M.,stehlik-martin,sofascore
409961,Malecek O.,malecek-ondrej,sofascore
409962,Sykora J.,sykora-josef,sofascore
445964,Fiklik O.,fiklik-ondrej,sofascore
409969,Adamec L.,adamec-lukas,sofascore
410030,Marasek D.,marasek-dominik,sofascore
410031,Taranko M.,taranko-mikhail,sofascore
410034,Kanka T.,kanka-tomas,sofascore
410032,Stejskal T.,stejskal-tomas,sofascore
410033,Abraham P.,abraham-petr,sofascore
410035,Luder J.,luder-jan,sofascore
410036,Hajek Miroslav,hajek-miroslav,sofascore
410037,Coubal V.,coubal-vaclav,sofascore
410039,Hejda Jr V.,hejda-jr-vaclav,sofascore
410040,Konvalinka O.,konvalinka-ondrej,sofascore
410038,Hrncal M.,hrncal-miroslav,sofascore
410041,Vesely F.,vesely-filip,sofascore
410042,Brandtl A.,brandtl-ales,sofascore
410059,Vojtech Koubek,koubek-vojtech,sofascore
410233,Ser L.,ser-lin-qian,sofascore
410019,Sulava L.,sulava-lubor,sofascore
410020,Sprynar P.,sprynar-pavel,sofascore
410021,Hauer M.,hauer-marek,sofascore
410022,Jirous Z.,jirous-zbynek,sofascore
410023,Hruska V.,hruska-vaclav-jr,sofascore
410049,Medlik Z.,medlik-zdenek,sofascore
410058,Svec J.,svec-jiri,sofascore
410057,Kucirek O.,kucirek-ondrej,sofascore
410129,Paszkiewicz W.,paszkiewicz-wieslav,sofascore
410130,Kubat M.,kubat-martin,sofascore
410131,Jenicek J.,jenicek-jakub,sofascore
410262,Pecka V.,pecka-vlastimil,sofascore
410132,Havlicek V.,havlicek-vladimir,sofascore
410133,Svedik M.,svedik-miroslav,sofascore
410134,Batog T.,batog-tomek,sofascore
410011,Aleshkin A.,aleshkin-anton,sofascore
410191,Zanev V.,zanev-valerii,sofascore
410044,Pfleger M.,pfleger-michal,sofascore
410045,Provaznik P.,provaznik-petr,sofascore
410046,Hak Z.,hak-zdenek,sofascore
410047,Dolezal M.,dolezal-martin,sofascore
410050,Bouska M.,bouska-martin,sofascore
410210,Hejda Sr V.,hejda-sr-vaclav,sofascore
410183,Jaros A.,antonin-jaros,sofascore
410184,Svoboda V.,svoboda-vladimir,sofascore
410185,Kolar V.,kolar-vlastimil,sofascore
410186,Kocvara M.,kocvara-martin,sofascore
410271,Santos A.,santos-alan,sofascore
410272,Vieira T.,vieira-thiago,sofascore
410135,Cinibulk M.,cinibulk-miroslav,sofascore
398514,Zeman L.,zeman-lukas,sofascore
410136,Vojtech J.,vojtech-jiri,sofascore
410137,Leopold M.,leopold-mikulas,sofascore
410138,Sucharda J.,sucharda-jan,sofascore
410298,Just F.,just-frantisek,sofascore
410299,Belovsky J.,belovsky-josef,sofascore
410261,Benes D.,benes-denis,sofascore
410187,Dufek J.,dufek-jakub,sofascore
410188,Brozek M.,brozek-michal,sofascore
410189,Stepanek P.,stepanek-pavel,sofascore
410190,Silhan P.,silhan-petr,sofascore
410294,Marat F.,marat-filip,sofascore
410292,Puk J.,puk-jaroslav,sofascore
410293,Lomsky G.,lomsky-gustav,sofascore
410295,Akopyan A.,akopyan-artur,sofascore
410296,Cerny J.,cerny-jiri,sofascore
410273,Motta S.,motta-sandro,sofascore
410274,Cruz M.,cruz-marco,sofascore
410275,Danilo W.,danilo-wagner,sofascore
410300,Jezek M.,jezek-michal,sofascore
410290,Prosa T.,prosa-tomas,sofascore
410289,Bradach P.,bradach-petr,sofascore
410353,Kulhanek P.,kulhanek-pavel,sofascore
410354,Varcl J.,varcl-jan-jr,sofascore
410310,Beran T.,beran-tomas,sofascore
410311,Beran M.,beran-matej,sofascore
410312,Tuma P.,tuma-pavel,sofascore
410313,Marat P.,marat-petr,sofascore
410301,Mirovsky O.,mirovsky-ondrej,sofascore
410309,Mach J.,mach-jakub,sofascore
410357,Jirousek P.,jirousek-pavel,sofascore
410358,Botka J.,botka-jan,sofascore
410378,Kulveit J.,kulveit-jonas,sofascore
410360,Pasek D.,pasek-dominik,sofascore
410359,Cermak J.,cermak-jiri,sofascore
410361,Dvorak M.,dvorak-martin,sofascore
410362,Zaplatilek C.,zaplatilek-ctibor,sofascore
410363,Fiser P.,fiser-petr,sofascore
410380,Quek I.,quek-izaac,sofascore
410351,Obeslo Jr J.,obeslo-jr-josef,sofascore
410350,Fabini M.,fabini-marek,sofascore
410352,Gireth P.,gireth-pavel,sofascore
410437,Plachy J.,plachy-jiri,sofascore
410438,Sudek P.,sudek-petr,sofascore
410439,Lazar J.,lazar-julius,sofascore
410440,Madle L.,madle-ludek,sofascore
410374,Moravec P.,moravec-petr,sofascore
410375,Novak L.,novak-libor,sofascore
410364,Brichacek D.,brichacek-david,sofascore
410365,Macek Z.,macek-zdenek,sofascore
410366,Antos P.,antos-petr,sofascore
410367,Semrad P.,semrad-petr,sofascore
410441,Rovner A.,rovner-antonin,sofascore
410443,Prochazka A.,prochazka-adam,sofascore
410442,Zacek V.,zacek-vaclav,sofascore
410043,Koutnik V.,koutnik-vojtech,sofascore
410407,Tomioka D.,tomioka-douglas,sofascore
410408,Silva J.,silva-jonas,sofascore
410444,Parzhizek M.,parzhizek-martin,sofascore
410291,Bilek Z.,bilek-zdenek,sofascore
410495,Hanus J.,hanus-jiri,sofascore
410496,Kubat V.,kubat-vladimir,sofascore
410497,Krsek L.,krsek-ladislav,sofascore
410500,Havazik O.,havazik-ondrej,sofascore
410506,Santos F.,santos-fernando,sofascore
410499,Urban M.,urban-milan,sofascore
410527,Barta M.,barta-miroslav,sofascore
410480,Jadczyk M.,jadczyk-marcin,sofascore
410481,Strus P.,strus-piotr,sofascore
410484,Maslowski J.,maslowski-jakub,sofascore
410485,Prashant J.,prashant-jha,sofascore
410486,Klamut J.,klamut-jaroslaw,sofascore
410487,Kowol M.,kowol-marek,sofascore
410488,Marcin Balcerzak,balcerzak-marcin,sofascore
410489,Skop S.,skop-szymon,sofascore
410490,Wrobel D.,wrobel-dariusz,sofascore
410491,Cioch B.,cioch-blazej,sofascore
410492,Piotrowski P.,piotrowski-pawel,sofascore
410530,Stecyszyn J.,stecyszyn-jakub,sofascore
410531,Spychala A.,spychala-adrian,sofascore
410532,Werner J.,werner-jakub,sofascore
410501,Dlask M.,dlask-marek,sofascore
410528,Berger J.,berger-jan,sofascore
410609,Varcl J.Snr,varcl-jsnr,sofascore
410610,Abraham M.,abraham-miroslav,sofascore
410611,Placek M.,placek-marek,sofascore
410612,Vladimir Cermak,cermak-vladimir,sofascore
410571,Chlumsky P.,chlumsky-petr,sofascore
358706,Hendrych J.,hendrych-jan,sofascore
410533,Przybylik M.,przybylik-milosz,sofascore
410534,Dudzicz A.,dudzicz-adam,sofascore
410535,Czerwinski B.,czerwinski-bartosz,sofascore
410573,Bak S.,bak-sebastian,sofascore
410574,Selerski M.,selerski-mateusz,sofascore
410575,Selerski D.,selerski-damian,sofascore
410576,Kaczor J.,kaczor-jan,sofascore
410577,Urbanski T.,urbanski-tomasz,sofascore
410597,Twardowski S.,twardowski-szymon,sofascore
410598,Glanowski J.,glanowski-jakub,sofascore
410614,Kratochvil C.,kratochvil-christian,sofascore
410615,Picha D.,picha-david,sofascore
410616,Ako D.,ako-david,sofascore
410613,Pastorek O.,pastorek-ondrej,sofascore
410624,Novotny P.,novotny-petr,sofascore
410625,Marsik R.,marsik-richard,sofascore
410791,Kotrbaty P.,kotrbaty-petr,sofascore
410603,Chybinski M.,chybinski-marek,sofascore
410599,Kasperski A.,kasperski-adam,sofascore
410600,Lewczuk M.,lewczuk-miroslaw,sofascore
410601,Drzyzga A.,drzyzga-adam,sofascore
410602,Siudek T.,siudek-tomasz,sofascore
410638,Chojnacki J.,chojnacki-jakub,sofascore
410639,Biatek A.,biatek-artur,sofascore
410640,Repke M.,repke-mateusz,sofascore
410617,Hondlik J.,hondlik-josef,sofascore
410618,Liptak M.,liptak-milan,sofascore
410782,Hrstka T.,hrstka-tomas,sofascore
410783,Papirnik P.,papirnik-pavel,sofascore
410784,Blazek J.,blazek-jan,sofascore
410605,Vieira Junior L.,vieira-junior-luciano-martins,sofascore
410604,Tavares Junior J.,tavares-junior-jose-geneci,sofascore
410708,Bukovec Radek,bukovec-radek,sofascore
410827,Lepka M.,lepka-martin,sofascore
410828,Mayer L.,mayer-lukas,sofascore
410854,Miroslav Sochor,sochor-miroslav,sofascore
410855,Ullman M.,ullman-miloslav,sofascore
410805,Perek J.,perek-jakub,sofascore
410902,Cubova J.,cubova-jana,sofascore
410903,Cermakova A.,cermakova-anna,sofascore
410904,Kohlmannova A.,kohlmannova-aneta,sofascore
410905,Dvorakova L.,dvorakova-lucie,sofascore
410793,DA Silva J.,da-silva-jonas,sofascore
410792,De Toledo E.,de-toledo-evandro,sofascore
410853,Vanek J.,vanek-jaroslav,sofascore
410907,Svoboda J.,svoboda-jan,sofascore
410912,Fausek M.,fausek-matej,sofascore
410913,Liska T.,liska-tomas,sofascore
410806,Makajew M.,makajew-maciej,sofascore
410807,Sitisak N.,sitisak-nuchchart,sofascore
410901,Dlouhy J.,dlouhy-jiri,sofascore
410908,Hoskova D.,hoskova-denisa,sofascore
410909,Vyvadilova J.,vyvadilova-jitka,sofascore
410910,Sobkova M.,sobkova-martina,sofascore
410911,Zykova P.,zykova-petra,sofascore
410952,Cheng I-C / LI Y-J,cheng-i-c-li-y-j,sofascore
410794,Pinto L.,pinto-luciano,sofascore
410899,Bittner M.,bittner-martin,sofascore
410914,Prusa M.,prusa-martin,sofascore
410872,Felkel G.,felkel-grzegorz,sofascore
410873,Kalinowski M.,kalinowski-mateusz,sofascore
410874,Mugowski A.,mugowski-arkadiusz,sofascore
410940,Simunek O.,simunek-ondrej,sofascore
410941,Rissky P.,rissky-pavel,sofascore
410942,Kosak V.,kosak-vojtech,sofascore
410949,Abdulwahhab A / Alyafei K,abdulwahhab-a-alyafei-k,sofascore
410950,Ahmadian A / Hodaei A H,ahmadian-a-hodaei-a-h,sofascore
410951,Dyjas J / Kulczycki S,dyjas-j-kulczycki-s,sofascore
410958,Alyafei K.,alyafei-khalid,sofascore
410959,Alawlaqi A.,alawlaqi-ahmed,sofascore
410960,Saadawi A.,saadawi-ahmed,sofascore
410961,Abdulwahhab A.,abdulwahhab-abdullah,sofascore
410954,Khetkhuan T / Sawettabut J,khetkhuan-t-sawettabut-j,sofascore
410955,Blaskova Z / Moret R,blaskova-z-moret-r,sofascore
410953,Chen S-Y / Huang Y-H,chen-s-y-huang-y-h,sofascore
410956,Zhu S.,zhu-sibing,sofascore
410957,Qin Y.,qin-yuxuan,sofascore
410939,Havrda C.,havrda-cesta,sofascore
410962,Slavik R.,slavik-radek,sofascore
410989,Bartusik M.,bartusik-marek,sofascore
410943,Lukes T.,lukes-tomas,sofascore
411024,BEH K T / Chew Z Y C,beh-k-t-chew-z-y-c,sofascore
411025,Jancarik L / Martinko J,jancarik-l-martinko-j,sofascore
411001,Lapka M.,lapka-miroslav,sofascore
410993,Mecl J.,mecl-jan,sofascore
410991,Daniel A.,daniel-artur,sofascore
411002,Michal Malachowski,malachowski-michal,sofascore
411077,AN J / Choi H,an-j-choi-h,sofascore
281280,Rouintanesfahani M.,rouintanesfahani-mohammad,sofascore
411081,Oroszki V.,oroszki-viktor,sofascore
411082,Bogadi I.,bogadi-imre,sofascore
411083,Sabjan G.,sabjan-gergely,sofascore
411084,Szabo Z.,szabo-zsolt,sofascore
411085,Vitsek I.,vitsek-ivan,sofascore
411086,Molnar G.,molnar-gergely,sofascore
411087,Daru Z.,daru-zsolt,sofascore
411078,Lung D.,lung-daniel,sofascore
411080,Mazhar Y.,mazhar-yousefi,sofascore
411050,Matkowski J.,matkowski-jakub,sofascore
411074,Allegro M / Rassenfosse A,allegro-m-rassenfosse-a,sofascore
411151,Hasil T.,hasil-tomas,sofascore
398513,Ricar R.,ricar-rudolf,sofascore
411152,Pycha M.,pycha-matej,sofascore
411153,Reczai J.,reczai-jiri,sofascore
411254,Marel D.,marel-david,sofascore
411182,Fekete S.,fekete-soma,sofascore
411262,Toth E.,toth-edith,sofascore
411263,Juhasz M.,juhasz-mariann,sofascore
411261,Haraszti N.,haraszti-nora,sofascore
411051,Zaluski J.,zaluski-jakub,sofascore
411052,Plociennik M.,plociennik-marek,sofascore
411127,Korycki M.,korycki-michal,sofascore
411088,Hala P.,hala-pavel,sofascore
411170,Sejvl J.,sejvl-jakub,sofascore
410994,Harimoto Miwa,harimoto-miwa,sofascore
411102,Teixeira J.,teixeira-jose-camilo,sofascore
410409,Silva J.,silva-jefferson,sofascore
411156,Sedlak M.,sedlak-marek,sofascore
411393,Katona G.,katona-gergely,sofascore
411395,Bedo N.,bedo-norbert,sofascore
411396,Sebestyen P.,sebestyen-peter,sofascore
411397,Kovacs G.,kovacs-gabor,sofascore
411398,Bak I.,bak-imre,sofascore
411394,Palffy J.,palffy-janos-jakab,sofascore
411168,Piszczatowski P.,piszczatowski-pawel,sofascore
411482,Zatrepalkova L.,zatrepalkova-lenka,sofascore
411483,Skrickova I.,skrickova-ivana,sofascore
411460,Cruz A.,cruz-andre,sofascore
411420,Jakubsky F.,jakubsky-filip,sofascore
411421,Husek A.,husek-adam,sofascore
411500,Fazekas P.,fazekas-peter,sofascore
411501,Kaiser J.,kaiser-janos,sofascore
411419,Wasylkowski N.,wasylkowski-nestor,sofascore
411478,Skorski M.,skorski-michal,sofascore
411479,Nowak J.,nowak-jakub,sofascore
411529,Both L.,both-levente,sofascore
411480,Gwizdon O.,gwizdon-oliwier,sofascore
411533,Braun J.,braun-josef,sofascore
411459,Orlov O.,orlov-oleg,sofascore
411499,Steiner F.,steiner-frantisek,sofascore
411534,Janda J.,janda-jaromir,sofascore
411075,Alawlaqi A / Almughanne F,alawlaqi-a-almughanne-f,sofascore
411596,Olah B / Zhmudenko Y,olah-b-zhmudenko-y,sofascore
410385,SER L Q / Zhou J,ser-l-q-zhou-j,sofascore
411597,Zong G.,zong-geman,sofascore
411598,Huang Y.,huang-yu-jie,sofascore
411558,Zahradka Z.,zahradka-zdenek,sofascore
411559,Kasik M.,kasik-martin,sofascore
410875,Marciniak S.,marciniak-szymon,sofascore
411565,Jarkowski M.,jarkowski-marcin,sofascore
411595,Korzec P.,korzec-przemyslaw,sofascore
411581,Sorokin M.,sorokin-maksim,sofascore
411606,Bauer M.,bauer-miroslav,sofascore
411607,Hnilica V.,hnilica-vladimir,sofascore
411632,Polcarova A.,polcarova-anezka,sofascore
411633,Viktorinova M.,viktorinova-michaela,sofascore
411634,Placha L.,placha-liliana,sofascore
411637,Andras C / Majoros B,andras-c-majoros-b,sofascore
411564,Vianna E.,vianna-everton,sofascore
411608,Cizek M.,cizek-marek,sofascore
411609,Cuba M.,cuba-milan,sofascore
411699,Zambokrethyova M.,zambokrethyova-milena,sofascore
411700,Helisova K.,helisova-katerina,sofascore
411639,Habesohn D / Polcanova S,habesohn-d-polcanova-s,sofascore
411717,Jicha D.,jicha-david,sofascore
411149,Klapa V.,klapa-vladislav,sofascore
411644,Swierczek D.,swierczek-damian,sofascore
411645,Gluszek W.,gluszek-wojciech,sofascore
411646,Przybyl M.,przybyl-mateusz,sofascore
411631,Petran Z.,petran-zdenek,sofascore
411641,Provaznik L.,provaznik-lukas,sofascore
411697,Krasl L.,cir-libor,sofascore
411698,Stacho L.,stacho-libor,sofascore
411638,Joo C.,joo-cheonhui,sofascore
411694,Janousek M.,janousek-milan,sofascore
411710,Vrabec J.,vrabec-jakub,sofascore
411695,Machalek T.,machalek-tomas,sofascore
411779,Mihalovic D.,mihalovic-dominik,sofascore
411780,Bognar B.,bognar-bence,sofascore
411693,Szeliga A.,szeliga-adrian,sofascore
411778,Pasek A.,pasek-adam,sofascore
411781,Pavelka J.,pavelka-josef,sofascore
411794,Vyskocil Z.,vyskocil-zbynek,sofascore
411879,Lushchyk A.,lushchyk-andrii,sofascore
411741,Lis D.,lis-damian,sofascore
411744,Fira D.,fira-damian,sofascore
411782,Drabek M.,drabek-martin,sofascore
411899,Zydel J.,zydel-jan,sofascore
411931,Kant K.,kant-kristjan,sofascore
411932,Hiiemae A.,hiiemae-andrus,sofascore
411933,Rakel D.,rakel-dmitri,sofascore
424329,Kurvet M.,kurvet-mart,sofascore
411912,Moricz M.,moricz-mate,sofascore
411913,Rutkowski M.,rutkowski-mateusz,sofascore
412032,Mifsud R.,mifsud-rachel-lara,sofascore
412033,Smirnova M.,smirnova-margarita,sofascore
412045,Hashani S.,hashani-shega,sofascore
412046,Mehmeti A.,mehmeti-alma,sofascore
412047,Itzhaki S.,itzhaki-sinai,sofascore
412050,Perovic S.,perovic-simona,sofascore
412048,Zeqiri L.,zeqiri-linda,sofascore
412049,Davidov E.,davidov-elinor,sofascore
411882,Malta,malta,sofascore
411883,Switzerland,switzerland,sofascore
411884,Latvia,latvia,sofascore
411886,Kosovo,kosovo,sofascore
411887,Israel,israel,sofascore
411938,Faria Junior H.,faria-junior-helder,sofascore
411925,Varnuska T.,varnuska-tomas,sofascore
411924,Cmunt M.,cmunt-martin,sofascore
411935,Unt M.,unt-mihkel,sofascore
411936,Salla A.,salla-allan,sofascore
411937,Poder K.,poder-kuido,sofascore
412024,Libene T.,libene-toomas,sofascore
412025,Danilov S.,danilov-sergei,sofascore
412010,Engelmann Z.,engelmann-zsolt,sofascore
411914,Podsiadlo M.,podsiadlo-maciej,sofascore
411929,Chalupa J.,chalupa-josef,sofascore
412023,Melnyk V.,melnyk-valerii,sofascore
412031,Cutajar A.,cutajar-anthea,sofascore
412030,Donner M.,donner-marina,sofascore
412052,Plaistow R.,plaistow-rebecca,sofascore
412053,Elliott L.,elliott-lucy,sofascore
412054,Leggett F.,leggett-faye,sofascore
412055,Tullii N.,tullii-nina,sofascore
411889,Scotland,scotland,sofascore
411888,Cyprus,cyprus,sofascore
412018,Iqueuti G.,iqueuti-geraldo,sofascore
412017,Monteiro F.,monteiro-felipe,sofascore
412019,Rezende R.,rezende-renato,sofascore
412020,Azuma N.,azuma-nelson,sofascore
412012,Nesnera J.,nesnera-jiri,sofascore
412069,Briska J.,briska-jan,sofascore
412026,Janciga R.,janciga-roman,sofascore
412075,Heinar F.,heinar-felix-mitt,sofascore
412076,Toivo U.,toivo-uustalo,sofascore
412077,Kruusement H.,kruusement-heino,sofascore
412078,Kant J.,kant-johannes,sofascore
412087,Aksjonov N.,aksjonov-nikita,sofascore
412088,Magi H.,magi-heiki,sofascore
412089,Tamashauskas E.,tamashauskas-edvinas,sofascore
412090,Trofimov E.,trofimov-erik,sofascore
412011,Kapik K.,kapik-krzysztof,sofascore
412015,Dziuba P.,dziuba-patryk,sofascore
412016,Chlodnicki P.,chlodnicki-piotr,sofascore
412129,Culafic D.,culafic-dragana,sofascore
412021,Martins J.,martins-jose,sofascore
412022,Lacerda D.,lacerda-daniel,sofascore
410410,Silva J.,silva-jocimar,sofascore
424243,Tonar L.,tonar-lukas,sofascore
412079,Luuk M.,luuk-mart,sofascore
412080,Dusek Z.,dusek-zdenek,sofascore
412155,Hiisku A.,hiisku-artjom,sofascore
412156,Viigimets P.,viigimets-peetr,sofascore
412157,Shaforost M.,shaforost-maksim,sofascore
412158,Einer R.,einer-raimond,sofascore
412073,Zabinski M.,zabinski-marcin,sofascore
412074,Mikula D.,mikula-dawid,sofascore
412215,Kouble D.,kouble-daniel,sofascore
412159,Jakovlev V.,jakovlev-vassili,sofascore
412228,Vilhelm P.,vilhelm-pavel,sofascore
412229,Maltizov G.,maltizov-grigori,sofascore
412230,Taaber S.,taaber-sander,sofascore
412194,Nagy B.,nagy-bence,sofascore
412195,Ragni L.,ragni-lorenzo,sofascore
412160,Burkacki M.,burkacki-mateusz,sofascore
412162,Kaszuba M.,kaszuba-mateusz,sofascore
412163,Jendrysik D.,jendrysik-dawid,sofascore
412187,Witkowski A.,witkowski-antoni,sofascore
412217,Plyska O.,plyska-oleh,sofascore
412218,Bencs L.,bencs-ladislav,sofascore
412216,Vavra M.,vavra-michal,sofascore
412231,Dusan V.,dusan-vojtech,sofascore
412350,Accorsi C.,accorsi-carlo,sofascore
412351,Kaukula K.,kaukula-kristo,sofascore
412352,Konsa N.,konsa-nikita,sofascore
412280,Vajda V.,vajda-viktor,sofascore
412192,Staniszewski P.,staniszewski-piotr,sofascore
412278,Gusev A.,gusev-aleksandr,sofascore
412279,Pustoselov V.,pustoselov-vladimir,sofascore
412219,Slapnicka J.,slapnicka-jakub,sofascore
412348,Kraml K.,kraml-karel,sofascore
412349,Sabuka D.,sabuka-david,sofascore
411930,Tomsova K.,tomsova-katerina,sofascore
412291,Domingues De Andrade R.,domingues-de-andrade-roberto,sofascore
412347,Libal J.,libal-jaromir,sofascore
412356,Reinsalu K.,reinsalu-keit,sofascore
412357,Hallmagi G.,hallmagi-gerrit,sofascore
412358,Karasek V.,karasek-vit,sofascore
412444,Rybachok V.,rybachok-vladyslav,sofascore
412445,Talumets T.,talumets-toomas,sofascore
412421,Szvitacs A.,szvitacs-alexa,sofascore
412422,Laskai I.,laskai-irisz,sofascore
412292,Poloszczanski D.,poloszczanski-dawid,sofascore
412438,Srnka J.,srnka-jan,sofascore
412439,Drbohlav M.,drbohlav-marek,sofascore
412481,Kukeste A.,kukeste-anton,sofascore
412470,Kovacs R.,kovacs-richard,sofascore
412477,Balog R.,balog-roland,sofascore
412473,Belonoznik A.,belonoznik-antonin,sofascore
412497,Vrabec M.,vrabec-milan,sofascore
412480,Pugi T.,pugi-tristan,sofascore
412506,Morozov V.,morozov-vladimir,sofascore
412507,Hansson M.,hansson-markus,sofascore
412503,Skopek P.,skopek-pavel,sofascore
412504,Pour L.,pour-lukas,sofascore
412505,Rendl J.,rendl-josef,sofascore
412471,Zuk A.,zuk-arkadiusz,sofascore
412472,Koczyba M.,koczyba-mariusz,sofascore
412478,Zlamal J.,zlamal-jaromir,sofascore
412521,Brandtlova S.,brandtlova-sara,sofascore
412522,Joelaid M.,joelaid-margus,sofascore
412490,Toczylowski S.,toczylowski-szymon,sofascore
412491,Lilien A.,lilien-aleksander,sofascore
412517,Galas M.,galas-michal,sofascore
412495,Styranets M.,styranets-mykchailo,sofascore
412502,Bendezu H.,bendezu-heins,sofascore
412527,Runov A.,runov-aleksei,sofascore
412528,Nedbalski R.,nedbalski-rodion,sofascore
412581,Arak S.,arak-siim,sofascore
412582,Rothberg S.,rothberg-soren,sofascore
412518,Malinowski R.,malinowski-radoslaw,sofascore
412549,Radlo S.,radlo-szymon,sofascore
412607,Kostal M.,kostal-marek,sofascore
412558,Kvapil J.,kvapil-josef,sofascore
412635,Strnad J.,strnad-jaroslav-1964,sofascore
412660,Strnad J.,strnad-jaroslav-1961,sofascore
412639,Zahradnicek J.,zahradnicek-jakub,sofascore
412638,Nermann J.,nermann-jan-erik,sofascore
412627,Szabo K.,szabo-krisztian,sofascore
412628,Sipos V.,sipos-viktor,sofascore
412629,Hogye D.,hogye-daniel,sofascore
412550,Szalinski M.,szalinski-mikolaj,sofascore
412611,Miastowski M.,miastowski-maksymilian,sofascore
412612,Kuzmicz J.,kuzmicz-jakub,sofascore
412633,Kocvara V.,kocvara-vlastimil,sofascore
412634,Priklopil J.,priklopil-jan,sofascore
412636,Potensky J.,potensky-jan,sofascore
412637,Ladislav L.,ladislav-linder,sofascore
412640,Vrastil P.,vrastil-petr,sofascore
411079,Hoffmann T.,hoffmann-tamas,sofascore
412692,Biedermann D.,biedermann-daniel,sofascore
412693,Palosi B.,palosi-balazs,sofascore
412816,Andrade. Pedro,andrade-pedro,sofascore
412815,Pedroso G.,pedroso-gustavo,sofascore
412779,Pacha R.,pacha-robin,sofascore
412805,Liu L.,liu-le,sofascore
412806,Onton V.,onton-varmo,sofascore
412807,Guzvin J.,guzvin-jegor,sofascore
412808,Sinisalu U.,sinisalu-urmas,sofascore
412909,Joelaid I.,joelaid-indrek,sofascore
412910,Kask K.,kask-kalle,sofascore
412911,Ulla L.,ulla-lauri,sofascore
412877,Martinecz G.,martinecz-gyula,sofascore
412878,Jakab G.,jakab-gabor,sofascore
412879,Kovacs D.,kovacs-david,sofascore
412907,Cerna M.,cerna-martina,sofascore
412908,Skopkova V.,skopkova-vera,sofascore
412821,Takaki N.,takaki-newton,sofascore
412956,Drechsler M.,drechsler-matej,sofascore
412957,Tacinec M.,tacinec-martin,sofascore
412967,Osmuskin V.,osmuskin-vitali,sofascore
412968,Laikree A.,laikree-andres,sofascore
412969,Laumets L.,laumets-lembit,sofascore
412970,Lofitski A.,lofitski-andres,sofascore
292774,"Huzsvar, Erik",huzsvar-erik,sofascore
412897,Kaczmarek J.,kaczmarek-jakub,sofascore
412906,Maxa L.,maxa-lukas,sofascore
412959,Melisek M.,melisek-martin,sofascore
412960,Dominh M.,dominh-martin,sofascore
412963,Brumlich D.,brumlich-daniel,sofascore
413020,Mecl Jr J.,mecl-jr-jan,sofascore
413021,Sobisek M.,sobisek-martin,sofascore
413029,Viidas M.,viidas-marko,sofascore
413030,Gussarov A.,gussarov-aleksei,sofascore
413031,Vaher A.,vaher-andrus,sofascore
413013,Maybanks W.,maybanks-william,sofascore
413014,Zakar K.,zakar-kristof,sofascore
412986,Misztal I.,misztal-igor,sofascore
412987,Braun J.,braun-josef-cze,sofascore
413080,Handlova N.,handlova-natalie,sofascore
413023,Barnabe Umeki E.,barnabe-umeki-enrico,sofascore
413024,Aguiar R.,aguiar-rafael,sofascore
413075,Veselka J.,veselka-jiri,sofascore
413032,Pesula T.,pesula-tomas,sofascore
413006,Matlag L.,matlag-lukasz,sofascore
413007,Kleszcz K.,kleszcz-krzesimir,sofascore
413025,Pereira V.,pereira-vitor,sofascore
413136,Anton P.,anton-petr,sofascore
413090,Krusel M.,krusel-mati,sofascore
413163,Mannik M.,mannik-marko,sofascore
413153,Kirchman O.,kirchman-ondrej,sofascore
413164,Buzak J.,buzak-jevgeni,sofascore
413072,Tamiola T.,tamiola-tomasz,sofascore
413073,Lasota M.,lasota-mateusz,sofascore
413203,Lupinkova L.,lupinkova-lucie,sofascore
413197,Kolomaznik D.,kolomaznik-david,sofascore
413165,Sastin V.,sastin-vladimir,sofascore
413206,Mihkelsoo V.,mihkelsoo-virgo,sofascore
413202,Kucala V.,kucala-viktor,sofascore
413196,Lepsik J.,lepsik-jan,sofascore
413346,Gabriel V.,gabriel-vaclav-senior,sofascore
413348,Frys Z.,frys-zdenek,sofascore
413349,Votipka E.,votipka-emanuel,sofascore
413313,Nakagawa D.,nakagawa-denny,sofascore
413347,Havlik V.,havlik-vit,sofascore
413427,Strouhal J.,strouhal-jiri,sofascore
413384,Virkunen E.,virkunen-eduard,sofascore
413400,Slesarev V.,slesarev-vladimir,sofascore
413380,Sprongl J.,sprongl-jaroslav,sofascore
413440,Fafek J.,fafek-jiri,sofascore
413449,Urbanek J.,urbanek-jan,sofascore
413490,Oberle V.,oberle-vincent,sofascore
413491,Printsmann M.,printsmann-martin,sofascore
413479,Lovas-Martinecz G.,lovas-martinecz-gyula,sofascore
413480,Kovari B.,kovari-balazs,sofascore
413486,Pospisil A.,pospisil-antonin,sofascore
413487,Zizkovska R.,zizkovska-rebeka,sofascore
413488,Bosinova A.,bosinova-aneta,sofascore
413482,Sucharda A.,sucharda-ales,sofascore
413554,Putkemaa V.,putkemaa-valdek,sofascore
413545,Krebs B.,krebs-balint,sofascore
413546,Dohnal G.,dohnal-gabor,sofascore
413525,Krzyzanowski M.,krzyzanowski-michal,sofascore
413472,Boev A.,boev-anton,sofascore
413597,Hudeckova V.,hudeckova-vera,sofascore
413598,Lunova Z.,lunova-zuzana,sofascore
413550,Tamaoki A.,tamaoki-alexandre,sofascore
413553,Ripa D.,ripa-david,sofascore
413552,Kalanyos J.,kalanyos-jiri,sofascore
413609,Tuisk T.,tuisk-toivo,sofascore
413610,Kregzde D.,kregzde-daljus,sofascore
413611,Vaher V.,vaher-vootele,sofascore
413526,Krzysztof Niemiec,niemiec-krzysztof,sofascore
413612,Vinne E.,vinne-enno,sofascore
413613,Laidvee V.,laidvee-viljar,sofascore
413631,Noogen A.,noogen-aivo,sofascore
413632,Mokrejs J.,mokrejs-jan,sofascore
413633,Mannik K.,mannik-karl,sofascore
413627,Makowski K.,makowski-kacper,sofascore
413596,Zabransky J.,zabransky-josef,sofascore
413699,Jaroslav Schwan,schwan-jaroslav,sofascore
413700,Vrabec J.,vrabec-jan,sofascore
413634,Langer A.,langer-ales,sofascore
413704,Blazek M.,blazek-martin,sofascore
413684,Minda M.,minda-michal,sofascore
413685,Duniec K.,duniec-kamil,sofascore
413714,Krikunov I.,krikunov-igor,sofascore
413701,Kasan J.,kasan-jaroslav,sofascore
413858,Skakal M.,skakal-martin,sofascore
413890,Riccardo T.,riccardo-tesolin,sofascore
413849,Agocs P.,agocs-peter,sofascore
292110,Kolasa S.,kolasa-szymon,sofascore
413758,Lamperski J.,lamperski-jakub,sofascore
413759,Dzida K.,dzida-karol,sofascore
413724,Timashev P.,timashev-pavel-borisovich,sofascore
413756,Rozhkov A.,rozhkov-andrey,sofascore
413757,Chernyi R.,chernyi-roman,sofascore
413703,Schmidtmayer F.,schmidtmayer-frantisek,sofascore
413850,Sersen M.,sersen-miroslav,sofascore
413950,Nikonorov A.,nikonorov-aleksei,sofascore
413951,Sikorski E.,sikorski-evgeni,sofascore
413923,Nagy B.,nagy-balazs,sofascore
413851,Chmelik D.,chmelik-david,sofascore
413948,Sys A.,sys-alan,sofascore
413943,Lieskovsky D.,lieskovsky-daniel,sofascore
414049,Bezstarosta M.,bezstarosta-martin,sofascore
414050,Dvorak Jr M.,dvorak-jr-milan,sofascore
414054,Migunov O.,migunov-oleg,sofascore
414038,Mrozek T.,mrozek-tomasz,sofascore
413893,Moshnikov O.,moshnikov-oleg,sofascore
414051,Facek P.,facek-petr,sofascore
414085,Jirka L.,jirka-lukas,sofascore
414086,Cousin J.,cousin-jean-baptiste,sofascore
414114,Stefaniak M.,stefaniak-michal,sofascore
414115,Misiak M.,misiak-mateusz,sofascore
414101,Surkin D.,surkin-dmitrii,sofascore
414102,Lopatin S.,lopatin-sergei,sofascore
414046,Lukas A.,lukas-adam,sofascore
414181,Stikova M.,stikova-martina,sofascore
414180,Queiroz A.,queiroz-alfredo,sofascore
414172,Adamec M.,adamec-miroslav,sofascore
414187,Petrov S.,petrov-sergei,sofascore
414113,Wloszek S.,wloszek-sylwester,sofascore
414117,Motycka O.,motycka-oldrich,sofascore
414188,Pereira R.,pereira-roberto,sofascore
414266,Vasilev V.,vasilev-veniamin,sofascore
414269,Aracil J.,aracil-jose-ramon,sofascore
414270,Aracil S.,aracil-salvador,sofascore
414271,Gonzalez J.,gonzalez-jesus,sofascore
414272,Lopez M.,lopez-manuel,sofascore
414273,Garcia Fuente J.,garcia-fuente-jose-antonio,sofascore
424571,Apsolon M.,apsolon-meelis,sofascore
414268,Kreegi M.,kreegi-meelis,sofascore
414186,Kotwica D.,kotwica-dawid,sofascore
414206,Tomiczek J.,tomiczek-jakub,sofascore
414207,Michalski J.,michalski-jakub,sofascore
414294,Shkurko A.,shkurko-artem-olegovich,sofascore
414274,Hobl L.,hobl-lukas,sofascore
414327,Stecklein P.,stecklein-preston,sofascore
414328,Jesse OH.,oh-jesse,sofascore
414329,Cheng H.,cheng-honfai,sofascore
414330,Vasquez J.,vasquez-jerry,sofascore
414343,Reverte J.,reverte-jose,sofascore
414344,Olmedo A.,olmedo-alberto,sofascore
414345,Alarcon E.,alarcon-enrique,sofascore
414346,Galvez J.,galvez-jesus,sofascore
414347,Moreno J.,moreno-jose,sofascore
414314,Tereshscenko O.,tereshscenko-oleksandr,sofascore
414331,Elckner M.,elckner-miroslav,sofascore
414342,Kurkova M.,kurkova-marie,sofascore
414479,YI GU.,gu-yi,sofascore
414480,Gaurang R.,gaurang-rana,sofascore
414481,Mosio C.,mosio-chris,sofascore
414530,Llamas I.,llamas-ismael,sofascore
414531,Molina F.,molina-francisco,sofascore
414532,Garcia P.,garcia-pablo,sofascore
414533,Gallego J.,gallego-jose-a,sofascore
414534,Havlicek T.,havlicek-tomas,sofascore
414316,Komandzik R.,komandzik-rafal,sofascore
414317,Szymik R.,szymik-robert,sofascore
414491,Grubr V.,grubr-vojtech,sofascore
414395,Hradecky Jakub,hradecky-jakub,sofascore
414602,Alapat S.,alapat-saj,sofascore
414603,Beckett C.,beckett-christopher,sofascore
414604,Mistry M.,mistry-mayur,sofascore
414605,Cheeran S.,cheeran-santhosh,sofascore
414610,Weiss G.,weiss-gerhard-jozef,sofascore
414608,Sanchez J.,sanchez-juan-pedro,sofascore
414508,Gala B.,gala-bartlomiej,sofascore
414507,Karpisek O.,karpisek-ondrej,sofascore
414628,Rezende G.,rezende-guilherme,sofascore
414609,Cafourek T.,cafourek-tomas,sofascore
414650,Keville P.,keville-patrick,sofascore
414651,Shah M.,shah-mitesh,sofascore
414652,Zhitomirskiy D.,zhitomirskiy-dmitriy,sofascore
414667,Kanne T.,kanne-tonu,sofascore
414666,Martinez F.,martinez-francisco-m,sofascore
414665,Bertold I.,bertold-ivan,sofascore
414590,Wos A.,wos-alan,sofascore
414595,Melisek M.,melisek-marian,sofascore
414687,Andrey F.,andrey-farkash,sofascore
414688,Semen K.,semen-kotlyarevskiy,sofascore
414689,Danyal H.,danyal-hassan,sofascore
414690,Nader F.,nader-fahimi,sofascore
414721,Rodriguez J.,rodriguez-jesus,sofascore
414722,Gallego D.,gallego-david,sofascore
414723,Garcia J.,garcia-jesus-m,sofascore
414691,Volodin D.,volodin-dmitrii,sofascore
414720,Novak R.,novak-robert,sofascore
414775,Nurmits U.,nurmits-ular,sofascore
414776,Roos U.,roos-urmas,sofascore
414763,Budik B.,bohuslav-budik,sofascore
414777,Sokirjanski A.,sokirjanski-aleksandr,sofascore
414879,Kerousova M.,kerousova-michaela,sofascore
414762,Samko S.,samko-stefan,sofascore
414780,Shah B.,shah-bhavesh,sofascore
414781,Encabo M.,encabo-mitch,sofascore
414782,Dhawan A.,dhawan-abhishek,sofascore
414759,Caban J.,caban-jakub,sofascore
414760,Zajac K.,zajac-kacper,sofascore
414795,Zielony N.,zielony-norbert,sofascore
414974,Mazanek S.,mazanek-stanislav,sofascore
414926,Palazon A.,palazon-alvaro,sofascore
414927,Manoqil C.,manoqil-cristian,sofascore
414928,Garcia J.,garcia-juan-l,sofascore
414972,Cascales F.,cascales-francisco,sofascore
414973,Beteta C.,beteta-carlos,sofascore
414885,Kleczko D.,kleczko-dariusz,sofascore
414966,Ippolitov V.,ippolitov-vladimir,sofascore
414971,Hruska J.,hruska-jan,sofascore
414854,Nychyporchuk V.,nychyporchuk-viktor,sofascore
414855,Kuchkudan Y.,kuchkudan-yurii,sofascore
414935,Bondarev V.,bondarev-viktor,sofascore
414975,Machart J.,machart-jiri,sofascore
414976,Svatos V.,svatos-vlastimil,sofascore
414982,Schanel J.,schanel-jaroslav,sofascore
415002,Brito R.,brito-ricardo,sofascore
415003,Aschenbach B.,aschenbach-brian,sofascore
415004,Jain S.,jain-shaman,sofascore
415161,Navarro P.,navarro-pedro,sofascore
415162,Gussarov O.,gussarov-oleg,sofascore
414931,Korczak D.,korczak-damian,sofascore
414932,Gdula A.,gdula-adam,sofascore
415006,Mameka M.,mameka-maksim,sofascore
414934,Batalov V.,batalov-vadim,sofascore
414995,Fursov P.,fursov-pavel,sofascore
414996,Pomazkov A.,pomazkov-armen,sofascore
414997,Smolin E.,smolin-evgenii,sofascore
414998,Mareychev S.,mareychev-sergey,sofascore
415318,Singh H.,singh-harpreet,sofascore
415309,Almagro F.,almagro-francisco,sofascore
415310,Rizo R.,rizo-ruben,sofascore
415270,Varga T.,varga-timea,sofascore
415231,Stepanov I.,stepanov-ivan,sofascore
415250,Stashkovsky G.,stashkovsky-gleb,sofascore
415163,Zaiets O.,zaiets-oleksii,sofascore
415253,Bandurka O.,bandurka-oleh,sofascore
415366,Zhang M.,zhang-michael,sofascore
415374,Ojamaa M.,ojamaa-mart,sofascore
415376,Molina M.,molina-miguel,sofascore
415375,Sirel A.,sirel-andrei,sofascore
415311,Budzynski J.,budzynski-jakub,sofascore
415363,Sasaki M.,sasaki-marcio,sofascore
415364,Duy Tiep VU.,vu-duy-tiep,sofascore
415413,Ladislav H.,ladislav-havel,sofascore
415424,Gonzalez H.,gonzalez-higinio,sofascore
415408,Koblizek M.,koblizek-martin,sofascore
415404,Maiovets B.,maiovets-bohdan,sofascore
415405,Lutsyshyn O.,lutsyshyn-oleh,sofascore
415406,Kostovsky V.,kostovsky-victor,sofascore
415425,Neto A.,neto-antonio,sofascore
415426,Girotto V.,girotto-vinicius,sofascore
415414,Frantisek T.,frantisek-trojan,sofascore
415457,Marx P.,marx-pavel,sofascore
415475,Polakowski W.,polakowski-wojciech,sofascore
415415,Wozniak J.,wozniak-jakub,sofascore
415462,Szymanek B.,szymanek-bartlomiej,sofascore
415476,Aleksandr S.,aleksandr-sheinfain,sofascore
415417,Kilian V.,kilian-vit,sofascore
415427,Silva J.,silva-julio,sofascore
415428,Silva A.,silva-agnaldo,sofascore
415460,Sklenar M.,sklenar-michal,sofascore
415474,Hisler P.,hisler-petr,sofascore
415549,Kocab J.,kocab-jan,sofascore
415463,Marud G.,marud-grzegorz,sofascore
415467,Jarocki L.,jarocki-lukasz,sofascore
415464,Pilarczyk F.,pilarczyk-filip,sofascore
415484,Szwemin K.,szwemin-krzysztof,sofascore
415515,Lojtek T.,lojtek-tomasz,sofascore
415468,Merkl R.,merkl-roman,sofascore
415569,Sanchez G.,sanchez-guillermo,sofascore
415570,Belmonte D.,belmonte-david,sofascore
415623,Chowdhury H.,chowdhury-hossain,sofascore
415624,Nandyala S.,nandyala-srinath,sofascore
415625,Ahuja A.,ahuja-ankur,sofascore
415626,Yao T.,yao-tom,sofascore
415541,Choraziy M.,choraziy-maciej,sofascore
415627,Walaszek P.,walaszek-premyslaw,sofascore
415730,Janousek L.,janousek-ladislav,sofascore
415902,Korp P.,korp-petr-sr,sofascore
415700,Kolodkin M.,kolodkin-max,sofascore
415901,Perv I.,perv-indrek,sofascore
415668,Grzegorczyk J.,grzegorczyk-jakub,sofascore
415873,Cechvala R.,cechvala-roman,sofascore
415900,Jares J.,jares-jakub,sofascore
415903,Boltik M.,boltik-martin,sofascore
416015,Pakk M.,pakk-martin,sofascore
416139,Gainza A.,gainza-alvaro,sofascore
416017,Sarmento A.,sarmento-allan,sofascore
416090,Chang L.,chang-lu-hsu,sofascore
416091,Winston B.,winston-briggs,sofascore
416141,Pontes E.,pontes-everton,sofascore
416142,Bento J.,bento-jeferson,sofascore
416152,Montealegre M.,montealegre-miller,sofascore
416108,Vyskocil M.,vyskocil-michal,sofascore
416369,Stara K.,stara-katerina,sofascore
416385,Havrda L.,havrda-leos,sofascore
416374,Heredia P.,heredia-pablo,sofascore
416191,Warpas B.,warpas-blazej,sofascore
416178,Shelest O.,shelest-oleksii,sofascore
416365,Malicki S.,malicki-szymon,sofascore
416405,Kowalski W.,kowalski-wojciech,sofascore
416406,Alot M.,alot-maksymilian,sofascore
416408,Plevako I.,plevako-ilia,sofascore
416373,Krajc R.,krajc-rudolf,sofascore
416469,Ortiz J.,ortiz-jose-m,sofascore
416462,Krasnov Dmitri,krasnov-dmitri,sofascore
416615,Serrano A.,serrano-adrian,sofascore
416613,Heiszman H.,heiszman-henrik,sofascore
416614,Cyrnek P.,cyrnek-piotr,sofascore
416598,Pych L.,pych-ludek,sofascore
416599,Geissler R.,geissler-radomir,sofascore
416543,Vitalii Yaremii,vitalii-yaremii,sofascore
416584,Stinil L.,stinil-ludek,sofascore
416768,Marjan M.,marjan-marcel,sofascore
416889,Strogov V.,strogov-vadim,sofascore
416674,Abdurmanov E.,abdurmanov-erik,sofascore
416600,Vratny M.,vratny-martin,sofascore
416900,Zimcik L.,zimcik-lukas,sofascore
416849,Guminski K.,guminski-krzysztof,sofascore
416953,Krawczyk J.,krawczyk-jakub,sofascore
416961,Hruda K.,hruda-kamil,sofascore
416962,Moravek J.,moravek-jiri,sofascore
416952,Libovicky R.,libovicky-radek,sofascore
416972,Chen Jining,chen-jining,sofascore
416978,Ollman O.,ollman-oliver,sofascore
268045,Michalski P.,michalski-piotr,sofascore
416936,Storozhenko A.,storozhenko-alexander,sofascore
416937,Lyzohub S.,lyzohub-serhii,sofascore
416995,Bron Z.,bron-zdenek,sofascore
416984,Foff L.,foff-lukas,sofascore
417093,Strouhal V.,strouhal-vojtech,sofascore
416977,Wierzbicki T.,wierzbicki-tomasz,sofascore
417094,Janostik P.,janostik-petr,sofascore
417169,Cesar J.,cesar-julio,sofascore
416996,Nogueira J.,nogueira-julio,sofascore
416997,Mendes R.,mendes-ricardo,sofascore
416998,Souza V.,souza-vanderlei,sofascore
416999,Oliveira M.,oliveira-matheus,sofascore
417190,Jain S.,jain-sanjay,sofascore
417192,Puchinin A.,puchinin-andrei,sofascore
417436,Vos E.,vos-eusebio,sofascore
417208,Vrabec D.,vrabec-david,sofascore
417418,Rocamora P.,rocamora-pedro-j,sofascore
417365,Chechulin M.,chechulin-maksim,sofascore
445943,Fojt P.,fojt-pavel,sofascore
417611,Vranova H.,vranova-helena,sofascore
417625,Stindl R.,stindl-radek,sofascore
417761,Sanchez V.,sanchez-victor,sofascore
417735,Ostachowski P.,ostachowski-piotr,sofascore
417839,Glogar J.,glogar-jaroslav,sofascore
417762,Kocabek P.,kocabek-pavel,sofascore
417859,Mimsy A.,mimsy-arseny,sofascore
417765,Telegin S.,telegin-sergey,sofascore
417794,Shelipov V.,shelipov-vladislav,sofascore
417754,Zezule O.,zezule-ondrej,sofascore
417847,Stejskal Jr T.,stejskal-jr-tomas,sofascore
417855,Senk J.,senk-jakub,sofascore
416011,Mayzlin A.,mayzlin-alex,sofascore
417919,Kos T.,kos-tomas,sofascore
417952,Stolfa J.,stolfa-jakub,sofascore
417949,Khairov R.,khairov-rinat,sofascore
418076,DOS Santos M.,dos-santos-mayara-cardim-tenorio,sofascore
418077,Silva D.,silva-daiane-oliveira,sofascore
418078,DOS Santos S.,dos-santos-sara-ap-panseri-vicentin,sofascore
418079,Mine M.,mine-monica-yumiko,sofascore
418082,Munhoz N.,munhoz-natalia-massela,sofascore
418083,Moreira DA Silva M.,moreira-da-silva-mariana-costa,sofascore
418080,Serikawa C.,serikawa-camila-mika,sofascore
418081,Santos V.,santos-victoria,sofascore
418084,Ramalho L.,ramalho-laura,sofascore
417990,Ouyang A.,ouyang-ark,sofascore
418113,Lauri L.,lauri-laane,sofascore
418127,Laane L.,laane-lauri,sofascore
417953,Rolak J.,rolak-jaroslaw,sofascore
417955,Idaczyk D.,idaczyk-dominik,sofascore
418034,Hofmann M.,hofmann-martin,sofascore
418035,Moulis P.,moulis-pavel,sofascore
418090,Farkas B.,farkas-brian,sofascore
418140,Beres S.,beres-szabolcs,sofascore
418091,Gasiorski P.,gasiorski-pawel,sofascore
418141,Remunda S.,remunda-stepan,sofascore
418142,Bambas P.,bambas-petr,sofascore
418304,Crichton R.,crichton-ryan,sofascore
418339,Marin F.,marin-francisco,sofascore
418128,Kreft D.,kreft-damian,sofascore
418433,Rudenko K.,rudenko-konstantin,sofascore
418434,Iakunin A.,iakunin-aleksandr,sofascore
418149,Minin O.,minin-oleksandr,sofascore
418466,Farago B.,farago-barnabas,sofascore
418514,Chis V.,chis-victor,sofascore
418487,Marchlewski K.,marchlewski-kacper,sofascore
418463,Afanasev M.,afanasev-maksim,sofascore
418524,Kolovratnik M.,kolovratnik-martin,sofascore
424623,Taranov G.,taranov-grigorii,sofascore
418682,Gritsenko A.,gritsenko-aleksandr,sofascore
418603,Polak K.,polak-karel,sofascore
418880,Choy C.,choy-chun-kit,sofascore
418885,Chen Y.,chen-yuanyu,sofascore
418886,Kurmangaliyev A.,kurmangaliyev-alan,sofascore
418881,Wang C.,wang-chen-ce,sofascore
418882,Huang Y.,huang-youzheng,sofascore
418884,YI XU.,xu-yi,sofascore
25043,Stefanova N.,stefanova-nikoleta,sofascore
418925,Wing Lam NG.,ng-wing-lam,sofascore
418776,Sommerschuh O.,sommerschuh-oldrich,sofascore
418874,Varcl M.,varcl-matej,sofascore
418801,Radek Muller,muller-radek,sofascore
418865,Dewitt R.,dewitt-rich,sofascore
418866,Ren L.,ren-lei,sofascore
418887,Limonta E.,limonta-enrique,sofascore
418856,Fomin I.,fomin-ivan,sofascore
419154,Carrasco S.,carrasco-sujey,sofascore
419155,Watanabe L.,watanabe-laura,sofascore
419024,Naumi A / Wykes J,naumi-a-wykes-j,sofascore
419023,Oikawa M / Shinozuka H,oikawa-m-shinozuka-h,sofascore
419025,Shah M U / Suravajjula S,shah-m-u-suravajjula-s,sofascore
419026,Zhou J / Zeng J,zhou-j-zeng-j,sofascore
419027,Helmy Y / Todorovic A,helmy-y-todorovic-a,sofascore
419028,LEE H M K / NG W L,lee-h-m-k-ng-w-l,sofascore
419029,Jeon J / Kim N,jeon-j-kim-n,sofascore
445992,Rybak D.,rybak-damian,sofascore
419009,Pavlovskyi V.,pavlovskyi-vladyslav,sofascore
419163,Geisslerova L.,geisslerova-ludmila,sofascore
419175,Rubinos A.,rubinos-adrian,sofascore
419176,Suzuki H.,suzuki-hayate,sofascore
419181,Vigo R.,vigo-rodrigo,sofascore
419180,Fernandez C.,fernandez-carlos,sofascore
400474,Escobedo F.,escobedo-francesca,sofascore
419185,Bajor N / Moret R,bajor-n-moret-r,sofascore
419052,Han F.,han-feier,sofascore
419075,Ignatev V.,ignatev-valerii,sofascore
419214,Burgos B.,burgos-brianna,sofascore
419156,Aragon A.,aragon-ana,sofascore
419253,BAN I / Kojic F,ban-i-kojic-f,sofascore
419255,LEE H C / Shao J,lee-h-c-shao-j,sofascore
419182,Valo R.,valo-rainer,sofascore
419289,Puerta L.,puerta-leo,sofascore
419260,Hanke T.,hanke-tomas,sofascore
418591,Grantham Academy,grantham-academy,sofascore
418593,TJ Geolog Roznava,tj-geolog-roznava,sofascore
418592,Metz TT,metz-tt,sofascore
418596,Taltech Sports Club,taltech-sports-club,sofascore
418594,Draycott & Long Eaton TTC,draycott-and-long-eaton-ttc,sofascore
418595,SKST Tesla Batteries Havirov,skst-tesla-batteries-havirov,sofascore
419404,Boonyaprapa N.,boonyaprapa-naphong,sofascore
419406,Coelho DA Silva A.,coelho-da-silva-andre,sofascore
419407,Manhani Junior H.,manhani-junior-humberto,sofascore
419408,Green C.,green-connor,sofascore
419410,Peter I.,peter-ingemar,sofascore
419409,Mazaud C.,mazaud-corentin,sofascore
419411,Tyndall O.,tyndall-olly,sofascore
419412,Takac J.,takac-jakub,sofascore
419413,Davies R.,davies-rhys,sofascore
419405,Zavadskij I.,zavadskij-igor,sofascore
418616,Draycott & Long Eaton TTC,draycott-and-long-eaton-ttc,sofascore
418615,Panathinaikos AC,panathinaikos-ac,sofascore
418617,SCO Ossiachersee Bodensdorf,sco-ossiachersee-bodensdorf,sofascore
418613,Fusion TTC,fusion-ttc,sofascore
418614,SU Sparkasse Kufstein,su-sparkasse-kufstein,sofascore
322429,Wiltschkova D.,wiltschkova-dominika,sofascore
420180,Bene G.,bene-gyorgyi,sofascore
419429,Gertenbach A.,gertenbach-angelique,sofascore
419426,Green A.,green-anna,sofascore
419425,Pengo-Mura R.,pengo-mura-renata,sofascore
419428,Stullerova E.,stullerova-eliska,sofascore
420738,Ungerhofer N.,ungerhofer-nicole,sofascore
419430,Todirca E.,todirca-elena,sofascore
419431,Green E.,green-erin,sofascore
420181,Rogove M.,rogove-millie,sofascore
419319,Cassin A / Polansky T,cassin-a-polansky-t,sofascore
419174,Yoshiyama R.,yoshiyama-ryoichi,sofascore
419331,Burgos N / Vega P,burgos-n-vega-p,sofascore
419332,Jouti E / Kumahara L,jouti-e-kumahara-l,sofascore
419330,Duffoo F / Duffoo I,duffoo-f-duffoo-i,sofascore
419261,Chan B H W / Wong C T,chan-b-h-w-wong-c-t,sofascore
419265,UDA Y / Ito M,uda-y-ito-m,sofascore
419264,Rossi C / Piccolin G,rossi-c-piccolin-g,sofascore
419291,Cunha G.,cunha-gisele,sofascore
419292,Duarte Dos Santos H.,duarte-dos-santos-halana,sofascore
419293,Sekimoto A.,sekimoto-amy,sofascore
419294,Ivo L.,ivo-luana-cristina,sofascore
419357,Palecek J.,palecek-josef,sofascore
419290,Malek T.,malek-tomas,sofascore
419348,Motyka M.,motyka-marcin,sofascore
419388,Soe I.,soe-indrek,sofascore
419309,Mukhamedzhanov M.,mukhamedzhanov-mikhail-mukhamedzhanovich,sofascore
419349,Polyakov P.,polyakov-petr,sofascore
420182,Ellis T.,ellis-toby,sofascore
420742,Boonyaprappa N.,boonyaprappa-naphat,sofascore
420743,Becourt N.,becourt-noah,sofascore
420739,Green J.,green-joanne,sofascore
419453,Nyitrai A.,nyitrai-anita,sofascore
420740,Dennison T.,dennison-tiana,sofascore
420741,Chmiguelskaia E.,chmiguelskaia-elena,sofascore
419313,ORT K / Stumper K,ort-k-stumper-k,sofascore
419315,Chen C-A / Feng Y-H,chen-c-a-feng-y-h,sofascore
340153,Bentancor M / Lorenzo S,bentancor-m-lorenzo-s,sofascore
419318,Falck M / Kallberg A,falck-m-kallberg-a,sofascore
419322,Takahashi G / Watanabe L,takahashi-g-watanabe-l,sofascore
419323,Xiao M / Zhang L,xiao-m-zhang-l,sofascore
419326,Mori S / Sasao A,mori-s-sasao-a,sofascore
419328,Kallberg A / Wan Y,kallberg-a-wan-y,sofascore
419440,Pleskot J.,pleskot-jan,sofascore
419471,Sevilla A.,sevilla-alvaro,sofascore
419465,Nermann H.,nermann-heldur,sofascore
419378,Marcin Kowalczyk,kowalczyk-marcin,sofascore
419353,Bolokhov A.,bolokhov-anton,sofascore
419382,Zielinsky T.,zielinsky-tomas,sofascore
419439,Vasek J.,vasek-jan,sofascore
419478,Gallo G.,gallo-gregor,sofascore
419414,Levente S.,levente-sanduly,sofascore
419463,Forner Junior W.,forner-junior-waldir,sofascore
419464,Teodoro M.,teodoro-mauricio,sofascore
419479,Robbins B.,robbins-brad,sofascore
419433,Bernacki L.,bernacki-lukasz,sofascore
419435,Pietraszko L.,pietraszko-lukasz,sofascore
419500,Jozwiak D.,jozwiak-dawid,sofascore
419616,Rosas J.,rosas-jose-e,sofascore
419582,Karagodin A.,karagodin-artem,sofascore
419637,Mimsypohc J.,mimsypohc-judas,sofascore
419908,Marin A.,marin-alejandro,sofascore
419907,Pae M.,pae-mihkel,sofascore
419695,Kruglov A.,kruglov-aleksandr,sofascore
419922,Rizzo A.,rizzo-alex,sofascore
419909,Frydl M.,frydl-milos,sofascore
419873,Reznikov M.,reznikov-mikhail,sofascore
419997,Redondo F.,redondo-federico,sofascore
322515,Berben B.,berben-barry,sofascore
419989,Borodin A.,borodin-alexander,sofascore
420052,Stepanek J.,stepanek-jiri,sofascore
420062,Pae M.,pae-mart,sofascore
420123,Szollosi P.,szollosi-peter,sofascore
419254,Chen Y / Kuai M,chen-y-kuai-m,sofascore
420221,Mukherjee A / Sen P,mukherjee-a-sen-p,sofascore
420126,Nohejl V.,nohejl-vaclav,sofascore
420237,Almagro A.,almagro-alfonso,sofascore
420353,Rainis L.,rainis-lehtmets,sofascore
420195,Nadolski L.,nadolski-lukasz,sofascore
420196,Lasota M.,lasota-marcin,sofascore
420216,Chernoskulov F.,chernoskulov-fedor,sofascore
420280,Nemeckova M.,nemeckova-monika,sofascore
420570,Pogorelski S.,pogorelski-sergei,sofascore
420571,Vellner A.,vellner-allar,sofascore
420375,Mekhasiuk I.,mekhasiuk-igor,sofascore
420372,Kucheriavyi R.,kucheriavyi-roman,sofascore
420719,Shah R.,shah-rahim,sofascore
420697,Ujvari M.,ujvari-mate,sofascore
420750,del Olmo D.,del-olmo-david,sofascore
420695,Maruszak P.,maruszak-piotr,sofascore
420775,Karabanov E.,karabanov-egor,sofascore
420822,Perny M.,perny-matej,sofascore
420844,Hruska V.,hruska-vojtech,sofascore
420845,Poluk A.,poluk-alexandr,sofascore
420821,Woskowicz M.,woskowicz-marcin,sofascore
420780,Mlejnek J.,mlejnek-jiri,sofascore
424607,Kuchmei A.,kuchmei-artem,sofascore
420849,Korp P.,korp-petr-sr,sofascore
420906,Andres D R.,andres-d-ros,sofascore
420877,Sun S.,sun-shiyu,sofascore
420908,Manas J.,manas-jiri,sofascore
421005,Campoy P.,campoy-pedro,sofascore
421004,Lokotar J.,lokotar-jaanus,sofascore
420883,Zochniak J.,zochniak-jakub,sofascore
421061,Utylski R.,utylski-rafal,sofascore
421062,Suvorov M.,suvorov-maxim,sofascore
421276,Kukk K.,kukk-karl,sofascore
421275,Knobloch M.,knobloch-miroslav,sofascore
421256,Tarko A.,tarko-aron,sofascore
421068,Bak D.,bak-daniel,sofascore
421193,Hampejs V.,hampejs-vladislav,sofascore
421277,Metssalu A.,metssalu-andres,sofascore
420896,Klink M.,klink-max,sofascore
421382,Mukaibata V.,mukaibata-valter,sofascore
421438,Kadavy O.,kadavy-ondrej,sofascore
421425,Csajbok T.,csajbok-tibor,sofascore
421517,De Paula Vieira R.,de-paula-vieira-rodolfo,sofascore
421437,Novak M.,novak-martin,sofascore
421611,Martin M.,martin-matteo,sofascore
421518,Kwodawski B.,kwodawski-bartosz,sofascore
421596,Satrapa J.,satrapa-jan,sofascore
421589,Wierzchowski M.,wierzchowski-michal,sofascore
421653,Arlashov A.,arlashov-andrei,sofascore
421628,Kleeberg F.,kleeberg-felix,sofascore
421769,Roubal B.,roubal-bronislav,sofascore
421783,Bernabeu P.,bernabeu-pablo,sofascore
421778,Celler J.,celler-jiri,sofascore
422002,Pomares A.,pomares-alberto,sofascore
422003,Pomares J.,pomares-juan-c,sofascore
422099,Svoboda A.,svoboda-ales,sofascore
422077,Cameron N.,cameron-niall,sofascore
422075,Krejci O.,krejci-ondrej,sofascore
422090,Chen S-Y / Lee H C,chen-s-y-lee-h-c,sofascore
422087,Pedro A.,pedro-alexandre,sofascore
422081,Herrmann V.,herrmann-vit,sofascore
422142,Viesner V.,viesner-vojtech,sofascore
422221,Vojtech P.,vojtech-petr,sofascore
422222,Bartunek R.,bartunek-radek,sofascore
422234,Manzanares J.,manzanares-juan-f,sofascore
422236,Polozov I.,polozov-ilja,sofascore
422235,Gonzalez P.,gonzalez-pedro-j,sofascore
422226,Gierach J.,gierach-jakub,sofascore
422143,Dostal J.,dostal-jan,sofascore
422669,Buzek J.,buzek-josef,sofascore
422670,Maly M.,maly-michal,sofascore
422814,Hegenberger S.,hegenberger-sebastian,sofascore
422844,Nogami M.,nogami-makoto,sofascore
422832,Ervin C.,ervin-corey,sofascore
422833,Shulkin I.,shulkin-igor,sofascore
422834,Averin A.,averin-alex,sofascore
422788,Teiml M.,teiml-marek,sofascore
422835,Doug LI.,li-doug,sofascore
422836,Villanova J.,villanova-jadriel,sofascore
422842,Lukin A.,lukin-artem,sofascore
422909,Lukin A.,lukin-aleksander,sofascore
422913,Jang S.,jang-seongil,sofascore
422906,Borshanky I.,borshanky-ilya,sofascore
423053,Siim T.,siim-timo,sofascore
423054,Matousch S.,matousch-simon,sofascore
423012,Horti T.,horti-tamas,sofascore
422822,Ferenc P.,ferenc-piotr,sofascore
422823,Krzywniak J.,krzywniak-jakub,sofascore
422941,Safronov S.,safronov-sergei,sofascore
422942,Thai N.,thai-nikolai-valentinovich,sofascore
422940,Sucik J.,sucik-jan,sofascore
423266,Dyjas J / Bajor N,dyjas-j-bajor-n,sofascore
423201,Leming B.,leming-bob,sofascore
423202,Lee D.,lee-dixon,sofascore
423203,Malin L.,malin-leo,sofascore
423204,Shor S.,shor-stan,sofascore
423261,Plotnikov D.,plotnikov-dmitriy,sofascore
423262,Osmanoff G.,osmanoff-gary,sofascore
423263,Moreno R.,moreno-raul,sofascore
423292,Medynska A.,medynska-alevtyna,sofascore
423265,LIN S / XU Y,lin-s-xu-y,sofascore
423264,Lindmae E.,lindmae-erik,sofascore
423272,Samokha E.,samokha-evgeniy,sofascore
423273,Lukin I.,lukin-igor,sofascore
423356,Vanegas L.,vanegas-luis,sofascore
423355,Otalvaro F.,otalvaro-federico,sofascore
423358,Castillo Arocha C.,castillo-arocha-cesar-augusto,sofascore
423357,Ramos J.,ramos-julian,sofascore
423361,Soteldo Goyo Y.,soteldo-goyo-yeifrer-yoandri,sofascore
423359,Robalino N.,robalino-neycer,sofascore
423360,Montes S.,montes-santiago,sofascore
423346,Gomez Olivera C.,gomez-olivera-cristina,sofascore
400473,Echeverry M.,echeverry-manuela,sofascore
423347,Obando C.,obando-camila,sofascore
423344,Salazar A.,salazar-astrid,sofascore
423348,Cardenas Malliotakis I.,cardenas-malliotakis-isaleym-mariam,sofascore
318338,Plaza M.,plaza-mylena,sofascore
423345,Casas M.,casas-marta,sofascore
420135,LIN S / Kuai M,lin-s-kuai-m,sofascore
423349,Gavelcik K.,gavelcik-kamil,sofascore
423291,Vaarpu M.,vaarpu-mart,sofascore
423327,Hmmad M.,hmmad-malik,sofascore
424324,Repin A.,repin-aleksei,sofascore
423328,Semenov P.,semenov-pavel,sofascore
423426,Gonzalez C.,gonzalez-camilo,sofascore
423364,LEE H C / Zhu C,lee-h-c-zhu-c,sofascore
423350,Nohejl T.,nohejl-tomas,sofascore
423377,Tammoja A.,tammoja-arvi,sofascore
423429,Wojdyla D.,wojdyla-damian,sofascore
423351,Klecka P.,klecka-pavel,sofascore
423544,Ishida C / Turrini R,ishida-c-turrini-r,sofascore
423545,Otalvaro F / Ramos J,otalvaro-f-ramos-j,sofascore
423542,Pino B / Salazar J,pino-b-salazar-j,sofascore
423543,Martinez A / Olave A,martinez-a-olave-a,sofascore
400509,Duffoo F / Hidalgo R,duffoo-f-hidalgo-r,sofascore
423548,Gonzalez C / Montes S,gonzalez-c-montes-s,sofascore
423549,Rios Romero C J A / Soteldo Goyo Y Y,rios-romero-c-j-a-soteldo-goyo-y-y,sofascore
423568,Piguave D / Riofrio E,piguave-d-riofrio-e,sofascore
423553,Castillo Arocha C A / Vanegas L,castillo-arocha-c-a-vanegas-l,sofascore
423554,Jouti E / Teodoro G,jouti-e-teodoro-g,sofascore
423551,Lorenzo S / Sanchi F,lorenzo-s-sanchi-f,sofascore
423552,Echavarria A / Rivera M,echavarria-a-rivera-m,sofascore
423527,Cadavid L / Restrepo M,cadavid-l-restrepo-m,sofascore
423528,Correia Kanashiro B K / Watanabe L,correia-kanashiro-b-k-watanabe-l,sofascore
423536,Gomez Olivera C / Obando C,gomez-olivera-c-obando-c,sofascore
423529,Casas M / Lozada J,casas-m-lozada-j,sofascore
423540,Echeverry M / Tellez C,echeverry-m-tellez-c,sofascore
423541,Cardenas Malliotakis I M / Diaz M,cardenas-malliotakis-i-m-diaz-m,sofascore
423538,Isaza A / Ruiz Salazar M,isaza-a-ruiz-salazar-m,sofascore
423539,Paredes N / Salazar A,paredes-n-salazar-a,sofascore
423530,Montes S / Casas M,montes-s-casas-m,sofascore
423546,Piguave D / Paredes N,piguave-d-paredes-n,sofascore
423547,Castillo Arocha C A / Cardenas Malliotakis I M,castillo-arocha-c-a-cardenas-malliotakis-i-m,sofascore
423378,Otalvaro F / Tellez C,otalvaro-f-tellez-c,sofascore
423531,Gonzalez C / Lozada J,gonzalez-c-lozada-j,sofascore
423532,Riofrio E / Salazar A,riofrio-e-salazar-a,sofascore
423533,Toranzos A / Gomez L,toranzos-a-gomez-l,sofascore
423534,Ramos J / Echeverry M,ramos-j-echeverry-m,sofascore
423535,Teodoro G / Takahashi G,teodoro-g-takahashi-g,sofascore
423537,Vanegas L / Obando C,vanegas-l-obando-c,sofascore
423584,Wang W.,wang-wes,sofascore
423430,Domagalski C.,domagalski-cezary,sofascore
423431,Kaznowski M.,kaznowski-marcin,sofascore
423432,Golda L.,golda-lukasz,sofascore
423583,Polanski J.,polanski-jakub,sofascore
423647,Rios Romero C.,rios-romero-carlos-josue-alberto,sofascore
423635,Correia Kanashiro B.,correia-kanashiro-beatriz-kaori,sofascore
423646,Lozada J.,lozada-juliana,sofascore
423650,Diaz M.,diaz-mariangel,sofascore
423677,Cernoch J.,cernoch-jan,sofascore
423663,Wang J.,wang-j,sofascore
423664,Oba D.,oba-don-ange-cedric,sofascore
423665,Naresh S.,naresh-sid,sofascore
423666,Reddy S.,reddy-sean,sofascore
423701,Maskalonoks A.,maskalonoks-aleksandrs,sofascore
423575,Murzakmatov E.,murzakmatov-ernist,sofascore
423703,Alto G / Cifuentes H,alto-g-cifuentes-h,sofascore
423791,Hejduk A.,hejduk-alexander,sofascore
423702,Vasiljevs D.,vasiljevs-deniss,sofascore
423893,Shulman E.,shulman-ed,sofascore
423894,Sang K.,sang-kc,sofascore
423918,Mercader J.,mercader-jonathan,sofascore
423902,Pistora J.,pistora-josef,sofascore
423903,Waldhauser V.,waldhauser-vojtech,sofascore
423904,Strnad R.,strnad-richard,sofascore
423992,Chinmay H.,h-chinmay,sofascore
423987,Orollano E.,orollano-enrique,sofascore
424030,Doros S.,doros-szilard,sofascore
424085,Mohanty R.,mohanty-rags,sofascore
424086,Osmanoff A.,osmanoff-alex,sofascore
424097,Kaljuvee R.,kaljuvee-rene,sofascore
424090,Tarmann D.,tarmann-dominik,sofascore
424110,Bogacev A.,bogacev-aleksei-iurevich,sofascore
424034,Brandtl Jr A.,brandtl-jr-ales,sofascore
424094,Soutner V.,soutner-vaclav,sofascore
424098,Marin A.,marin-antonio,sofascore
424197,Cohen A.,cohen-artur,sofascore
424665,Chau H.,chau-henry,sofascore
424666,Barrios L.,barrios-leo,sofascore
424555,Garcia L.,garcia-leon-jose,sofascore
424662,Kuznetsov D.,kuznetsov-dmitri,sofascore
424663,Sanchez P.,sanchez-pablo-j,sofascore
424568,Gil M.,gil-miguel-a,sofascore
424674,Nikolaev A.,nikolaev-andrei,sofascore
424751,Chen S.,chen-shawn,sofascore
424849,Prystupa M.,prystupa-maksym,sofascore
424836,Fuchs M.,fuchs-michael,sofascore
424837,Rassouw J.,rassouw-jean,sofascore
424838,Katus K.,katus-krisztian,sofascore
424764,Sobel A.,sobel-artur,sofascore
424854,Dabrowski I.,dabrowski-igor,sofascore
424850,Kalas V.,kalas-vladislav,sofascore
425114,Kostarev A.,kostarev-aleksei,sofascore
425359,Xue F / Zhao Z,xue-f-zhao-z,sofascore
423205,Moret R / Vivarelli D,moret-r-vivarelli-d,sofascore
425298,Diaz A / Takahashi B,diaz-a-takahashi-b,sofascore
425113,Svacha O.,svacha-ondrej,sofascore
425293,Vandor A.,vandor-andras,sofascore
425295,Staszczyk K.,staszczyk-konrad,sofascore
425388,Liu D / Yuan L,liu-d-yuan-l,sofascore
425390,Harimoto M / Nagasaki M,harimoto-m-nagasaki-m,sofascore
425299,Meissner C / Wan Y,meissner-c-wan-y,sofascore
425372,Yuan L / Liu W,yuan-l-liu-w,sofascore
425300,Harimoto T / Harimoto M,harimoto-t-harimoto-m,sofascore
393212,Kurmangaliyev A / Akasheva Z,kurmangaliyev-a-akasheva-z,sofascore
425393,Feng Y-H / Chen S-Y,feng-y-h-chen-s-y,sofascore
425291,Hnik J.,hnik-jiri,sofascore
425292,Legen J.,legen-julius,sofascore
425294,Sanchez S.,sanchez-sergio,sofascore
425367,Eremin V.,eremin-vladimir-vladimirovich,sofascore
425389,Nuytinck C / Rassenfosse A,nuytinck-c-rassenfosse-a,sofascore
425391,He Z / Shi X,he-z-shi-x,sofascore
425392,Fan S / Liu W,fan-s-liu-w,sofascore
425457,Vogel M.,vogel-matej,sofascore
425458,Jarkovsky O.,jarkovsky-otto,sofascore
425386,Vera V.,vera-victor,sofascore
425387,Karol Wisniewski,wisniewski-karol,sofascore
425472,Ivanov A.,ivanov-aleksandr,sofascore
425595,Fung J.,fung-jeff,sofascore
425873,Libovicky P.,libovicky-petr,sofascore
425648,Chrzescian R.,chrzescian-radoslaw,sofascore
419787,Andrii Regush,rehush-andrii,sofascore
425872,Jaromir Cernik,cernik-jaromir,sofascore
425874,Udovychenko S.,udovychenko-serhii,sofascore
439643,Miliutin P.,miliutin-pavel,sofascore
445926,Zalesky J.,zalesky-jan,sofascore
424230,Strnad J.,strnad-jaroslav-1964,sofascore
424227,Louda J.,louda-jiri,sofascore
424537,Hruska V.,hruska-vaclav,sofascore
445935,Hruska V.,hruska-vaclav-jr,sofascore
445936,Jindrak L.,jindrak-lukas,sofascore
424579,Vashchuk R.,vashchuk-roman,sofascore
424581,Kaptanovsky A.,kaptanovsky-andrey,sofascore
445948,Klimov V.,klimov-vitaliy,sofascore
424580,Zdrobylko B.,zdrobylko-b,sofascore
424350,May I.,may-ivan,sofascore
424352,Pismenniy E.,pismenniy-evgeniy,sofascore
445949,Kolos M.,kolos-maksym,sofascore
424313,Baystryuchenko D.,baystryuchenko-dmitriy,sofascore
424298,Krutko A.,krutko-aleksey,sofascore
424541,Gogenko S.,gogenko-sergiy,sofascore
424300,Kozyr I.,kozyr-ivan,sofascore
445950,Ivanchatenko V.,ivanchatenko-vladislav,sofascore
424546,Simonchuk D.,simonchuk-david,sofascore
424562,Baklykov A.,baklykov-andrey,sofascore
445951,Didukh O.,didukh-oleksandr,sofascore
445952,Boiko S.,boiko-serhii,sofascore
424550,Dubrovin D.,dubrovin-dmitry,sofascore
424561,Sandulenko U.,sandulenko-uriy,sofascore
424312,Dzyabura A.,dzyabura-aleksander,sofascore
424315,Plishilo V.,plishilo-v,sofascore
445383,Martinez J.,martinez-jose,sofascore
424565,Myrza A.,myrza-anton,sofascore
424560,Zhukovskij A.,zhukovskij-aleksandr,sofascore
424549,Lytvynenko M.,lytvynenko-mykola,sofascore
445956,Piskorskyu I.,piskorskyu-igor,sofascore
445384,Moreno D.,moreno-david,sofascore
424320,Sulc M.,sulc-martin,sofascore
424566,Teterya Y.,teterya-yuriy,sofascore
424567,Filatov S.,filatov-sergey,sofascore
445958,Pinchuk R.,pinchuk-roman,sofascore
445961,Khalaila A.,khalaila-adam,sofascore
424342,Zenyuk D.,zenyuk-dmitry,sofascore
424337,Haievyi N.,haievyi-nazarii,sofascore
445982,Golebiowski M.,golebiowski-mateusz,sofascore
445984,Chodorski P.,chodorski-piotr,sofascore
424393,Kosowski J.,kosowski-jakub,sofascore
424389,Wiecek A.,wiecek-adrian,sofascore
445989,Kotowski T.,kotowski-t,sofascore
445990,Dosz S.,dosz-slawomir,sofascore
424499,Balakin D.,balakin-dmitriy,sofascore
446006,Pandur I.,pandur-ivan,sofascore
446007,Voronov D.,voronov-dmitry,sofascore
446008,Serebrennikov A.,serebrennikov-alexandr,sofascore
424501,Zolotov A.,zolotov-andrey,sofascore
446009,Ilyukhin E.,ilyukhin-evgeniy,sofascore
424494,Makarenkov E.,makarenkov-evgeny-valerievich,sofascore
424436,Staroverov V.,staroverov-vladimir,sofascore
424497,Sayanov D.,sayanov-denis,sofascore
446010,Girevenkov A.,girevenkov-alik,sofascore
424428,Kutuzov O.,kutuzov-oleg,sofascore
424429,Chahur V.,chahur-vladislav,sofascore
446011,Doncenko A.,doncenko-andrey,sofascore
424451,Savinsky A.,savinsky-aleksandr,sofascore
446012,Tunitsyn D.,tunitsyn-dmitriy,sofascore
424447,Klavdenkov A.,klavdenkov-alexander,sofascore
424616,Merezhko A.,merezhko-alexandr,sofascore
446014,Golovachev E.,golovachev-eduard,sofascore
446017,Innazarov A.,innazarov-alexey,sofascore
424634,Pinkovskii P.,pinkovskii-pavel,sofascore
446020,Kuzmin S.,kuzmin-sergey,sofascore
424626,Kiselev M.,kiselev-maksim,sofascore
424627,Shirshov A.,shirshov-alexander,sofascore
424624,Aleksandrovskiy M.,aleksandrovskiy-mikhail,sofascore
424404,Fashchevskiy I.,fashchevskiy-ivan,sofascore
424423,Pirveli R.,pirveli-rodion,sofascore
445998,Kovalenko V.,kovalenko-vyacheslav,sofascore
445999,Krol Y.,krol-yan,sofascore
424414,Rodin A.,rodin-aleksey,sofascore
424400,Korobeynik S.,korobeynik-sergey,sofascore
424516,Derevinskiy D.,derevinskiy-dmitriy,sofascore
424408,Sharpay V.,sharpay-viktor,sofascore
446000,Andreev O.,andreev-oleg,sofascore
424407,Lyushnya A.,lyushnya-aleksandr,sofascore
424409,Ermoshin  .,ermoshin-sergey,sofascore
424600,"Mukha,Taras",mukhataras,sofascore
424425,Rubtsov E.,rubtsov-eduard,sofascore
424421,Krivorotko E.,krivorotko-e,sofascore
424419,Kirsanov K.,kirsanov-konstantin,sofascore
424422,Maksimenko A.,maksimenko-artem,sofascore
424410,Plush P.,plush-pavlo,sofascore
420136,Haug B / Carlsen R,haug-b-carlsen-r,sofascore
445515,Moullet B / Moret R,moullet-b-moret-r,sofascore
445516,Andersen M B / Matos I,andersen-m-b-matos-i,sofascore
445517,Habesohn D / Samara E,habesohn-d-samara-e,sofascore
445519,Konstantinopoulos K / Terpou E,konstantinopoulos-k-terpou-e,sofascore
445518,Jarvis T / Bardsley C,jarvis-t-bardsley-c,sofascore
445520,Caballero C / Zhang S-X,caballero-c-zhang-s-x,sofascore
445511,Uce A.,uce-amelia,sofascore
445938,Jicha D.,jicha-david,sofascore
445939,Pusch F.,pusch-frantisek,sofascore
424268,Polovka R.,polovka-roman,sofascore
424225,Havel L.,havel-ladislav,sofascore
424244,Kliuchuk R.,kliuchuk-rostyslav,sofascore
424231,Svoboda V.,svoboda-vladimir,sofascore
445965,Zharskiy V.,zharskiy-vitaliy,sofascore
424338,Maksimiv S.,maksimiv-sergey,sofascore
445968,Kuravskiy O.,kuravskiy-oleg,sofascore
445969,Syniavskyi I.,syniavskyi-ihor-2001,sofascore
424369,Tkachuk S.,tkachuk-serhiy,sofascore
445970,Medvedev A.,medvedev-aleksandr,sofascore
424370,Demchuk I.,demchuk-igor,sofascore
445972,Kiilo S.,kiilo-s,sofascore
424542,Yarovoi O.,yarovoi-oleksandr,sofascore
424372,Zapletniuk A.,zapletniuk-anatolii,sofascore
445973,Zakladnyi M.,zakladnyi-mykola,sofascore
424551,Pokydko S.,pokydko-sergey,sofascore
445976,Osmanoff R.,osmanoff-roman,sofascore
424583,Tsykhotskiy A.,tsykhotskiy-andrey,sofascore
424582,Tuchkevych V.,tuchkevych-volodymyr,sofascore
445529,Romanov A.,romanov-andrei,sofascore
445385,Stepien M.,stepien-marcin,sofascore
445386,Sosnowski G.,sosnowski-grzegorz,sofascore
446022,Klimentev V.,klimentev-vladimir,sofascore
446024,Poletaev I.,poletaev-igor,sofascore
424635,Tyurin E.,tyurin-evgeny,sofascore
424640,Valeriovich Nyrkov,valeriovich-nyrkov,sofascore
446029,Alekseev A.,alekseev-a,sofascore
424645,Monakov A.,monakov-alexander,sofascore
424461,Chernov V.,chernov-vjacheslav,sofascore
424642,Frolov A.,frolov-a-i,sofascore
445469,Malyshev M.,malyshev-maksim-sergeevich,sofascore
424481,Marshalov V.,marshalov-vladimir,sofascore
446035,Suntsov A.,suntsov-artem,sofascore
424441,Pravednov A.,pravednov-andrey,sofascore
446036,Kirilenko A.,kirilenko-a,sofascore
424440,Mihaylov I.,mihaylov-i-v,sofascore
446037,Myagkov S.,myagkov-sergey,sofascore
424452,Shirshov V.,shirshov-vasily,sofascore
446001,Misevra V.,misevra-vadim,sofascore
446002,Tymchenko V.,tymchenko-volodymyr,sofascore
424609,Kovalenko V.,kovalenko-v,sofascore
424418,Vavrenyuk S.,vavrenyuk-sergey,sofascore
424411,Onischenko R.,onischenko-ruslan,sofascore
446003,Abalmaz S.,abalmaz-s,sofascore
424402,Solovey V.,solovey-vitaliy,sofascore
424401,Akimov I.,akimov-igor,sofascore
446004,Buluy S.,buluy-sergey,sofascore
445387,Matachowski B.,matachowski-bartosz,sofascore
445390,Gaciarski M.,gaciarski-mateusz,sofascore
445389,Kedzierski P.,kedzierski-piotr,sofascore
445521,Ucinski R.,ucinski-rafal,sofascore
445609,Jarovoi M.,jarovoi-mark,sofascore
445545,Linek A.,linek-adam,sofascore
445626,Shulkov M.,shulkov-maxim,sofascore
445836,Tauchman D.,tauchman-denis,sofascore
445610,Muhlhauser Z.,muhlhauser-zdenek,sofascore
445611,Hluchy M.,hluchy-marek,sofascore
445671,Rutan C.,rutan-chip,sofascore
445856,Switalski J.,switalski-jacek,sofascore
445857,Gola P.,gola-pawel,sofascore
445837,Andersen M B / Rasmussen T K,andersen-m-b-rasmussen-t-k,sofascore
445838,Lind A V L / Wang Y,lind-a-v-l-wang-y,sofascore
445839,Israeli T / Piccolin J,israeli-t-piccolin-j,sofascore
445840,Kojic F / Zeljko F,kojic-f-zeljko-f,sofascore
445841,Berzosa D / Chirita L,berzosa-d-chirita-l,sofascore
445842,Haug / Rassenfosse,haug-rassenfosse,sofascore
445843,Martinko J / Sirucek P,martinko-j-sirucek-p,sofascore
410381,Jorgic D / Polansky T,jorgic-d-polansky-t,sofascore
445844,Redzimski M / Ursu V,redzimski-m-ursu-v,sofascore
419263,Arapovic H / Jeger M,arapovic-h-jeger-m,sofascore
445846,Bergand F / Muskantor R,bergand-f-muskantor-r,sofascore
445847,Sevcikova M / Solja A,sevcikova-m-solja-a,sofascore
446051,Brateyko S / Malobabic I,brateyko-s-malobabic-i,sofascore
461152,Diaconu A / Xiao M,diaconu-a-xiao-m,sofascore
445849,Matos I / Pinto M,matos-i-pinto-m,sofascore
445850,Arlia N / Monfardini G,arlia-n-monfardini-g,sofascore
445851,Moret R / Toliou A,moret-r-toliou-a,sofascore
445854,Puchovanova N / Yilmaz O,puchovanova-n-yilmaz-o,sofascore
445852,Lupulesku I / Vignjevic D,lupulesku-i-vignjevic-d,sofascore
445853,Munne M / Rodriguez A,munne-m-rodriguez-a,sofascore
445855,Surjan S / Todorovic A,surjan-s-todorovic-a,sofascore
446124,Pukk Oskar,pukk-oskar,sofascore
446125,Bozek P.,bozek-patryk,sofascore
446165,Kondur S.,kondur-satya,sofascore
446166,Mehta P.,mehta-partha,sofascore
446182,Miskolci K.,miskolci-kristof,sofascore
446322,Gandhi P.,gandhi-praj,sofascore
446323,Rudolf T.,rudolf-tomas,sofascore
446417,Mozol P.,mozol-pavel,sofascore
446418,Syroha M.,syroha-michal,sofascore
445388,Bucko D.,bucko-damian,sofascore
446419,Zapala K.,zapala-krzysztof,sofascore
446549,Bracha M.,bracha-michal,sofascore
446550,Masternak J.,masternak-jan,sofascore
446596,Nowak E.,nowak-emil,sofascore
446597,Staniszewski K.,staniszewski-kamil,sofascore
446602,Vaikla M.,vaikla-mikk,sofascore
446686,Tejuelo J.,tejuelo-jose-a,sofascore
446816,Karpati A.,karpati-agoston,sofascore
446883,Makarychev G.,makarychev-georgii,sofascore
446817,Lohvinenko O.,lohvinenko-oleksandr,sofascore
446818,Kibka V.,kibka-vitalii,sofascore
446962,Galus M.,galus-mateusz,sofascore
446961,Skvrna J.,skvrna-jan,sofascore
447058,Teras T.,teras-timo,sofascore
447262,Picek P.,picek-petr,sofascore
447263,Ciosek S.,ciosek-szymon,sofascore
447264,Prokop K.,prokop-karol,sofascore
447275,Song D.,song-dahua,sofascore
447277,Lialichev D.,lialichev-dmitrii,sofascore
447373,Malik M.,malik-mateusz,sofascore
447491,Hodak V.,hodak-vaclav,sofascore
447500,Bogatov D.,bogatov-dmitri,sofascore
447490,Chmelar M.,chmelar-milan,sofascore
447492,Maslowski M.,maslowski-maksymilian,sofascore
447945,Rabal A.,rabal-aitor,sofascore
447971,Kocvara T.,kocvara-tomas,sofascore
447972,Cibik P.,cibik-pavel,sofascore
447969,Bernhard D.,bernhard-denis,sofascore
448100,Kosacky A.,kosacky-adam,sofascore
448103,Rusnak A.,rusnak-ales,sofascore
448099,Vidourek J.,vidourek-jan,sofascore
448101,Filip Musil,musil-filip,sofascore
448102,Nosek D.,nosek-david,sofascore
448192,Grzebka M.,grzebka-mikolaj,sofascore
448190,Porubsky M.,porubsky-martin,sofascore
448191,Rubicky J.,rubicky-jan,sofascore
448266,Zabinski A.,zabinski-abel,sofascore
448267,Litomisky P.,litomisky-petr,sofascore
448268,Miszkurka J.,miszkurka-jakub,sofascore
448269,Czernecki R.,czernecki-robert,sofascore
448272,Safronov M.,safronov-maksim,sofascore
448270,Tiunik A.,tiunik-andrii,sofascore
448271,Bashmakov A.,bashmakov-andrii,sofascore
448545,Bedretdinov D.,bedretdinov-damir,sofascore
448546,Kutenkov D.,kutenkov-dmitrii,sofascore
448547,Utekhin V.,utekhin-viktor,sofascore
448693,Dorr E.,dorr-esteban,sofascore
448715,Gyorgy I.,gyorgy-istivan,sofascore
448632,Liu Y / Zhou Q,liu-y-zhou-q,sofascore
448633,Niu G / Sai L,niu-g-sai-l,sofascore
448634,Abdulwahhab M / Saadawi A,abdulwahhab-m-saadawi-a,sofascore
448635,Alim A / Almutairi T,alim-a-almutairi-t,sofascore
448638,An J / Lee S,an-j-lee-s,sofascore
448639,Balazova B / Zhang L,balazova-b-zhang-l,sofascore
448642,Wu Y / Zang X,wu-y-zang-x,sofascore
448643,Zang X.,zang-xiaotong,sofascore
448644,Yuqi Li.,li-yuqi,sofascore
448494,Hargas M.,hargas-martin,sofascore
448631,Feher B.,feher-balazs,sofascore
448737,Chamorro A.,chamorro-aimar,sofascore
448586,TT Joue Les Tours,tt-joue-les-tours,sofascore
448691,Liu Y / Chen X,liu-y-chen-x,sofascore
448692,Liang Y / Zang X,liang-y-zang-x,sofascore
448750,An J / Lee Z,an-j-lee-z,sofascore
448757,Zhou Q / Qian T,zhou-q-qian-t,sofascore
448758,Xu H / Wu Y,xu-h-wu-y,sofascore
447970,Sanchez P.,sanchez-pedro,sofascore
448751,Blocho P.,blocho-przemyslaw,sofascore
448752,Lukaszewski K.,lukaszewski-krystian,sofascore
448815,Sargu M.,sargu-mihai,sofascore
448636,Liang Y / Xu H,liang-y-xu-h,sofascore
448755,Akula S / Chitale D P,akula-s-chitale-d-p,sofascore
448645,Chu H.,chu-hanwen,sofascore
448756,Liang Y.,liang-yanning,sofascore
448759,Lim J / Shin Y,lim-j-shin-y,sofascore
448828,Kleczko D.,kleczko-darek,sofascore
448753,Stopinski P.,stopinski-pawel,sofascore
448926,Filimon L.,filimon-lucian-ovidiu,sofascore
326653,Gwiazda Bydgoszcz,gwiazda-bydgoszcz,sofascore
448583,AD Muravera TT,ad-muravera-tt,sofascore
448584,Entente Saint Pierraise Tt,entente-saint-pierraise-tt,sofascore
448582,ASV Tt Sudtirol,asv-tt-sudtirol,sofascore
448588,Hortitec Alzira TT,hortitec-alzira-tt,sofascore
448587,Batts,batts,sofascore
448581,ASD Tennistavolo Castel Goffredo,asd-tennistavolo-castel-goffredo,sofascore
448580,Museo de la Almendra Francisco Morales,museo-de-la-almendra-francisco-morales,sofascore
448963,Dwojak H.,dwojak-hubert,sofascore
448962,Plachta N.,plachta-norbert,sofascore
449168,Kuzma D.,kuzma-dominik,sofascore
449169,Korp J.,korp-julius,sofascore
449172,Bradac V.,bradac-vitek,sofascore
449170,Urbanowicz K.,urbanowicz-karol,sofascore
449171,Wojewodka M.,wojewodka-michal,sofascore
449174,Surkin M.,surkin-maksim,sofascore
449431,Martinez J.,martinez-jose-angel,sofascore
449256,Antonov R.,antonov-roman,sofascore
449503,Vaarpu M.,vaarpu-madis,sofascore
449502,Molodykh A.,molodykh-andrei-sergeevich,sofascore
449542,Chen C-A / Lin Y-J,chen-c-a-lin-y-j,sofascore
449543,Chen Yu / Chen Yi,chen-yu-chen-yi,sofascore
449548,Lin Y-J / Chen S-Y,lin-y-j-chen-s-y,sofascore
449549,Falck M / Kallberg C,falck-m-kallberg-c,sofascore
449550,Wetzel F / Scholz V,wetzel-f-scholz-v,sofascore
449554,Pang Y E K / Rolland J,pang-y-e-k-rolland-j,sofascore
449559,Ashkeyeva A / Scholz V,ashkeyeva-a-scholz-v,sofascore
448640,Leng Y / Li Y,leng-y-li-y,sofascore
449555,Chasselin P / Wan Y,chasselin-p-wan-y,sofascore
449580,Fan S.,fan-shuhan,sofascore
449546,Kamil Rudomina,rudomina-kamil,sofascore
449547,Hanl A.,hanl-ales,sofascore
449535,Dvornichenko Y.,dvornichenko-yury-mikhailovich,sofascore
449604,Denisov A.,denisov-aleksei-viacheslavovich,sofascore
449551,Kallberg A / Bergstrom L,kallberg-a-bergstrom-l,sofascore
393191,Kurmambayev S / Zholudev D,kurmambayev-s-zholudev-d,sofascore
449603,Shtofmakher S.,shtofmakher-simon,sofascore
449614,Artemov A.,artemov-andrei,sofascore
449613,Durak K.,durak-kamil,sofascore
449717,Polenov V.,polenov-viacheslav-sergeevich,sofascore
449716,Ocipka D.,ocipka-dominik,sofascore
449965,Sulc J.,sulc-jiri,sofascore
449966,Garifullin S.,garifullin-sergei,sofascore
450280,Nypl M.,nypl-martin,sofascore
450282,Witkowski T.,witkowski-tomasz,sofascore
450283,Kovtanyuk D.,kovtanyuk-denys,sofascore
450281,Csaba V.,csaba-varga,sofascore
450284,Matonin A.,matonin-andrey-viktorovich,sofascore
450427,Wierzbicki R.,wierzbicki-radoslaw,sofascore
450318,Molenda D.,molenda-dariusz,sofascore
450428,Dauensteiner M.,dauensteiner-michael,sofascore
450429,Reiml J.,reiml-jochen,sofascore
450430,Maier M.,maier-markus,sofascore
450539,Zakrzynski D.,zakrzynski-dominik,sofascore
450540,Alvarez M.,alvarez-mario-r,sofascore
450541,Jefremov O.,jefremov-oleg,sofascore
450529,Perminov V.,perminov-vasily-leonidovich,sofascore
450589,Lyzwinski J.,lyzwinski-jacek,sofascore
450677,Modi N.,modi-narendra,sofascore
450754,Loof M.,loof-maxi,sofascore
450755,Seyffarth S.,seyffarth-stefan,sofascore
450756,Eder R.,eder-robert,sofascore
450590,Sinicki M.,sinicki-maciej,sofascore
450860,Stochmal M.,stochmal-maciej,sofascore
450859,Loffler J.,loffler-jeromy,sofascore
450944,Baryshnikov E.,baryshnikov-evgenii-alekseevich,sofascore
450861,Ibanez F.,ibanez-francisco,sofascore
450862,Garcia Jose A,garcia-jose-a,sofascore
451123,Arce D.,arce-dario,sofascore
450975,Zhukov G.,zhukov-grigorii,sofascore
451292,Astashonok V.,astashonok-vladimir-nikolaevich,sofascore
451122,Spacek O.,spacek-oskar,sofascore
451182,Nemec M.,nemec-martin,sofascore
451124,Zilken S.,zilken-sebastian,sofascore
451125,Grassl W.,grassl-walter,sofascore
451381,Trefny J.,trefny-jan,sofascore
451382,Klaus H.,klaus-hanke,sofascore
451383,Wasler R.,wasler-robert,sofascore
451394,Veelain E.,veelain-ermo,sofascore
451392,Rakhmatov A.,rakhmatov-aleksandr,sofascore
451466,Tomasch D.,tomasch-david,sofascore
451395,Gil F.,gil-francisco-j,sofascore
451465,Yam S.,yam-shing,sofascore
451523,Lubas M.,lubas-miloslav,sofascore
451525,Jez G.,jez-grzegorz,sofascore
451524,Pelikan J.,pelikan-josef,sofascore
451769,Kwapis J.,kwapis-jakub,sofascore
452315,Guzy K.,guzy-karol,sofascore
452317,Kultsanov O.,kultsanov-oleksii,sofascore
452316,Alonso O.,alonso-oscar-i,sofascore
452354,Framberk J.,framberk-jan,sofascore
452389,Dvorak F.,dvorak-frantisek,sofascore
452388,Dorcescu D.,dorcescu-denis,sofascore
452399,Yam W.,yam-wing,sofascore
452457,Makarov A.,makarov-aleksandr,sofascore
452458,Buric R.,buric-roman,sofascore
452494,Trinta M.,trinta-mihail,sofascore
452588,Strejc F.,strejc-filip,sofascore
452495,Grzegorz Adamiak,adamiak-grzegorz,sofascore
452636,Arak M.,arak-mihkel,sofascore
452635,Zimmermann K.,zimmermann-karl,sofascore
452839,Spagis E.,spagis-eduards,sofascore
452840,Cemirtans A.,cemirtans-andrejs,sofascore
452841,Libovicky V.,libovicky-vladimir,sofascore
452642,Eliasz A.,eliasz-adrian,sofascore
452846,Piecowski M.,piecowski-miroslaw,sofascore
452847,Molchanov T.,molchanov-timur,sofascore
452848,Ermolov D.,ermolov-dmitriy,sofascore
452842,Kravcuns K.,kravcuns-kaspars,sofascore
452843,Freibergs M.,freibergs-maris,sofascore
452844,Bergmanis R.,bergmanis-rudolfs,sofascore
452845,Pavlovs D.,pavlovs-davis,sofascore
452965,Adamus M.,adamus-mariusz,sofascore
452967,Berzins E.,berzins-ervins,sofascore
453028,Glazunovs V.,glazunovs-vitalijs,sofascore
453029,Jahontovs K.,jahontovs-kirills,sofascore
453030,Sullakatko H.,sullakatko-heiki,sofascore
453031,Lutinskis E.,lutinskis-emils,sofascore
453032,Mazurek W.,mazurek-wieslaw,sofascore
453037,Bokov A.,bokov-andrei,sofascore
453033,Lesnicenoks J.,lesnicenoks-janis,sofascore
453034,Pavlovskis A.,pavlovskis-aigars,sofascore
453035,Kuznetsovs A.,kuznetsovs-aleksejs,sofascore
453036,Salnikovs J.,salnikovs-jevgenijs,sofascore
453196,Krastins R.,krastins-raivis,sofascore
453197,Larkovs A.,larkovs-aleksejs,sofascore
453198,Bergs A.,bergs-anrijs,sofascore
453199,Ayoub O.,ayoub-olive,sofascore
453321,Vanecek P.,vanecek-petr,sofascore
453322,Kos P.,kos-pawel,sofascore
453601,Rygl L.,rygl-lukas,sofascore
454093,Cirulis M.,cirulis-maris,sofascore
454120,Reinholds D.,reinholds-dainis,sofascore
454121,Hallik L.,hallik-lauri,sofascore
454648,Novotny J.,novotny-jaroslav,sofascore
454482,Golubevs N.,golubevs-nikolajs,sofascore
454651,Gawryolek P.,gawryolek-pawel,sofascore
412843,Zyuganov O.,zyuganov-oleg,sofascore
454649,Glowacz R.,glowacz-remigiusz,sofascore
454650,Cech J.,cech-jiri,sofascore
454798,Skotniczny R.,skotniczny-rafal,sofascore
454799,Szappanos C.,szappanos-csaba,sofascore
454800,Thakkar N.,thakkar-nilay,sofascore
454843,Fojtik J.,fojtik-jan,sofascore
454867,Salong M.,salong-martin,sofascore
454914,Konishi K.,konishi-kaii,sofascore
454919,Jagos V.,jagos-vaclav,sofascore
454927,Stepanov A.,stepanov-anton,sofascore
455034,Grofova K.,grofova-karin,sofascore
455012,Was B.,was-bartlomiej,sofascore
455079,Eihmanis G.,eihmanis-gints,sofascore
455080,Ferencz V.,ferencz-victor,sofascore
455078,Tauler N.,tauler-norbert,sofascore
455084,Sokolov A.,sokolov-anton,sofascore
455251,Ibarra J.,ibarra-jose-m,sofascore
455184,Aengenheyster L.,aengenheyster-linus,sofascore
455464,Jovlevs M.,jovlevs-maksims,sofascore
455486,Iyer N.,iyer-nandu,sofascore
455487,Jarve J.,jarve-janno,sofascore
455485,Gil G.,gil-grzegorz,sofascore
455488,Widauer K.,widauer-konstantin,sofascore
455526,Grzegorz Poliniewicz,poliniewicz-grzegorz,sofascore
455525,Fisera M.,fisera-milan,sofascore
455585,Pazout D.,pazout-daniel,sofascore
455560,Gedroics V.,gedroics-vjaceslavs,sofascore
455625,Nevezhin G.,nevezhin-gennadiy,sofascore
455623,Marciniak D.,marciniak-damian,sofascore
455624,Jadach O.,jadach-oskar,sofascore
455743,Stala K.,stala-krzysztof,sofascore
455851,Rodriguez R.,rodriguez-ruben,sofascore
455852,Knazik O.,knazik-ondrej,sofascore
455847,Hubgen M.,hubgen-mathias,sofascore
456076,Stapor D.,stapor-dawid,sofascore
456077,Chavez P.,chavez-pedro,sofascore
456079,Kindl F.,kindl-fabian,sofascore
456080,Puhringer D.,puhringer-david,sofascore
456166,Vladimirovich K.,vladimirovich-konstantinov-sergei,sofascore
456167,Smyshnikov M.,smyshnikov-maksim,sofascore
456271,Oikawa M / Tanaka Y,oikawa-m-tanaka-y,sofascore
456272,Jee M / Liu Y,jee-m-liu-y,sofascore
456273,Scholz V / Solja A,scholz-v-solja-a,sofascore
456274,Akula S / Chitale D P,akula-s-chitale-d-p,sofascore
456188,Bartl R.,bartl-rostislav,sofascore
456280,Jankovskis J.,jankovskis-janis,sofascore
456189,Golovanov G.,golovanov-gleb,sofascore
456276,Haug B / Liu Y,haug-b-liu-y,sofascore
456338,Nashed J.,nashed-joshua,sofascore
456351,Tuls R.,tuls-rolands,sofascore
456352,Chernov A.,chernov-artem,sofascore
456269,Shinozuka H / Togami S,shinozuka-h-togami-s,sofascore
456432,Soumar V.,soumar-vladimir,sofascore
456370,Such B.,such-bartosz,sofascore
456523,Iglo Leypold M.,iglo-leypold-matej,sofascore
456518,Schweizer T.,schweizer-tim,sofascore
456524,Pluhar J.,pluhar-jan,sofascore
456713,Prokes J.,prokes-jan,sofascore
456714,Brynych J.,brynych-jaroslav,sofascore
456715,Nesterov M.,nesterov-maksim,sofascore
456840,Flicek T.,flicek-tomas,sofascore
456852,Marszal W.,marszal-wojciech,sofascore
456853,Zamyslicky J.,zamyslicky-jaroslav,sofascore
456899,Caragea C.,caragea-claudia,sofascore
411158,Otruba P.,otruba-petr,sofascore
456914,Hrudka P.,hrudka-petr,sofascore
456915,Garnes F.,garnes-francisco,sofascore
456912,Hlawatschke A.,hlawatschke-ales,sofascore
457045,Fernandez D.,fernandez-dave,sofascore
457046,Kulkarni A.,kulkarni-aryan,sofascore
456965,Meshcheriakov S.,meshcheriakov-stanislav,sofascore
457047,Kozyrev A.,kozyrev-andrei,sofascore
457058,Dvorak J.,dvorak-jakub,sofascore
457062,Mierzynski P.,mierzynski-pawel,sofascore
457063,Kuceba S.,kuceba-sergejs,sofascore
457064,Dytko D.,dytko-dawid,sofascore
457141,Baran S.,baran-sebastian,sofascore
457142,Mleczko B.,mleczko-bartlomiej,sofascore
457198,Piotrowski T.,piotrowski-tadeusz,sofascore
457191,Zhelubenkov A.,zhelubenkov-alexandr,sofascore
457266,Kawiak K.,kawiak-krystian,sofascore
457276,Sohrabi M.,sohrabi-mohammed-javad,sofascore
457483,Tomsia S.,tomsia-slawomir,sofascore
457486,Coro M.,coro-manuel,sofascore
457568,Pirson R.,pirson-raul,sofascore
457665,Pajares M.,pajares-marta,sofascore
457815,Dudzinski J.,dudzinski-jakub,sofascore
457859,Ding Y.,ding-yaping,sofascore
457868,Boguta M.,boguta-michal,sofascore
457869,Wolosowicz J.,wolosowicz-jakub,sofascore
457934,Krol D.,krol-daniel,sofascore
457990,Gronowski W.,gronowski-wojciech,sofascore
457989,Karam S.,karam-salim,sofascore
458132,Hnizdo P.,hnizdo-petr,sofascore
458133,Fernandez J.,fernandez-jaime,sofascore
458237,Kruti S.,kruti-stanislav,sofascore
458266,Kobayashi H.,kobayashi-hiromu,sofascore
458268,Longin M.,longin-milan,sofascore
458270,Mroszczyk K.,mroszczyk-karol,sofascore
458281,Wolosowicz L.,wolosowicz-lukasz,sofascore
458288,Polanski P.,polanski-pawel,sofascore
458323,Prieto C.,prieto-cristina,sofascore
458361,Loch J.,loch-jakub,sofascore
458362,Vashkov A.,vashkov-anton,sofascore
458386,Wilk L.,wilk-leszek,sofascore
458393,Simon Kadavy,kadavy-simon,sofascore
458469,Spalek M.,spalek-michal,sofascore
458470,Vovks M.,vovks-maksims,sofascore
458527,Jozala W.,jozala-waldemar,sofascore
458582,Neumann J.,neumann-josephina,sofascore
458553,Miljand B.,miljand-beto,sofascore
458586,Krejci T.,krejci-tomas,sofascore
458587,Bukhtiiarov I.,bukhtiiarov-ivan,sofascore
458554,Telykh A.,telykh-anastasiia,sofascore
458555,Umantsiv O.,umantsiv-olga,sofascore
458691,Jan S.,jan-steffan,sofascore
458743,Zuzanek J.,zuzanek-jiri,sofascore
458738,Tolkacevs V.,tolkacevs-viktors,sofascore
458744,Modrzejewski S.,modrzejewski-szymon,sofascore
458798,Vrba J.,vrba-jindrich,sofascore
458799,Glanowski W.,glanowski-waldemar,sofascore
458800,Kastner K.,kastner-karel,sofascore
458802,Zanik Y.,zanik-yulianna,sofascore
458841,Rasskazov M.,rasskazov-maksim,sofascore
458801,Chuzha Y.,chuzha-yurii,sofascore
458852,Kuczera D.,kuczera-dariusz,sofascore
458856,Turek T.,turek-tomas,sofascore
458857,Dousa T.,dousa-tomas,sofascore
458956,Pulkrabek V.,pulkrabek-vaclav,sofascore
458891,Terentjevs E.,terentjevs-evgenijs,sofascore
458858,Sokolowski L.,sokolowski-lukasz,sofascore
458992,Kadlec V.,kadlec-vladimir,sofascore
458987,Legat P.,legat-petr,sofascore
458993,Ruiz A.,ruiz-alberto,sofascore
459038,Lamer M.,lamer-maciej,sofascore
459042,Piper M.,piper-myron,sofascore
459045,Slawinski K.,slawinski-kacper,sofascore
459046,Tony Hu.,hu-tony,sofascore
458745,Jurzak L.,jurzak-lukasz,sofascore
459029,Kobayashi,kobayashi,sofascore
459105,Balcar F.,balcar-frantisek,sofascore
459106,Raczek M.,raczek-marcin,sofascore
343956,Andreev D.,andreev-dmitry,sofascore
459107,Krejci R.,krejci-richard,sofascore
459140,Kazda V.,kazda-vojtech,sofascore
459141,Sobczyk S.,sobczyk-sebastian,sofascore
459127,Brednikov M.,brednikov-mikhail,sofascore
459197,Vilhan M.,vilhan-martin,sofascore
459142,Malcher K.,malcher-krzysztof,sofascore
459198,Kaznowski L.,kaznowski-lukasz,sofascore
459199,Ineman R.,ineman-robert,sofascore
459230,Ruchomski L.,ruchomski-lukasz,sofascore
459327,Praaman M.,praaman-meelis,sofascore
459354,Yushkovski A.,yushkovski-alex,sofascore
459394,Adam M.,adam-milan,sofascore
459395,Hubsch O.,hubsch-otto,sofascore
459396,Sawczak M.,sawczak-milosz,sofascore
459389,Mitas J.,mitas-jacek,sofascore
459426,Lubos Krticka,krticka-lubos,sofascore
459448,Aistris A.,aistris-andris,sofascore
459427,Kaczmarek K.,kaczmarek-krzysztof,sofascore
459447,Milata V.,milata-vladimir,sofascore
459485,Madej L.,madej-lukasz,sofascore
459486,Stepuch D.,stepuch-dominik,sofascore
459523,Wang X.,wang-xin,sofascore
459526,Gillen S.,gillen-sasha-alexander,sofascore
459484,Necas M.,necas-miroslav,sofascore
459487,Borys S.,borys-sebastian,sofascore
459543,Panic M.,panic-marko,sofascore
459540,Mlynarski F.,mlynarski-filip,sofascore
459660,Brunner M.,brunner-marian,sofascore
459722,Gatner P.,gatner-patryk,sofascore
459723,Fejfar J.,fejfar-jakub,sofascore
459737,Puszkariow K.,puszkariow-konstantyn,sofascore
459738,Valerijs B.,valerijs-badejevs,sofascore
459747,Fomin Y.,fomin-yurij,sofascore
459752,Ruselis J.,ruselis-janis,sofascore
459757,Briza F.,briza-frantisek,sofascore
459764,Matejczyk Mateusz,matejczyk-mateusz,sofascore
459793,Kaczynski  .,kaczynski-piotr,sofascore
459804,Sebek O.,sebek-ondrej,sofascore
459814,Nemec A.,nemec-ales,sofascore
459806,Kodera Filip,kodera-filip,sofascore
459805,Baran Robert,baran-robert,sofascore
459815,Wierzbicki M.,wierzbicki-marek,sofascore
459816,Bardon P.,bardon-piotr,sofascore
459826,All T.,all-tarmo,sofascore
459827,Wersche T.,wersche-thomas,sofascore
459846,Rudnikovs A.,rudnikovs-arturs,sofascore
459817,Waclaw Suchecki,suchecki-waclaw,sofascore
459818,Czyrnia K.,czyrnia-krzysztof,sofascore
459850,Sanc V.,sanc-vojtech,sofascore
459851,Mineikis R.,mineikis-ramuns,sofascore
459865,Andris Austrins,andris-austrins,sofascore
459866,Wydra Dariusz,wydra-dariusz,sofascore
459867,Kolodziej K.,kolodziej-krystian,sofascore
459926,Sochor M.,sochor-martin,sofascore
459960,Schaniel K.,schaniel-krzysztof,sofascore
459961,Svarc Ondrej,svarc-ondrej,sofascore
459927,Buczynski W.,buczynski-witold,sofascore
459928,Kotyl K.,kotyl-krzysztof,sofascore
459997,Tetla T.,tetla-tomasz,sofascore
460033,Nurmits I.,nurmits-indrek,sofascore
459962,Kisielewicz D.,kisielewicz-daniel,sofascore
460048,Shmelev A.,shmelev-aleksandr,sofascore
460101,Kociuba F.,kociuba-filip,sofascore
460119,Kaczorek M.,kaczorek-marek,sofascore
460117,Petr Serak,serak-petr,sofascore
460118,Odstrcilik T.,odstrcilik-tadeas,sofascore
460120,Jankowski Jakub,jankowski-jakub,sofascore
460138,Ozols M.,ozols-markus,sofascore
460137,Kumpel D.,kumpel-david,sofascore
460121,Bedretdinov R.,bedretdinov-rustam,sofascore
460139,Nurmukhamedov M.,nurmukhamedov-mikhail,sofascore
460151,Monik P.,monik-petr,sofascore
460210,Legat M.,legat-mateusz,sofascore
460304,Natkaniec M.,natkaniec-michal,sofascore
460305,Kharchenko P.,kharchenko-philip,sofascore
460306,Scigany D.,scigany-dariusz,sofascore
460307,Jaskiewicz J.,jaskiewicz-jacek,sofascore
460333,Yongyin Li.,li-yongyin,sofascore
460528,Oracz L.,oracz-lukasz,sofascore
460468,Hanak P.,hanak-petr,sofascore
460554,Vesely J.,vesely-jiri,sofascore
460555,Oracz M.,oracz-michal,sofascore
460556,Tigane A.,tigane-aldu,sofascore
460557,Rosokha O.,rosokha-oleksandra,sofascore
460631,Cogill T / Maphanga Z,cogill-t-maphanga-z,sofascore
460632,Abrahams L / Kalam M,abrahams-l-kalam-m,sofascore
460629,Yang T-Y / Huang Y-J,yang-t-y-huang-y-j,sofascore
460626,Lebrun F / Pavade P,lebrun-f-pavade-p,sofascore
460628,Nathoo C / Patel D,nathoo-c-patel-d,sofascore
460627,Xue F / Qian T,xue-f-qian-t,sofascore
460625,Franziska P / Shan X,franziska-p-shan-x,sofascore
460624,Lingeveldt K / Edwards L,lingeveldt-k-edwards-l,sofascore
460630,Huang Y-C / Yeh Y-T,huang-y-c-yeh-y-t,sofascore
460644,Maphanga Z.,maphanga-zodwa,sofascore
460643,Patel D.,patel-danisha,sofascore
460657,Mooketsi N.,mooketsi-ndelu,sofascore
460659,Sapire T.,sapire-tevia,sofascore
460662,Bacovsky D.,bacovsky-david,sofascore
460635,Abrahams L / Lingeveldt K,abrahams-l-lingeveldt-k,sofascore
460637,Sapire T / Scholtz R,sapire-t-scholtz-r,sofascore
460633,Huang Y-C / Yang T-Y,huang-y-c-yang-t-y,sofascore
460634,Liang Y / Xue F,liang-y-xue-f,sofascore
460636,Gauzy S / Lebrun F,gauzy-s-lebrun-f,sofascore
460638,Beukes L / Levy D,beukes-l-levy-d,sofascore
460639,Picard V / Rolland J,picard-v-rolland-j,sofascore
460640,Suravajjula S / Thakkar M V,suravajjula-s-thakkar-m-v,sofascore
460641,Cogill T / Nathoo C,cogill-t-nathoo-c,sofascore
460642,Chen Y / Lin S,chen-y-lin-s,sofascore
460645,Yeh Y.,yeh-yi-tian,sofascore
460650,Huang Y-J / Yeh Y-T,huang-y-j-yeh-y-t,sofascore
266945,Altinkaya S / Meshref D,altinkaya-s-meshref-d,sofascore
460655,Mookrey S / Nomdo J,mookrey-s-nomdo-j,sofascore
460651,Lutz Ch / Pavade P,lutz-ch-pavade-p,sofascore
460653,Maphanga Z / Patel D,maphanga-z-patel-d,sofascore
460654,Bajor N / Winter S,bajor-n-winter-s,sofascore
460652,Kukulkova T / Moret R,kukulkova-t-moret-r,sofascore
460646,Edwards L / Kalam M,edwards-l-kalam-m,sofascore
460647,Qian T / Shi X,qian-t-shi-x,sofascore
460648,Balazova B / Lutz CA,balazova-b-lutz-ca,sofascore
460649,de Nutte S / Gonderinger T,de-nutte-s-gonderinger-t,sofascore
460656,Kao C.,kao-cheng-jui,sofascore
460660,Cogill T.,cogill-theo,sofascore
460658,Nathoo C.,nathoo-chetan,sofascore
460663,Jahoda M.,jahoda-martin,sofascore
460713,Xu H / Xu Y,xu-h-xu-y,sofascore
460755,Nemec J.,nemec-josef,sofascore
460756,Morawski Piotr,morawski-piotr,sofascore
460758,Vanek P.,vanek-petr,sofascore
460759,Janus S.,janus-slawomir,sofascore
460757,Cherniavska A.,cherniavska-alina,sofascore
460811,Krupa S.,krupa-sebastian,sofascore
460863,Szostak M.,szostak-michal,sofascore
460884,Gola K.,gola-krzysztof,sofascore
460885,Krukar P.,krukar-piotr,sofascore
460886,Gastelum P.,gastelum-pablo,sofascore
460887,Wiza R.,wiza-roman,sofascore
460888,Spiegel J.,spiegel-jan,sofascore
460901,Saldakeev R.,saldakeev-roman,sofascore
461074,Rafal Stapor,stapor-rafal,sofascore
461075,Libene E.,libene-elvis,sofascore
461076,Lara J.,lara-juan,sofascore
461077,Shutov O.,shutov-oleg,sofascore
461155,Mantz C / Schreiner F,mantz-c-schreiner-f,sofascore
461161,Pinc S.,pinc-stanislav,sofascore
461078,Dulov A.,dulov-aleksandr,sofascore
461162,Sporek S.,sporek-szymon,sofascore
461163,Olencki R.,olencki-robert,sofascore
461158,Feng Y-H / Li H-Yu,feng-y-h-li-h-yu,sofascore
462024,Mamidyala N.,mamidyala-naveen,sofascore
462025,Kolek M.,kolek-maciej,sofascore
462026,Sroczynski M.,sroczynski-mateusz,sofascore
462049,Warzecha M.,warzecha-miroslaw,sofascore
462146,Antos M.,antos-miroslav,sofascore
462081,Sinica A.,sinica-aleksandrs,sofascore
462082,Martinek J.,martinek-jaroslav,sofascore
462083,Molka B.,molka-bartlomiej,sofascore
462050,Wisniewski B.,wisniewski-bartlomiej,sofascore
462080,Bonsch R.,bonsch-richard,sofascore
462148,Gudz Z.,gudz-zbigniew,sofascore
462187,Molenda J.,molenda-jan,sofascore
462193,Bejman R.,bejman-robert,sofascore
462215,Kasik Z.,kasik-zdenek-st,sofascore
462216,Calderon d.,calderon-de-andre,sofascore
462217,Sepp M.,sepp-meelis,sofascore
462289,Vyvial P.,vyvial-pavel,sofascore
462290,Gribusts R.,gribusts-renars,sofascore
462218,Szymanski F.,szymanski-filip,sofascore
462395,Plotnikov E.,plotnikov-evgenii,sofascore
462544,Pukkonen E.,pukkonen-eduard,sofascore
462578,Pilner J.,pilner-jaroslav,sofascore
462579,Seidenfeld I.,seidenfeld-ian,sofascore
462580,Morawiec D.,morawiec-daniel,sofascore
462582,Bobriakov A.,bobriakov-aleksei,sofascore
462581,Chudzicki M.,chudzicki-maksym,sofascore
462652,Pacia B.,pacia-bartlomiej,sofascore
462651,Jonas J.,jonas-jaroslav-jr,sofascore
462716,Rokita G.,rokita-gracjan,sofascore
462772,Sochurek V.,sochurek-vitezslav,sofascore
462873,Kukawka M.,kukawka-milosz,sofascore
462874,Przebierala T.,przebierala-tomasz,sofascore
462947,Maasalu A.,maasalu-andi,sofascore
462948,Skupinski A.,skupinski-arkadiusz,sofascore
462996,Mirzojans R.,mirzojans-roberts,sofascore
463074,Noglik L.,noglik-lukasz,sofascore
463075,Steinbach A.,steinbach-andrus,sofascore
292046,Hoermann H.,hoermann-hannes,sofascore
462950,Amelchenko S.,amelchenko-sergei,sofascore
463156,Wnek A.,wnek-andrzej,sofascore
463076,Guslistov V.,guslistov-vadim,sofascore
463181,Murcia J.,murcia-javier,sofascore
463182,Sikora M.,sikora-mariusz,sofascore
463183,Priscak P.,priscak-petr,sofascore
463185,Piotrowski M.,piotrowski-marcin,sofascore
463184,Mora S.,mora-szymon,sofascore
463134,Chaudhary S.,chaudhary-sanjeev,sofascore
463224,Dassarma D.,dassarma-dev,sofascore
463225,Zhang P.,zhang-peter,sofascore
463267,Mista S.,mista-sylwester,sofascore
463269,Rajesh Deepit,rajesh-deepit,sofascore
463268,Seroka S.,seroka-szymon,sofascore
463320,Zatecka L.,zatecka-ladislav,sofascore
463270,Wiekiera A.,wiekiera-arkadiusz,sofascore
463437,Ibarra A.,ibarra-alberto,sofascore
463438,Sokolowski J.,sokolowski-janusz,sofascore
463439,Matkovskyi A.,matkovskyi-andrii,sofascore
463539,Idaczyk R.,idaczyk-rafal,sofascore
463568,Escalona H.,escalona-heruan,sofascore
463569,Alvarado V.,alvarado-victor,sofascore
463540,Chmielowski J.,chmielowski-jakub,sofascore
463582,Adamski L.,adamski-lukasz,sofascore
463562,Alhourani H / Khader K,alhourani-h-khader-k,sofascore
463673,Vich L.,vich-lukas,sofascore
463674,Kumar V.,kumar-vijay,sofascore
463678,Zoladek D.,zoladek-dariusz,sofascore
463679,Przesmycki P.,przesmycki-przemyslaw,sofascore
463583,Kotyl W.,kotyl-wojciech,sofascore
463677,Wojciech Iwasyszyn,iwasyszyn-wojciech,sofascore
463704,Rasskazov A.,rasskazov-anton,sofascore
463726,Votava M.,votava-milan,sofascore
463779,Juszczyk K.,juszczyk-krzysztof,sofascore
463780,Hardikar M.,hardikar-mandar-rajeev,sofascore
463781,Jendrzejewski P.,jendrzejewski-patryk,sofascore
463803,Klocek K.,klocek-kamil,sofascore
463804,Abellan R.,abellan-raymon,sofascore
463828,Bogdenko V.,bogdenko-viktor,sofascore
463805,Dusik S.,dusik-stanislav,sofascore
463806,Cich A.,cich-adrian,sofascore
463954,Piegza A.,piegza-adrian,sofascore
463927,Szczepanek B.,szczepanek-blazej,sofascore
463829,Loginov S.,loginov-sergei,sofascore
463952,Grachev E.,grachev-evgenii,sofascore
464009,Skwara D.,skwara-damian,sofascore
464055,Lopusan M.,lopusan-milan,sofascore
464056,Sorksep R.,sorksep-rene,sofascore
464074,Yang R.,yang-ray,sofascore
464081,Pyda L.,pyda-lukasz,sofascore
464292,Bauer H.,bauer-horst,sofascore
464082,Lampe T.,lampe-tanel,sofascore
464310,Cukierda G.,cukierda-grzegorz,sofascore
464309,Pishchuk D.,pishchuk-dmitrii,sofascore
464311,Mroczka M.,mroczka-marcel,sofascore
464387,Feng J.,feng-jackie,sofascore
464396,Jonik K.,jonik-krzysztof,sofascore
464397,Florian T.,florian-teuber,sofascore
464518,Gorecki W.,gorecki-wojciech,sofascore
464625,Staporek A.,staporek-adam,sofascore
464422,Sergei Kogotkov,kogotkov-sergei,sofascore
464556,Wisniewski B.,wisniewski-bartek,sofascore
464712,Jedrzejak P.,jedrzejak-patryk,sofascore
464788,Wydmuch K.,wydmuch-karol,sofascore
464789,Schneider J.,schneider-jakob,sofascore
464790,Osana A.,osana-alexander,sofascore
464791,Bohmert T.,bohmert-thomas,sofascore
464792,Klaus F.,klaus-franz,sofascore
464797,Tobiasz W.,tobiasz-wojciech,sofascore
464832,Lewczuk D.,lewczuk-dariusz,sofascore
464833,Japanwala S.,japanwala-shakeel,sofascore
464813,Chudy M.,chudy-marcin,sofascore
464814,Lysakowski M.,lysakowski-michal,sofascore
464913,Bhanja R / Mukherjee S,bhanja-r-mukherjee-s,sofascore
464914,Kang D / Suh H,kang-d-suh-h,sofascore
464908,Jain P / Ghorpade Y,jain-p-ghorpade-y,sofascore
464909,Chandra J / Ghosh S,chandra-j-ghosh-s,sofascore
464905,Oikawa M / Nagasaki M,oikawa-m-nagasaki-m,sofascore
464906,Shah M U / Akula S,shah-m-u-akula-s,sofascore
464907,Desai V / Chakraborti P,desai-v-chakraborti-p,sofascore
464911,Park G / Yoon H,park-g-yoon-h,sofascore
464910,Cho S / Lee Z,cho-s-lee-z,sofascore
420134,CHO D / Kim N,cho-d-kim-n,sofascore
464912,Suravajjula S / Chitale D P,suravajjula-s-chitale-d-p,sofascore
464915,Chakraborti P.,chakraborti-prithoki,sofascore
464916,Vartikar P.,vartikar-pritha-priya,sofascore
464926,Shrestha N.,shrestha-nabita,sofascore
464918,Kapali S.,kapali-sanyog,sofascore
464917,Malik Y.,malik-yashansh,sofascore
464921,Lam Y L / Zhang W,lam-y-l-zhang-w,sofascore
464919,Kutumbale A / Mani N,kutumbale-a-mani-n,sofascore
464920,Karmakar A / Mazumder P,karmakar-a-mazumder-p,sofascore
464923,Joo C / Kim N,joo-c-kim-n,sofascore
464924,Choudhary G / Rohilla A,choudhary-g-rohilla-a,sofascore
464922,Baisya P / Basak A,baisya-p-basak-a,sofascore
464925,Ghosh S / Tennison R,ghosh-s-tennison-r,sofascore
464927,Mehra N / Sharma M,mehra-n-sharma-m,sofascore
464928,Kang D / Park G,kang-d-park-g,sofascore
464894,Debski J.,debski-jerzy,sofascore
464937,Chandrasekaran S.,chandrasekaran-santosh,sofascore
464895,Hryban V.,hryban-vadym,sofascore
464976,Kutumbale A.,kutumbale-anusha,sofascore
464974,Maharjan E.,maharjan-elina,sofascore
464971,Mani N.,mani-nithya,sofascore
464973,Rohilla A.,rohilla-anjali,sofascore
464975,Baisya P.,baisya-poymantee,sofascore
464930,Jeho H.,jeho-himnakulhpuingheta,sofascore
464932,Kurdikeri S.,kurdikeri-samarth,sofascore
464933,Pal A.,pal-akash,sofascore
464931,Khaniya B.,khaniya-binesh,sofascore
464929,Goel S.,goel-shubh,sofascore
464970,Mehra N.,mehra-naman,sofascore
464972,Ghorpade Y D / Saini S,ghorpade-y-d-saini-s,sofascore
464934,Bhanja R / Chandra J,bhanja-r-chandra-j,sofascore
464936,Antal J / Dutt A,antal-j-dutt-a,sofascore
464935,Jain P / Shetty S,jain-p-shetty-s,sofascore
464950,Fernandez Marcos,fernandez-marcos,sofascore
464951,Mena Angel,mena-angel,sofascore
464952,Jedynak Damian,jedynak-damian,sofascore
464953,Sanchez Juan A,sanchez-juan-a,sofascore
464979,Ivanov D.,ivanov-denis,sofascore
465223,Do Rosario W / Saini S,do-rosario-w-saini-s,sofascore
465236,Togami S / Harimoto M,togami-s-harimoto-m,sofascore
465238,Saini S.,saini-suhana,sofascore
465237,Do Rosario W.,do-rosario-wesley,sofascore
465234,Bajor N / Helmy Y,bajor-n-helmy-y,sofascore
465235,Kizukuri Y / Oikawa M,kizukuri-y-oikawa-m,sofascore
465100,Provodin S.,provodin-sergei,sofascore
465241,Grabczak R.,grabczak-robert,sofascore
465276,Odelski P.,odelski-piotr,sofascore
465297,Sawicki G.,sawicki-grzegorz,sofascore
465540,Wozniczka M.,wozniczka-marcin,sofascore
465610,Florian J.,florian-jordan,sofascore
465611,Gadawski A.,gadawski-adrian,sofascore
465701,Dey J.,dey-jeremy,sofascore
465703,Lee Y.,lee-yonghun,sofascore
465702,Loy M.,loy-ming-ying,sofascore
465704,Tan Z.,tan-zhao-yun,sofascore
465705,Lai C.,lai-chloe,sofascore
465671,Gola B.,gola-blazej,sofascore
465884,Krivonos D.,krivonos-dmitry,sofascore
465706,Cossio Aceves A.,cossio-aceves-arantxa,sofascore
465707,Kumahara L.,kumahara-luca,sofascore
465708,Cheng J.,cheng-janissa,sofascore
465975,Fisar T.,fisar-tomas,sofascore
465956,Skrzypek B.,skrzypek-bartosz,sofascore
465981,Patryk M.,patryk-mecik,sofascore
465982,Fomichenko D.,fomichenko-dmitry,sofascore
466055,Capasso A.,capasso-anthony,sofascore
466069,Sikora F.,sikora-fabian,sofascore
466061,Plihal M.,plihal-martin,sofascore
465983,Kutepov S.,kutepov-stepan,sofascore
466046,Danilov E.,danilov-evgenii,sofascore
466092,Gittler V.,gittler-vladislav,sofascore
466089,Hubka M.,hubka-miloslav,sofascore
466093,Cerveny Jr T.,cerveny-jr-tomas,sofascore
466115,Ho K K / Goda H,ho-k-k-goda-h,sofascore
466113,Fan Z / Wang M,fan-z-wang-m,sofascore
466117,Quek I / Zhou J,quek-i-zhou-j,sofascore
466119,Cifuentes H / Kumahara L,cifuentes-h-kumahara-l,sofascore
466116,Cheng J / Zhang W,cheng-j-zhang-w,sofascore
466118,Chen M / Wang Y,chen-m-wang-y,sofascore
466111,Jouti E / Lee H C,jouti-e-lee-h-c,sofascore
466114,Lum N / Jee M,lum-n-jee-m,sofascore
466145,Rek A.,rek-adam-martin,sofascore
466186,Tamplon R.,tamplon-rudi,sofascore
466112,Jorgic D / Moregard T,jorgic-d-moregard-t,sofascore
461154,Lebesson E / Pistej L,lebesson-e-pistej-l,sofascore
466110,Chuang C-Y / Lin Y-J,chuang-c-y-lin-y-j,sofascore
466120,Beh K T / Chua J S H,beh-k-t-chua-j-s-h,sofascore
466124,Luu F / Lum N,luu-f-lum-n,sofascore
466221,Milos M.,milos-maksymilian,sofascore
466123,Pang Y E K / Quek I,pang-y-e-k-quek-i,sofascore
466218,Kallberg A / Lee Sa,kallberg-a-lee-sa,sofascore
466121,Loy M Y / Lai C,loy-m-y-lai-c,sofascore
466122,Nagasaki M / Shan X,nagasaki-m-shan-x,sofascore
466486,Kowalczyk M.,kowalczyk-mateusz,sofascore
466543,Chuliukov A.,chuliukov-aleksandr,sofascore
466647,Louis Lu.,lu-louis,sofascore
466724,Ortiz J.,ortiz-juan,sofascore
466765,Zhou Z.,zhou-zhaoqun,sofascore
466769,Sapunov A.,sapunov-anatoli,sofascore
466770,Wolny M.,wolny-michal,sofascore
466771,Karmolinski M.,karmolinski-maciej,sofascore
466772,Fedotov I.,fedotov-iurii,sofascore
466840,Meneses L.,meneses-luis,sofascore
466926,Ogidiolu J.,ogidiolu-jide,sofascore
466927,Bierny L.,bierny-ludovic,sofascore
466925,Sandell M.,sandell-mats,sofascore
466929,van Dessel M.,van-dessel-mael,sofascore
466928,Vitta K.,vitta-kilomo,sofascore
466584,DT Hueschtert-Folscht,dt-hueschtert-folscht,sofascore
466582,Olympiacos Sfp,olympiacos-sfp,sofascore
466587,KS Orlicz 1924 Suchedniow,ks-orlicz-1924-suchedniow,sofascore
466586,Stk Radnicki Beocin,stk-radnicki-beocin,sofascore
466939,Vukelja L.,vukelja-leeloo-han,sofascore
466941,Akpan C.,akpan-cecilia,sofascore
466942,Horgen M.,horgen-maria,sofascore
397823,Vukelja X.,vukelja-xue-han,sofascore
466940,Mohamed Hamed Shoman F.,mohamed-hamed-shoman-fagr-adel,sofascore
466950,Huynh V.,huynh-vivian,sofascore
466949,He Li.,li-he,sofascore
445510,Pinto M.,pinto-matilde,sofascore
466944,Sheredeha S.,sheredeha-sofija,sofascore
466951,Ampa D.,ampa-despoina,sofascore
466943,Pytlikova T.,pytlikova-tereza,sofascore
466585,HB Ostrov,hb-ostrov,sofascore
466583,CTM Mirandela,ctm-mirandela,sofascore
467040,Kubica K.,kubica-kevin,sofascore
467041,Pedra R.,pedra-rodolfo,sofascore
467010,Chevallier C.,chevallier-clemence,sofascore
467013,Madelin L.,madelin-louanne,sofascore
467014,Stranska A.,stranska-anna,sofascore
467042,Santa Comba M.,santa-comba-mariana,sofascore
467037,Witerski K.,witerski-krzysztof,sofascore
467038,Garcia J.,garcia-jose-a,sofascore
467039,Gabler J.,gabler-jochen,sofascore
467092,Gratkowski J.,gratkowski-jacek,sofascore
467093,Wiechec A.,wiechec-adrian,sofascore
467094,Krzysztof Marcinowski,marcinowski-krzysztof,sofascore
467095,Izvolskii I.,izvolskii-ilia,sofascore
467269,Pruszkowski J.,pruszkowski-jakub,sofascore
467121,Rybalkin A.,rybalkin-aleksandr,sofascore
467584,Galuzinskii S.,galuzinskii-stefan,sofascore
467712,Konttinjarvi T.,konttinjarvi-tapio,sofascore
467713,Borisov A.,borisov-andrei,sofascore
467750,Hongxuan Z.,hongxuan-zhu,sofascore
467770,Gamboa V.,gamboa-victor,sofascore
467834,Huang Y-C / Li Y-J,huang-y-c-li-y-j,sofascore
467835,Wong Q S / Tee A X,wong-q-s-tee-a-x,sofascore
467836,Mutua B / Lisa N W,mutua-b-lisa-n-w,sofascore
467837,Sahin Z / Kulakceken S,sahin-z-kulakceken-s,sofascore
467832,Ng W S D / Li Ying I,ng-w-s-d-li-ying-i,sofascore
467833,Wandera J / Kinuthia M,wandera-j-kinuthia-m,sofascore
272597,Nasri M.,nasri-malissa,sofascore
467840,Li Ying I.,li-ying-im,sofascore
467841,Lisa N.,lisa-nasimuyu-wele,sofascore
467842,Thakkar S.,thakkar-sejal,sofascore
467838,Kinuthia M.,kinuthia-mary,sofascore
467839,Demir B.,demir-busra,sofascore
467844,Lyne K.,lyne-karen,sofascore
467843,Paranjo R.,paranjo-rufina,sofascore
467845,Setey L.,setey-lydia,sofascore
467846,Tahmi H.,tahmi-hadjer,sofascore
467826,Kmunicek M.,kmunicek-milos,sofascore
468064,Ionescu E / Singeorzan I,ionescu-e-singeorzan-i,sofascore
467887,Kim T / Scholz V,kim-t-scholz-v,sofascore
468065,Istrate A T / Mitrofan L,istrate-a-t-mitrofan-l,sofascore
467847,Artukmetov I.,artukmetov-irisbek,sofascore
467849,Kahraman M.,kahraman-mirac,sofascore
467848,Ocal G.,ocal-gorkem,sofascore
467851,Muturi P.,muturi-peter,sofascore
467850,Muturi K.,muturi-kevin,sofascore
467852,Wann Sing Danny Ng.,ng-wann-sing-danny,sofascore
467853,Temel A.,temel-arda,sofascore
467855,Yona J.,yona-jensen,sofascore
467854,Rustemovski R.,rustemovski-raif,sofascore
467856,Zhubanov S.,zhubanov-sanzhar,sofascore
467857,Wandera J.,wandera-josiah,sofascore
467884,Akimali B.,akimali-bakdaulet,sofascore
467885,Kenzhigulov D.,kenzhigulov-dastan,sofascore
467886,Kurmambayev S.,kurmambayev-sagantay,sofascore
467858,Amiri Nia S / Shams N,amiri-nia-s-shams-n,sofascore
467860,Muturi P / Yona J,muturi-p-yona-j,sofascore
467859,Isik H / Sahin Z,isik-h-sahin-z,sofascore
339181,Choong J / Wong Q S,choong-j-wong-q-s,sofascore
467861,Kahraman M / Temel A,kahraman-m-temel-a,sofascore
468189,Isik H / Demir B,isik-h-demir-b,sofascore
468190,Choong J / Lyne K,choong-j-lyne-k,sofascore
272566,Chaichi A.,chaichi-abdelbasset,sofascore
468066,Mutua B / Wandera J,mutua-b-wandera-j,sofascore
467892,Ocal G / Seker A C,ocal-g-seker-a-c,sofascore
468069,Jouti E / Turrini R,jouti-e-turrini-r,sofascore
419325,Altinkaya S / Kulakceken S,altinkaya-s-kulakceken-s,sofascore
467894,Lyne K / Tee A X,lyne-k-tee-a-x,sofascore
467891,Chang L S A / Li Ying I,chang-l-s-a-li-ying-i,sofascore
467893,Brateyko S / Scholz V,brateyko-s-scholz-v,sofascore
467889,Goi R X / Ser L Q,goi-r-x-ser-l-q,sofascore
467890,Lisa N W / Thakkar S,lisa-n-w-thakkar-s,sofascore
467888,Kinuthia M / Paranjo R,kinuthia-m-paranjo-r,sofascore
468193,Ando M / Harimoto M,ando-m-harimoto-m,sofascore
468191,Jeger M / Malobabic I,jeger-m-malobabic-i,sofascore
468192,Carey C / Hursey A,carey-c-hursey-a,sofascore
468195,Arapovic H / Zaharia E,arapovic-h-zaharia-e,sofascore
468196,Huang Y H / Liu H-Y,huang-y-h-liu-h-y,sofascore
468202,Medina J.,medina-jesus,sofascore
322751,MEI Rosu B.,mei-rosu-bianca,sofascore
322003,Singeorzan I.,singeorzan-ioana,sofascore
468187,Earley S.,earley-sophie,sofascore
468188,Zakharov V.,zakharov-vladislav,sofascore
410947,Meissner C / Oehme B,meissner-c-oehme-b,sofascore
468200,Bouloussa M / Rassenfosse A,bouloussa-m-rassenfosse-a,sofascore
468231,Ly E / Leong C F,ly-e-leong-c-f,sofascore
468198,Akkuzu C / Bertrand I,akkuzu-c-bertrand-i,sofascore
468199,Chirita I / Istrate A T,chirita-i-istrate-a-t,sofascore
468197,Piccolin J / Rossi C,piccolin-j-rossi-c,sofascore
468194,Wong X R / Zhou J,wong-x-r-zhou-j,sofascore
468201,Zanda J.,zanda-josef,sofascore
468287,Rambousek J.,rambousek-jiri-junior,sofascore
468359,Petrak R.,petrak-roman,sofascore
468473,Pittner K.,pittner-kamil,sofascore
468534,Urban R.,urban-roman,sofascore
468535,Eckstein F.,eckstein-florian,sofascore
468536,Steponkus M.,steponkus-mindaugas,sofascore
468453,Petrunin F.,petrunin-fedor,sofascore
468570,Surikov V.,surikov-viacheslav,sofascore
468864,Lujan I.,lujan-ivan,sofascore
468933,Cascales G.,cascales-gregorio,sofascore
468976,Schlessinger L.,schlessinger-lou,sofascore
468981,Grym D.,grym-david,sofascore
468995,Bavlovic M.,bavlovic-milan,sofascore
469061,Vashist N.,vashist-neeraj,sofascore
469067,Chochol Pawel,chochol-pawel,sofascore
469076,Walter N.,walter-nicholas,sofascore
469195,Cayuela J.,cayuela-juan,sofascore
469361,Mugren I.,mugren-ibrahim,sofascore
469407,Djelassi M.,djelassi-mourad,sofascore
469497,Bartos J.,bartos-jiri,sofascore
469498,Munoz P.,munoz-pablo,sofascore
469652,Sivaguru K.,sivaguru-kas,sofascore
469821,Malek L.,malek-lukas,sofascore
470124,Kasha S.,kasha-steven,sofascore
470122,Chalupnicek M.,chalupnicek-milan,sofascore
470211,Maticic I.,maticic-iwan,sofascore
470231,Piotrowski K.,piotrowski-krzysztof,sofascore
470289,Donskov D.,donskov-dmitri,sofascore
449576,Liang J / Zhang L,liang-j-zhang-l,sofascore
470355,Tancharoen S / Aueawiriyayothin W,tancharoen-s-aueawiriyayothin-w,sofascore
470356,Tayapitak W / Nuchchart S,tayapitak-w-nuchchart-s,sofascore
470353,Shinozuka H / Kihara M,shinozuka-h-kihara-m,sofascore
470354,Lam S H / Zhu Che,lam-s-h-zhu-che,sofascore
470358,Joo C / Yoon H,joo-c-yoon-h,sofascore
470359,Qi F / Wu Y,qi-f-wu-y,sofascore
470360,Carey C / Zhang S-X,carey-c-zhang-s-x,sofascore
470357,Aueawiriyayothin W / Tayapitak W,aueawiriyayothin-w-tayapitak-w,sofascore
470364,Stoyanov N / Wang Y,stoyanov-n-wang-y,sofascore
470365,Saelee P / Thanmathikom N,saelee-p-thanmathikom-n,sofascore
470366,Choy C K / Kwan M H,choy-c-k-kwan-m-h,sofascore
470367,Chan B H W / Yiu K T,chan-b-h-w-yiu-k-t,sofascore
470368,Vijitviriyagul K.,vijitviriyagul-kulapassr,sofascore
470370,Aueawiriyayothin W.,aueawiriyayothin-wanwisa,sofascore
470369,Pankhaoyoy S.,pankhaoyoy-supamas,sofascore
470371,Sreechak W.,sreechak-wiranchana,sofascore
470372,Madurangi I.,madurangi-ishara,sofascore
470373,Wonglakhon P.,wonglakhon-phatsaraphon,sofascore
470374,Dikaeng N.,dikaeng-natsima,sofascore
470375,Tayapitak W.,tayapitak-wirakarn,sofascore
470377,Derujijaroen K.,derujijaroen-khemisarar,sofascore
470376,Phantita P.,phantita-pinyopisan,sofascore
470435,Thanmathikom N.,thanmathikom-napat,sofascore
470436,Sanguansin P.,sanguansin-phakphoom,sofascore
470437,Godhwani A.,godhwani-aditya,sofascore
470438,Tancharoen S.,tancharoen-sarayut,sofascore
470440,Prasongpol N.,prasongpol-nawachet,sofascore
470439,Pau Y.,pau-yik-man,sofascore
470441,Saeou T.,saeou-tieanchai,sofascore
470288,Donat T.,donat-tomas,sofascore
470348,Potekhin A.,potekhin-aleksandr,sofascore
470461,Beh K T / Poh S F E,beh-k-t-poh-s-f-e,sofascore
470363,Zhou Q / Xiang P,zhou-q-xiang-p,sofascore
470460,Lam S H / Li H M,lam-s-h-li-h-m,sofascore
470472,Thanmathikom T.,thanmathikom-tanapat,sofascore
470442,Saelee P.,saelee-puripong,sofascore
470443,Liang J.,liang-jishan,sofascore
470496,Lin Y / Chen S,lin-y-chen-s,sofascore
470590,Chen X / Kuai M,chen-x-kuai-m,sofascore
470601,Xu Y / Xue F,xu-y-xue-f,sofascore
470599,Lin G / Lin S,lin-g-lin-s,sofascore
470598,Harimoto T / Shinozuka H,harimoto-t-shinozuka-h,sofascore
470596,Lind A / Szudi A,lind-a-szudi-a,sofascore
470600,Liang J / Yuan L,liang-j-yuan-l,sofascore
470597,Sanguansin P / Thanmathikom N,sanguansin-p-thanmathikom-n,sofascore
470739,Vrastil T.,vrastil-tomas,sofascore
470577,Verner P.,verner-pavel,sofascore
470495,Tanviriyavechakul P / Khetkhuan T,tanviriyavechakul-p-khetkhuan-t,sofascore
474988,Antos Vojtech,antos-vojtech,sofascore
474974,Amelichkin I.,amelichkin-igor,sofascore
475121,Hladik Ivo,hladik-ivo,sofascore
475170,Daniel Vojna,vojna-daniel,sofascore
475174,Kanashiro M.,kanashiro-martin,sofascore
475228,Benes P.,benes-pavel,sofascore
475256,Barta R.,barta-roman,sofascore
475609,Kitaitsev A.,kitaitsev-aleksandr,sofascore
475651,Kitaev A.,kitaev-aleksandr,sofascore
475644,Soliman A.,soliman-ahmed,sofascore
475635,Fruchart B.,fruchart-benjamin,sofascore
475745,Maslanka P.,maslanka-piotr,sofascore
475751,Nykl Vaclav,nykl-vaclav,sofascore
475842,Fernandez Asdrubal,fernandez-asdrubal,sofascore
475843,Prstec Damir,prstec-damir,sofascore
476109,Kochergin V.,kochergin-viktor,sofascore
476463,Jeong A.,jeong-alex,sofascore
476438,Szafranek P.,szafranek-piotr,sofascore
476514,Chojnowski P.,chojnowski-patryk,sofascore
476554,Karjus K.,karjus-koit,sofascore
476809,Krivenkii I.,krivenkii-iurii,sofascore
477103,Nagelsdiek F.,nagelsdiek-fabian,sofascore
477104,Candan A.,candan-ali,sofascore
477105,Maier E.,maier-elias,sofascore
476295,Shengjian C.,shengjian-cai,sofascore
477178,Levy D.,levy-dean,sofascore
477179,Loi G.,loi-geoffrey,sofascore
477222,Kinoo R.,kinoo-ruqayyah,sofascore
477228,Bouloussa M / Loghraibi L,bouloussa-m-loghraibi-l,sofascore
463560,Chuang C-Y / Kao C-J,chuang-c-y-kao-c-j,sofascore
477204,Mati T / Omotayo O,mati-t-omotayo-o,sofascore
477207,Lin Y / Quan E,lin-y-quan-e,sofascore
477216,Mwelwa J / Nalavwe L,mwelwa-j-nalavwe-l,sofascore
477206,Agari T / Mawa T,agari-t-mawa-t,sofascore
477217,Akasheva Z / Lavrova A,akasheva-z-lavrova-a,sofascore
254925,Belrose O.,belrose-ocean,sofascore
477223,Jalli S.,jalli-sarah,sofascore
477235,Ionescu E / Diaconu A,ionescu-e-diaconu-a,sofascore
477224,Geraldo J / Shao J,geraldo-j-shao-j,sofascore
477202,Liang J / Madrid M,liang-j-madrid-m,sofascore
400603,LY E / Martin M,ly-e-martin-m,sofascore
400602,Britton S / Franklin C,britton-s-franklin-c,sofascore
477199,Dixon X / Lee Y,dixon-x-lee-y,sofascore
477200,El-Beiali M / Shouman M,el-beiali-m-shouman-m,sofascore
400617,Knight T / Maxwell R,knight-t-maxwell-r,sofascore
477215,Qwea S / Santhy L,qwea-s-santhy-l,sofascore
477213,Kamalova A / Magdieva M,kamalova-a-magdieva-m,sofascore
477214,Cossio Aceves A / Silva Y,cossio-aceves-a-silva-y,sofascore
477212,Sung R / Wang A,sung-r-wang-a,sofascore
477208,Kumahara L / Takahashi B,kumahara-l-takahashi-b,sofascore
477209,Lutz Ch / Zarif A,lutz-ch-zarif-a,sofascore
477219,Goda H / Yehia A,goda-h-yehia-a,sofascore
477218,Liao I / Zhang M,liao-i-zhang-m,sofascore
477324,Rodriguez P.,rodriguez-pedro,sofascore
477230,Dixon X / Tapper M,dixon-x-tapper-m,sofascore
477227,Kenzhigulov A / Akasheva Z,kenzhigulov-a-akasheva-z,sofascore
477229,Jouti E / Kumahara L,jouti-e-kumahara-l,sofascore
477232,El-Beiali M / Goda H,el-beiali-m-goda-h,sofascore
477203,Harimoto T / Yoshimura M,harimoto-t-yoshimura-m,sofascore
477201,Desai H / Shah M U,desai-h-shah-m-u,sofascore
477210,Lee H C / Ng W L,lee-h-c-ng-w-l,sofascore
477211,Bello F / Oshonaike O,bello-f-oshonaike-o,sofascore
477398,Konobeev A.,konobeev-aleksei-alekseevich,sofascore
477226,Uda Y / Kihara M,uda-y-kihara-m,sofascore
477567,Brnak M.,brnak-miroslav,sofascore
477901,Kohout R.,kohout-radek,sofascore
477874,Anzagira A.,anzagira-allan,sofascore
477852,Troshkin A.,troshkin-artem-alekseevich,sofascore
477970,Laidmaa H.,laidmaa-heino,sofascore
478058,Kurzak B.,kurzak-bronislaw,sofascore
478388,Perzynski P.,perzynski-przemyslaw,sofascore
478821,Waldhauser S.,waldhauser-stepan,sofascore
478718,Tomasz Filbrandt,filbrandt-tomasz,sofascore
478885,Sun D.,sun-daniel,sofascore
478886,Astalus S.,astalus-sorin,sofascore
479058,Cano F.,cano-francisco,sofascore
479111,Novotny L.,novotny-ladislav,sofascore
479112,Denez J.,denez-jozef,sofascore
479248,Iankovskii A.,iankovskii-andrei-viacheslavovich,sofascore
479249,Obukhov V.,obukhov-vasilii-valerevich,sofascore
479553,Lukas Krok,krok-lukas,sofascore
479554,Ramenda A.,ramenda-adam,sofascore
479827,Martinez A.,martinez-alejandro,sofascore
479828,Bortnikov R.,bortnikov-roman-vladimirovich,sofascore
479996,Lartey F.,lartey-felix,sofascore
479997,Mustapha M.,mustapha-mustapha,sofascore
479998,Augustine E.,augustine-emmanuel,sofascore
479999,Oladipupo O.,oladipupo-olayinka,sofascore
480000,Oloruntade A.,oloruntade-adeola,sofascore
480001,Kuti M.,kuti-matthew,sofascore
480319,Yake Li.,li-yake,sofascore
479883,Chrzaszcz Wojciech,chrzaszcz-wojciech,sofascore
480337,Salvador R.,salvador-reche,sofascore
480407,Cano J.,cano-jose,sofascore
480549,Melgarejo B.,melgarejo-borja,sofascore
480651,Moya F.,moya-francisco,sofascore
480652,Chernyshev E.,chernyshev-eduard-andreevich,sofascore
480728,Hudeczek R.,hudeczek-roman,sofascore
480729,Zika T.,zika-tadeas,sofascore
480730,Vyboch J.,vyboch-jaromir,sofascore
480731,Kotil M.,kotil-miloslav,sofascore
480732,Nejedly M.,nejedly-miroslav,sofascore
480733,Kosprd A.,kosprd-antonin,sofascore
480734,Pagac Z.,pagac-zbynek,sofascore
480735,Janik M.,janik-michal,sofascore
480737,Mazurek M.,mazurek-matej,sofascore
480736,Berbr A.,berbr-ales,sofascore
480738,Pech V.,pech-vaclav,sofascore
480739,Pros O.,pros-ondrej,sofascore
480740,Bezdicek M.,bezdicek-milan,sofascore
480741,Vrtal O.,vrtal-oldrich,sofascore
480742,Hajek J.,hajek-jaroslav,sofascore
480743,Koutnik J.,koutnik-josef,sofascore
480759,Banos J.,banos-juan-a,sofascore
481170,Almutairi T.,almutairi-turki,sofascore
481174,Ben Attia Y.,ben-attia-youssef,sofascore
481169,Alim A.,alim-azzam,sofascore
481175,Ounaeis I.,ounaeis-islam,sofascore
481176,Zoghlami M.,zoghlami-maram,sofascore
481172,Liu D / He Z,liu-d-he-z,sofascore
481173,Park G / Yang H E,park-g-yang-h-e,sofascore
481077,Ly E / Cok I,ly-e-cok-i,sofascore
480744,Jochym P.,jochym-petr,sofascore
480745,Huttl A.,huttl-adolf,sofascore
480746,Mastera M.,mastera-martin,sofascore
480747,Trnka T.,trnka-tomas,sofascore
480748,Joksch J.,joksch-jakub,sofascore
480749,Dusil F.,dusil-filip,sofascore
480750,Stempen S.,stempen-svatoslav,sofascore
480751,Konvicka V.,konvicka-vojtech,sofascore
480995,Kriz J.,kriz-jaromir,sofascore
480752,Moravec B.,moravec-borek,sofascore
480753,Szotek D.,szotek-david,sofascore
480754,Vosyka L.,vosyka-ladislav,sofascore
480755,Kleprlik K.,kleprlik-kamil,sofascore
480756,Radim Urbaniec,urbaniec-radim,sofascore
480757,Tecl T.,tecl-tomas,sofascore
480758,Svanda L.,svanda-ladislav,sofascore
481064,Kanok J.,kanok-jaromir,sofascore
481065,Stempak V.,stempak-vasil,sofascore
481066,Kanta F.,kanta-frantisek,sofascore
481067,Kanak A.,kanak-alois,sofascore
481068,Skulina B.,skulina-bohumil,sofascore
481069,Stepanek D.,stepanek-david,sofascore
481070,Demek T.,demek-tomas,sofascore
481157,Lovl J.,lovl-jan,sofascore
481158,Przybyla J.,przybyla-jan,sofascore
481159,Navrat L.,navrat-lubomir,sofascore
481160,Regner T.,regner-tomas,sofascore
481362,Pokorny R.,pokorny-radim,sofascore
481161,Neuwirth Jr J.,neuwirth-jr-jaroslav,sofascore
481363,Raska M.,raska-michal,sofascore
481162,Fjodorov S.,fjodorov-stanislav,sofascore
481278,Guillot Ruiz J.,guillot-ruiz-jose-carlos,sofascore
481177,Meng F / Stumper K,meng-f-stumper-k,sofascore
481179,Bouloussa M / Diaw I,bouloussa-m-diaw-i,sofascore
481071,Aida S / Jin T,aida-s-jin-t,sofascore
481072,Andersen M B / Tschanz C,andersen-m-b-tschanz-c,sofascore
481178,Bourass A / Hmam A,bourass-a-hmam-a,sofascore
481180,Liang J / Naresh N,liang-j-naresh-n,sofascore
481073,Hodaei A H / Lakatos T,hodaei-a-h-lakatos-t,sofascore
481187,Sun W / Xu H,sun-w-xu-h,sofascore
481190,Liang Y / Zhou Q,liang-y-zhou-q,sofascore
481074,Essid W.,essid-wassim,sofascore
481193,Razafinarivo A.,razafinarivo-antoine,sofascore
481181,Naresh N.,naresh-nandan,sofascore
481194,Junsung OH.,oh-junsung,sofascore
481182,Barani A / Roncallo V,barani-a-roncallo-v,sofascore
481183,Lam Y L / Lee H M K,lam-y-l-lee-h-m-k,sofascore
481075,Kim S / Yoon H,kim-s-yoon-h,sofascore
481184,Nasri M / Tahmi H,nasri-m-tahmi-h,sofascore
481185,Guo Y / Liu W,guo-y-liu-w,sofascore
481186,Chasselin P / Cok I,chasselin-p-cok-i,sofascore
481188,Li Y / Wang X,li-y-wang-x,sofascore
481076,Jeger M / Rakovac L,jeger-m-rakovac-l,sofascore
481192,Yang Y / Zang X,yang-y-zang-x,sofascore
481189,Xue F / Fan S,xue-f-fan-s,sofascore
481191,Hmam A / Haj Salah A,hmam-a-haj-salah-a,sofascore
481435,Chaichi A / Nasri M,chaichi-a-nasri-m,sofascore
481437,Liao C-T / Liu H-Y,liao-c-t-liu-h-y,sofascore
481436,Yigenler A / Harac E,yigenler-a-harac-e,sofascore
481364,Jakes M.,jakes-michal,sofascore
481365,Kmoch P.,kmoch-petr-sr,sofascore
481366,Kowal R.,kowal-rene,sofascore
481367,Biolek M.,biolek-martin,sofascore
481368,Cakovsky M.,cakovsky-milan-sr,sofascore
481369,Laznicka R.,laznicka-roman,sofascore
481370,Ondrej Paril,paril-ondrej,sofascore
481371,Revay R.,revay-radomir,sofascore
481372,Bartik T.,bartik-tomas,sofascore
481373,Blaha F.,blaha-frantisek,sofascore
481374,Sarganek D.,sarganek-david,sofascore
481375,Polasek R.,polasek-radovan,sofascore
481376,Kucera M.,kucera-martin,sofascore
481377,Babinek J.,babinek-jiri,sofascore
481378,Stusek J.,stusek-jakub,sofascore
481379,Moravec M.,moravec-michal,sofascore
481416,Capek M.,capek-milan,sofascore
411150,Krejci A.,krejci-ales,sofascore
481417,Stempak L.,stempak-lukas,sofascore
481418,Sionkala E.,sionkala-eduard,sofascore
481419,Strelec A.,strelec-adam,sofascore
481420,Zizka M.,zizka-martin,sofascore
481421,Duben B.,duben-bohumil,sofascore
481422,Kus O.,kus-ondrej,sofascore
481423,Uher P.,uher-petr,sofascore
481424,Hudec S.,hudec-stanislav,sofascore
481517,Fnukal R.,fnukal-radek,sofascore
481425,Martin Pavliska,pavliska-martin,sofascore
481426,Lorenc M.,lorenc-martin,sofascore
481438,Essid W / Zelinka J,essid-w-zelinka-j,sofascore
481410,Matsushima S / Oikawa M,matsushima-s-oikawa-m,sofascore
481439,Kherouf S / Chaichi A,kherouf-s-chaichi-a,sofascore
481412,Kim N / Ryu H,kim-n-ryu-h,sofascore
481620,Liang J / Wang A,liang-j-wang-a,sofascore
481622,Liu Y / Liu W,liu-y-liu-w,sofascore
481621,Naresh N / Sung R,naresh-n-sung-r,sofascore
481623,Essid W / Zoghlami M,essid-w-zoghlami-m,sofascore
481443,Kaloc B.,kaloc-bohuslav,sofascore
481518,Motak J.,motak-jiri,sofascore
481519,Roh M.,roh-marek,sofascore
481441,Cvecek M.,cvecek-martin,sofascore
481520,Toth J.,toth-josef,sofascore
481442,Svoboda P.,svoboda-petr,sofascore
481521,Malek M.,malek-miroslav,sofascore
481522,Pribyl J.,pribyl-jan,sofascore
481523,Volhejn J.,volhejn-jan,sofascore
481524,Vondracek F.,vondracek-filip,sofascore
481525,Lengal D.,lengal-dominik,sofascore
481526,Karel F.,karel-filip,sofascore
481638,Bela M.,bela-milan,sofascore
481639,Chvatal P.,chvatal-pavel,sofascore
481640,Manhal SR J.,manhal-sr-jan,sofascore
481641,Musil J.,musil-josef,sofascore
481642,Navrat T.,navrat-tomas,sofascore
481643,Brezna T.,brezna-tomas,sofascore
481644,Vrbecky D.,vrbecky-daniel,sofascore
481628,Cao W / Xiang P,cao-w-xiang-p,sofascore
481629,Lin S / Yuan L,lin-s-yuan-l,sofascore
481627,An J / Lim J,an-j-lim-j,sofascore
481630,Cho D / Cho  S,cho-d-cho-s,sofascore
481624,Fan S / He Z,fan-s-he-z,sofascore
481625,Lutz CA / Zarif A,lutz-ca-zarif-a,sofascore
481626,Harimoto M / Kihara M,harimoto-m-kihara-m,sofascore
182777,LEE E / Yang H,lee-e-yang-h,sofascore
481648,Niezgoda R.,niezgoda-rostislav,sofascore
481649,Sivera A.,sivera-adam,sofascore
481650,Sindelar R.,sindelar-radim,sofascore
481651,Krcal R.,krcal-radek,sofascore
481652,Zivny P.,zivny-petr,sofascore
481653,Sikora F.,sikora-filip,sofascore
481654,Wawrosz P.,wawrosz-pavel,sofascore
481655,Kmoch Jr P.,kmoch-jr-petr,sofascore
481677,Kabelka J.,kabelka-jan,sofascore
481656,Vedmoch M.,vedmoch-michal,sofascore
481657,Svec P.,svec-petr,sofascore
481658,Zientek Z.,zientek-zbynek,sofascore
481681,Stefek M.,stefek-martin,sofascore
481710,Vavrecka M.,vavrecka-michal,sofascore
481709,Kaisler V.,kaisler-vlastimil,sofascore
481711,Sikora L.,sikora-ladislav,sofascore
481752,Sejstal A.,sejstal-adolf,sofascore
481712,Prazak S.,prazak-stepan,sofascore
481713,Drastich M.,drastich-michal,sofascore
481714,Vavrecka R.,vavrecka-radomir,sofascore
481715,Koczy R.,koczy-robert,sofascore
481716,Travnik M.,travnik-milan,sofascore
481724,Kantor L.,kantor-lukas,sofascore
481727,Balusek Z.,balusek-zdenek,sofascore
481728,Kolacek I.,kolacek-ivo,sofascore
481729,Musil M.,musil-milan,sofascore
481730,Benesz R.,benesz-radomir,sofascore
481725,Pelikan L.,pelikan-ludek,sofascore
481751,Benes R.,benes-radek,sofascore
481733,Skalicky J.,skalicky-jiri,sofascore
481731,Stusek D.,stusek-david,sofascore
481732,Rojka M.,rojka-matyas,sofascore
481770,Sedlacek R.,sedlacek-radek,sofascore
481778,Uhlar R.,uhlar-radim,sofascore
481779,Palan T.,palan-tomas,sofascore
481780,Vitasek A.,vitasek-adam,sofascore
481781,Sedlacek M.,sedlacek-michal,sofascore
481782,Manhal Junior J.,manhal-junior-jan,sofascore
481835,Jonas L.,jonas-lubomir,sofascore
481836,Homola O.,homola-ondrej,sofascore
481837,Kacerovsky M.,kacerovsky-martin,sofascore
481838,Dorazka J.,dorazka-jaroslav,sofascore
481783,Levicky J.,levicky-jakub,sofascore
481784,Darin K.,darin-kyryl,sofascore
481839,Nevrtal Z.,nevrtal-zdenek,sofascore
481785,Hons K.,hons-karel,sofascore
481930,Jaksa M.,jaksa-martin,sofascore
481953,Dvorak M.,dvorak-miloslav,sofascore
481931,Flesar M.,flesar-milan,sofascore
481932,Zika M.,zika-milan,sofascore
481933,Blejchar M.,blejchar-marek,sofascore
481937,Vidlicka R.,vidlicka-radomir,sofascore
481938,Zitnik J.,zitnik-jan,sofascore
481939,Fuchs J.,fuchs-josef,sofascore
481940,Stach J.,stach-jiri,sofascore
481941,Limbursky R.,limbursky-radek,sofascore
481942,Lzicar O.,lzicar-oldrich,sofascore
482024,Ismail M.,ismail-mohamed,sofascore
482046,Vekic L.,vekic-leo,sofascore
482047,Alshareif K.,alshareif-khalid,sofascore
482048,Lin Y.,lin-yen-chun,sofascore
482049,Zlatkov L.,zlatkov-luka,sofascore
482020,Lei B.,lei-balazs,sofascore
482015,Akhyar A.,akhyar-ahmed,sofascore
481943,Jaros R.,jaros-radim,sofascore
481944,Wasserbauer J.,wasserbauer-jaroslav,sofascore
481961,Marsalek P.,marsalek-patrik,sofascore
481962,Fojtik T.,fojtik-tomas,sofascore
481963,Zeman K.,zeman-karel,sofascore
481964,Dzida J.,dzida-jan,sofascore
481965,Vicherek P.,vicherek-petr,sofascore
481966,Rossler J.,rossler-josef,sofascore
481967,Kucera Jr V.,kucera-jr-vaclav,sofascore
482073,Vaclavek J.,vaclavek-jan,sofascore
482074,Kindl T.,kindl-tomas,sofascore
482026,Kenzhigulov A / Mati T,kenzhigulov-a-mati-t,sofascore
482023,Akhyar A / Ismail M,akhyar-a-ismail-m,sofascore
482022,Liang J / Naresh S,liang-j-naresh-s,sofascore
482025,Kao C-J / Peng W-W,kao-c-j-peng-w-w,sofascore
482031,Ciobanu I / Plaian T M,ciobanu-i-plaian-t-m,sofascore
482032,Ali F / Nazim A,ali-f-nazim-a,sofascore
482027,Arapovic H / Rakovac L,arapovic-h-rakovac-l,sofascore
482028,Lam Y L / Ng W N,lam-y-l-ng-w-n,sofascore
482029,Todorovic A / Vignjevic D,todorovic-a-vignjevic-d,sofascore
482030,Novak T / Tokic S,novak-t-tokic-s,sofascore
251669,Nazim A.,nazim-aishath,sofascore
482016,Ali F.,ali-fathimath-dheema,sofascore
482050,Cheng P.,cheng-pu-syuan,sofascore
482075,Novotny J.,novotny-jiri,sofascore
482076,Beran T.,beran-tomas-2000,sofascore
482077,Zaskodny M.,zaskodny-marek,sofascore
482249,Svoboda O.,svoboda-ondrej,sofascore
482081,Topol M.,topol-martin,sofascore
482308,Ristissaar V.,ristissaar-veiko,sofascore
482009,Piccolin J / Arlia N,piccolin-j-arlia-n,sofascore
482010,Ho K K / Lam Y L,ho-k-k-lam-y-l,sofascore
482011,Liang J / Qian T,liang-j-qian-t,sofascore
482008,Lakatos T / Imre L,lakatos-t-imre-l,sofascore
482018,Lei B / Hartbrich L,lei-b-hartbrich-l,sofascore
482013,Vilardell A / Zhang S-X,vilardell-a-zhang-s-x,sofascore
482012,Putuntica A / Lavrova A,putuntica-a-lavrova-a,sofascore
482014,Akhyar A / Ali F D,akhyar-a-ali-f-d,sofascore
482017,Lin G / Wang Y,lin-g-wang-y,sofascore
482019,Lakatos T / Lei B,lakatos-t-lei-b,sofascore
482326,Przeczek K.,przeczek-kamil,sofascore
482327,Holub M.,holub-marek,sofascore
482328,Cada M.,cada-michal,sofascore
482329,Chlad P.,chlad-petr,sofascore
482330,Chvojka P.,chvojka-peter,sofascore
482331,Macura R.,macura-richard,sofascore
482332,Ranecky T.,ranecky-tomas,sofascore
482355,Hiblbauer J.,hiblbauer-jiri,sofascore
482367,Kubos D.,kubos-daniel,sofascore
482356,Michal Olbrycht,olbrycht-michal,sofascore
482407,Ban I / Rakovac L,ban-i-rakovac-l,sofascore
482370,Stusek D.,stusek-dusan,sofascore
482371,Kolek D.,kolek-dalibor,sofascore
482406,Suta T.,suta-tomas,sofascore
482410,Ban I / Petek B,ban-i-petek-b,sofascore
482409,Vekic L / Zlatkov L,vekic-l-zlatkov-l,sofascore
482411,Wong X R / Zeng J,wong-x-r-zeng-j,sofascore
482413,Sung R / Zhang L,sung-r-zhang-l,sofascore
482412,He Z / Kuai M,he-z-kuai-m,sofascore
482414,Joo C / Lee Z,joo-c-lee-z,sofascore
411076,LIU W / Qian T,liu-w-qian-t,sofascore
482416,Cecava M.,cecava-miroslav,sofascore
482417,Rak J.,rak-jonas,sofascore
482418,Svoboda V.,svoboda-vaclav,sofascore
482419,Herna M.,herna-michal,sofascore
482425,Neumann J.,neumann-jiri,sofascore
482426,Milata R.,milata-radek,sofascore
482427,Theodor F.,theodor-filip,sofascore
482420,Zhang B.,zhang-benji,sofascore
482428,Fencl J.,fencl-jakub,sofascore
482430,Pelikan T.,pelikan-tomas,sofascore
482431,Vranca R.,vranca-radek,sofascore
482485,Bajtek P.,bajtek-pavel,sofascore
482487,Cyrus M.,cyrus-miroslav,sofascore
482494,Martin J.,martin-jirasek,sofascore
482462,Koci S.,koci-stepan,sofascore
482486,Jarolim J.,jarolim-jakub,sofascore
482495,Vavrik L.,vavrik-lukas,sofascore
482616,Richard Skacelik,skacelik-richard,sofascore
482684,Vovk Petrovski B.,vovk-petrovski-brin,sofascore
482687,Kulczycki S / Wegrzyn A,kulczycki-s-wegrzyn-a,sofascore
482688,Walker S / Ho T-T,walker-s-ho-t-t,sofascore
482690,Cho D / Joo C,cho-d-joo-c,sofascore
482689,Diaw I / Todorovic A,diaw-i-todorovic-a,sofascore
482622,Zobac M.,zobac-michal,sofascore
482674,Moskor V.,moskor-vaclav,sofascore
482675,Wiederlechner M.,wiederlechner-marek,sofascore
482685,Xu Y / Zhou Q,xu-y-zhou-q,sofascore
482686,Lam S H / Pistej L,lam-s-h-pistej-l,sofascore
482694,He Z / Liu W,he-z-liu-w,sofascore
482693,Moltara E / Opeka L,moltara-e-opeka-l,sofascore
482695,Kukulkova T / Lutz C,kukulkova-t-lutz-c,sofascore
482692,Balint B / Moret R,balint-b-moret-r,sofascore
482770,Branny D.,branny-daniel,sofascore
482771,Baros K.,baros-karel,sofascore
482772,Rucki S.,rucki-sylwester,sofascore
482691,Vanous J.,vanous-jiri,sofascore
482950,Foltynek J.,foltynek-jiri,sofascore
482953,Kopacki P.,kopacki-pawel,sofascore
482954,MA L / Yuan L,ma-l-yuan-l,sofascore
483013,Podobnik M / Vovk Petrovski B,podobnik-m-vovk-petrovski-b,sofascore
482951,Vilimek Z.,vilimek-zdenek,sofascore
482952,Palmi I.,palmi-ivo,sofascore
483015,Tofant A / Tokic S,tofant-a-tokic-s,sofascore
483014,Kuai M / Wang Y,kuai-m-wang-y,sofascore
483026,Mohelnik R.,mohelnik-radek,sofascore
483027,Vavricka R.,vavricka-richard,sofascore
483028,Janostak M.,janostak-miroslav,sofascore
483152,Ruzicka J.,ruzicka-jan,sofascore
483153,Barta T.,barta-tomas,sofascore
483154,Gideon T.,gideon-teitel,sofascore
483087,Michna D.,michna-dawid,sofascore
483193,Kruml M.,kruml-milan,sofascore
483194,Sytar D.,sytar-dan,sofascore
483204,Jokiel P.,jokiel-patrik,sofascore
483205,Frejvolt L.,frejvolt-lukas,sofascore
483206,Niedoba R.,niedoba-roman,sofascore
483216,Zdarsa P.,zdarsa-pavel,sofascore
483207,Majchrzak A.,majchrzak-aleksander,sofascore
483305,Kolodziej S.,kolodziej-szymon,sofascore
483304,Stanek V.,stanek-vladimir,sofascore
483388,Knaga Ł,knaga-l,sofascore
483442,Vanek J.,vanek-josef,sofascore
483443,Otahal B.,otahal-borek,sofascore
483444,Brom V.,brom-vladan,sofascore
483590,Pszczolka V.,pszczolka-vlastimil,sofascore
483591,Kodet J.,kodet-jan,sofascore
483592,Kepka J.,kepka-jaroslav,sofascore
483593,Wloczko K.,wloczko-krzysztof,sofascore
483806,Cejka M.,cejka-marek,sofascore
483807,Skohoutil J.,skohoutil-jiri,sofascore
483817,Lysek T.,lysek-tomas,sofascore
483819,Vyskocil S.,vyskocil-stepan,sofascore
483820,Salanda V.,salanda-vit,sofascore
483808,Eibich J.,eibich-jan,sofascore
483809,Hanzal P.,hanzal-petr,sofascore
483818,Zagajewski M.,zagajewski-mateusz,sofascore
483838,Szabo J.,szabo-jiri,sofascore
483853,Ciz J.,ciz-josef,sofascore
483926,Chaloupka F.,chaloupka-frantisek,sofascore
483927,Novak P.,novak-petr,sofascore
483980,Drozd A.,drozd-ales,sofascore
483981,Machander D.,machander-dalimil,sofascore
483985,Jurdin T.,jurdin-tomas,sofascore
484468,Kepka Jr J.,kepka-jr-jaroslav,sofascore
484471,Zapletal F.,zapletal-frantisek,sofascore
484472,Riomar R.,riomar-rene,sofascore
484524,Ogrocki T.,ogrocki-tomas,sofascore
484526,Zacek V.,zacek-vaclav,sofascore
484525,Tomas Janata,janata-tomas,sofascore
484536,Benes Jr J.,benes-jr-jan,sofascore
484531,Oja B.,oja-brunold,sofascore
484720,Melichar J.,melichar-jiri,sofascore
484754,Trtik Z.,trtik-zdenek,sofascore
484810,Zraly D.,zraly-daniel,sofascore
484951,Krupnik J.,krupnik-jan,sofascore
484952,Krenek T.,krenek-tomas,sofascore
484968,Petracek V.,petracek-vratislav,sofascore
485055,Liu C.,liu-charles,sofascore
485279,Langer T.,langer-tomas,sofascore
485410,Petrzilka K.,petrzilka-karel,sofascore
485280,Gomez S.,gomez-sergi,sofascore
411154,Sokol M.,sokol-michal,sofascore
485518,Krcil T.,krcil-tomas,sofascore
485679,Zaricky P.,zaricky-petr,sofascore
485680,Sojka S.,sojka-stanislaw,sofascore
484535,Svoboda J.,svoboda-jaroslav,sofascore
485767,Bresky J.,bresky-jaroslav,sofascore
419150,Villar Solano J.,villar-solano-julio-andre,sofascore
485768,Lebrun A / Pavade P,lebrun-a-pavade-p,sofascore
485769,OH Ju / Yoon H,oh-ju-yoon-h,sofascore
485771,Perez J / Zhang S-X,perez-j-zhang-s-x,sofascore
485770,Rossi C / Vivarelli D,rossi-c-vivarelli-d,sofascore
485774,Liang Jis / MA J,liang-jis-ma-j,sofascore
485775,Lau Ciguenas P / Villar Solano J A,lau-ciguenas-p-villar-solano-j-a,sofascore
485777,Gombos L / Perez Ju,gombos-l-perez-ju,sofascore
485773,Haug B / OH Ju,haug-b-oh-ju,sofascore
485772,Chen Y-C / Cheng H-T,chen-y-c-cheng-h-t,sofascore
463577,Dari H / Hartbrich L,dari-h-hartbrich-l,sofascore
485808,Petr R.,petr-radim,sofascore
486064,Zikmunda Z.,zikmunda-zdenek,sofascore
486065,Joasoo I.,joasoo-ivo,sofascore
485778,Gombos L.,gombos-ludovic,sofascore
419152,Mendoza Salazar E.,mendoza-salazar-eduardo-david,sofascore
485776,Lau Ciguenas P.,lau-ciguenas-pablo,sofascore
419312,Diaz F.,diaz-fabiola,sofascore
486012,Zeng Z.,zeng-zhiying,sofascore
419157,Prieto A.,prieto-alejandra,sofascore
486013,Zea Huacan C.,zea-huacan-cecilia-valentina,sofascore
400472,Maldonado M.,maldonado-maria,sofascore
486143,Tony Wu.,wu-tony,sofascore
486152,Liao C-T / Chen S-Y,liao-c-t-chen-s-y,sofascore
486153,Hidalgo R / Scholz V,hidalgo-r-scholz-v,sofascore
486146,Ishiy V / Teodoro G,ishiy-v-teodoro-g,sofascore
486147,Aguirre M / Lorenzo S,aguirre-m-lorenzo-s,sofascore
486151,Zarif A / Zhang S-X,zarif-a-zhang-s-x,sofascore
486148,Morales J / Zeng Z,morales-j-zeng-z,sofascore
486149,Hanffou S / Scholz V,hanffou-s-scholz-v,sofascore
486150,Monfardini G / Vivarelli D,monfardini-g-vivarelli-d,sofascore
486144,Penalva C.,penalva-christian,sofascore
486145,Annuk M.,annuk-markus-oliver,sofascore
486225,Pitchford L / Hursey A,pitchford-l-hursey-a,sofascore
486216,Akkuzu C / Lebrun A,akkuzu-c-lebrun-a,sofascore
486217,Ecseki N / Pistej L,ecseki-n-pistej-l,sofascore
486218,Ovtcharov D / Qiu D,ovtcharov-d-qiu-d,sofascore
486214,Allegro M / Rolland J,allegro-m-rolland-j,sofascore
486220,Hursey A / Kukulkova T,hursey-a-kukulkova-t,sofascore
486223,Kim H / Yoon H,kim-h-yoon-h,sofascore
486222,Choi HY / Kim N,choi-hy-kim-n,sofascore
400510,Duffoo I / Maldonado M,duffoo-i-maldonado-m,sofascore
486224,Harimoto M / Hirano M,harimoto-m-hirano-m,sofascore
486312,Domin M.,domin-maciej,sofascore
486337,Stefanik V.,stefanik-vladimir,sofascore
486313,Witowski J.,witowski-jakub,sofascore
486353,Kacirek D.,kacirek-david,sofascore
486354,Fikar M.,fikar-milan,sofascore
486400,Volny M.,volny-marek,sofascore
464395,Perny M.,perny-michal,sofascore
486485,Noguti H.,noguti-henrique,sofascore
486486,Gomez J.,gomez-juan-jesus,sofascore
486488,Menezes Araujo A.,menezes-araujo-abimael,sofascore
486487,Carvalho L.,carvalho-lucas,sofascore
486489,Joon Shim,joon-shim,sofascore
486490,Leonardo Iizuka Kenzo,iizuka-leonardo-kenzo,sofascore
486491,Sarda M.,sarda-mahayla-aime,sofascore
486493,Prates J.,prates-jessica,sofascore
486494,Pincerato G.,pincerato-gabrielle,sofascore
486492,Rodriguez A.,rodriguez-alondra,sofascore
486495,Senaga Shiray K.,senaga-shiray-karina-ayumi,sofascore
486496,Strassburger V.,strassburger-victoria,sofascore
486570,Telecky J.,telecky-jiri,sofascore
486501,Etz A.,etz-alexander,sofascore
486502,Martin M.,martin-mart,sofascore
486534,Iizuka L K / Noguti H,iizuka-l-k-noguti-h,sofascore
486537,Noguti H / Senaga Shiray K A,noguti-h-senaga-shiray-k-a,sofascore
486536,Gomez J J / Cossio Aceves A,gomez-j-j-cossio-aceves-a,sofascore
486535,Duffoo F / Scholz V,duffoo-f-scholz-v,sofascore
486538,Senaga Shiray K A / Watanabe L,senaga-shiray-k-a-watanabe-l,sofascore
486539,Alexandre B / Strassburger V,alexandre-b-strassburger-v,sofascore
486541,Prates J / Sarda M A,prates-j-sarda-m-a,sofascore
486723,Sancho L.,sancho-libre,sofascore
486842,Carvalho L / Pradella T,carvalho-l-pradella-t,sofascore
486843,Barcenas C / Cossio Aceves A,barcenas-c-cossio-aceves-a,sofascore
486540,Alexandre B.,alexandre-bruna,sofascore
486931,Ishida C / Teodoro G,ishida-c-teodoro-g,sofascore
486930,Cho S / OH J,cho-s-oh-j,sofascore
486933,Ishida C / Strassburger V,ishida-c-strassburger-v,sofascore
486936,Takahashi B / Takahashi G,takahashi-b-takahashi-g,sofascore
487083,Skura E.,skura-eryk,sofascore
487172,Pokorny R.,pokorny-roman,sofascore
487209,Chen D.,chen-dan,sofascore
411148,Kafka P.,kafka-pavel,sofascore
487322,Jelinek M.,jelinek-milos,sofascore
487323,Rulka F.,rulka-filip,sofascore
487324,Martinez A.,martinez-alvaro,sofascore
487412,Jankovec J.,jankovec-jiri,sofascore
487617,Balik R.,balik-robert,sofascore
487627,Urbanek M.,urbanek-matej,sofascore
487413,Jadczyk D.,jadczyk-damian,sofascore
486993,Mrugala B.,mrugala-bartlomiej,sofascore
487756,Marchlewski M.,marchlewski-marcin,sofascore
487859,Herold J.,herold-jan,sofascore
487880,Filko D.,filko-daniel,sofascore
487973,Pechacek J.,pechacek-jiri,sofascore
488018,Chovanec P.,chovanec-pavel,sofascore
488019,Henzel M.,henzel-michal,sofascore
488083,Holub M.,holub-martin,sofascore
488150,Roh T.,roh-tomas,sofascore
488289,Mista O.,mista-ondrej,sofascore
488290,Fraczek B.,fraczek-bartosz,sofascore
488291,Sowa B.,sowa-bartosz,sofascore
488478,Brazda A.,brazda-adam,sofascore
488537,Vosyka R.,vosyka-radek,sofascore
488628,Heo S.,heo-sean,sofascore
488697,Vodal P.,vodal-petr,sofascore
488837,Schauer L.,schauer-lukas,sofascore
488956,Mleczko Mateusz,mleczko-mateusz,sofascore
489283,Zakharov V / Ashkeyeva A,zakharov-v-ashkeyeva-a,sofascore
489285,Lebrun A / Yuan J N,lebrun-a-yuan-j-n,sofascore
489286,Cho D / Joo C,cho-d-joo-c,sofascore
489287,Kang D / Sim H,kang-d-sim-h,sofascore
489288,Gombos L / Donner M,gombos-l-donner-m,sofascore
489289,Ghosh An / Ghosh SW,ghosh-an-ghosh-sw,sofascore
489280,Park C-H / Yoon H,park-c-h-yoon-h,sofascore
489281,Zhubanov S / Bakhyt A,zhubanov-s-bakhyt-a,sofascore
489307,Kang D / Park C-H,kang-d-park-c-h,sofascore
489308,Gombos L / Watanabe Y,gombos-l-watanabe-y,sofascore
489313,Kenzhigulov D / Zhubanov S,kenzhigulov-d-zhubanov-s,sofascore
489314,Deschamps H / Zakharov V,deschamps-h-zakharov-v,sofascore
489305,Moldaliev T / Sagyndykov T,moldaliev-t-sagyndykov-t,sofascore
489306,Almutairi T / Alshareif K,almutairi-t-alshareif-k,sofascore
393181,Akimali B / Artukmetov I,akimali-b-artukmetov-i,sofascore
489297,Kim Y / Yoo S,kim-y-yoo-s,sofascore
489301,Ashkeyeva A / Zhaxylykova A,ashkeyeva-a-zhaxylykova-a,sofascore
489302,Alimbayeva A / Torshayeva G,alimbayeva-a-torshayeva-g,sofascore
489295,Donner M / Mirkadirova S,donner-m-mirkadirova-s,sofascore
240374,Alhodaby M / Yousry A,alhodaby-m-yousry-a,sofascore
489296,Koshkumbayeva Z / Mochalkina V,koshkumbayeva-z-mochalkina-v,sofascore
489299,Shi X / Zhu S,shi-x-zhu-s,sofascore
489292,Koshkumbayeva Z.,koshkumbayeva-zhanerke,sofascore
489291,Zhaxylykova A.,zhaxylykova-albina,sofascore
489284,Ashkeyeva A.,ashkeyeva-aray,sofascore
489274,Watanabe Y.,watanabe-yusuke,sofascore
489273,Moldaliev T.,moldaliev-tilek,sofascore
489279,Sagyndykov T.,sagyndykov-talgat,sofascore
489066,Kalias P.,kalias-petr,sofascore
489196,Skacelik F.,skacelik-frantisek,sofascore
489298,Mochalkina V.,mochalkina-viktoriya,sofascore
489303,Torshayeva G.,torshayeva-guzel,sofascore
489300,Yoo S.,yoo-siwoo,sofascore
489282,Bakhyt A.,bakhyt-anel,sofascore
489447,Romanovskaya A.,romanovskaya-angelina,sofascore
489403,Malina V.,malina-vitezslav,sofascore
489404,Molin V.,molin-vojtech,sofascore
489197,Zwolinski P.,zwolinski-piotr,sofascore
489405,Metz T.,metz-tom,sofascore
489503,Ghosh A / Ghosh S,ghosh-a-ghosh-s,sofascore
489506,Xiang P / Liu W,xiang-p-liu-w,sofascore
489507,Ionescu E / Samara E,ionescu-e-samara-e,sofascore
489504,Kurmangaliyev A / Mirkadirova S,kurmangaliyev-a-mirkadirova-s,sofascore
489505,Kharki I / Romanovskaya A,kharki-i-romanovskaya-a,sofascore
489513,Oikawa M / Yoshimura K,oikawa-m-yoshimura-k,sofascore
489518,Liang Y / Xiang P,liang-y-xiang-p,sofascore
489514,Cho S / Lee S,cho-s-lee-s,sofascore
489508,Kim N / Lee Z,kim-n-lee-z,sofascore
489509,Pavade P / Yuan J N,pavade-p-yuan-j-n,sofascore
489445,Knybel K.,knybel-kamil,sofascore
489446,Nevrtal T.,nevrtal-tomas,sofascore
489515,Lambiet F / Rassenfosse A,lambiet-f-rassenfosse-a,sofascore
489517,Lebesson E / Lebrun A,lebesson-e-lebrun-a,sofascore
489516,Akkuzu C / Lebrun F,akkuzu-c-lebrun-f,sofascore
393203,Bakhyt A / Romanovskaya A,bakhyt-a-romanovskaya-a,sofascore
489510,Choi H / Joo C,choi-h-joo-c,sofascore
489511,Kim H / Kim S,kim-h-kim-s,sofascore
489512,Bajor N / Kukulkova T,bajor-n-kukulkova-t,sofascore
489531,Tryb V.,tryb-vladislav,sofascore
489502,Aleknavicius K.,aleknavicius-kestutis,sofascore
489583,Burdik V.,burdik-vitezslav,sofascore
489584,Jemelka L.,jemelka-libor,sofascore
489585,Wisniowski Waldemar,wisniowski-waldemar,sofascore
489718,Wolak K.,wolak-krzysztof,sofascore
489874,Leska V.,leska-vojtech,sofascore
489896,Vana L.,vana-lubomir,sofascore
411155,Machac J.,machac-jan,sofascore
490470,Vodnansky M.,vodnansky-martin,sofascore
490606,Voitko V.,voitko-viacheslav,sofascore
490557,Cesak M.,cesak-michal,sofascore
490558,Jansa S.,jansa-stanislav,sofascore
490612,Martinak L.,martinak-lukas,sofascore
490758,Podrapsky J.,podrapsky-jaroslav,sofascore
490827,Fernandez L.,fernandez-leoncio,sofascore
490828,Gorski P.,gorski-przemyslaw,sofascore
490829,Bodnar M.,bodnar-micha,sofascore
491059,Dosz D.,dosz-dariusz,sofascore
491327,Sedlacek V.,sedlacek-vaclav,sofascore
491195,Cermak L.,cermak-lubos,sofascore
491324,Misztal A.,misztal-albert,sofascore
491328,Martin I.,martin-ivan,sofascore
491329,Dohnal J.,dohnal-jaroslav,sofascore
491333,Graf J.,graf-jiri,sofascore
491349,Benak V.,benak-vit,sofascore
491468,Alzate C.,alzate-camilo,sofascore
491469,Gielazyn M.,gielazyn-mateusz,sofascore
491717,Kasal J.,kasal-jan,sofascore
491698,Benak J.,benak-jan,sofascore
491563,Malecha M.,malecha-maciej,sofascore
491885,Piecowski B.,piecowski-bogdan,sofascore
491947,Rodriguez S.,rodriguez-sebastian,sofascore
491948,Sudol P.,sudol-piotr,sofascore
491967,Jirek J.,jirek-jan,sofascore
492285,Kriz N.,kriz-nikolas,sofascore
492418,Nylander K.,nylander-kim,sofascore
492428,Samuolis D.,samuolis-dominykas,sofascore
492441,Carrera F.,carrera-francesc,sofascore
492419,Coll S.,coll-silvia,sofascore
492443,Prosvirnina N.,prosvirnina-natalya,sofascore
492445,Mikalauskyte M.,mikalauskyte-marija,sofascore
492452,Jee M.,jee-min-hyyung,sofascore
492453,Rad E.,rad-elvira-fiona,sofascore
491977,Ted Sports Club,ted-sports-club,sofascore
492534,Szantosi D.,szantosi-david,sofascore
492477,Polakova V.,polakova-veronika,sofascore
491978,Lille Metropole TT,lille-metropole-tt,sofascore
491975,Bebetto AZS UJD Częstochowa,bebetto-azs-ujd-czestochowa,sofascore
492578,Artsetou M.,artsetou-maria,sofascore
491980,Mittc,mittc,sofascore
491979,Club Burgos TDM / UBU,club-burgos-tdm-ubu,sofascore
491976,CSM Constanta,csm-constanta,sofascore
492603,Palka P.,palka-patryk,sofascore
492517,Wodniak M.,wodniak-michal,sofascore
492650,Pyzik M.,pyzik-marek,sofascore
493028,Cherkashyn Yevhenii,cherkashyn-yevhenii,sofascore
493205,Smolik J.,smolik-jan,sofascore
493181,Kuzmicz J.,kuzmicz-jerzy,sofascore
493261,Maraszkeiwicz R.,maraszkeiwicz-ryszard,sofascore
493440,Slusarski R.,slusarski-rafal,sofascore
493439,Oglaza R.,oglaza-robert,sofascore
493486,Alfredsson I.,alfredsson-isak,sofascore
493492,Ernst E / Toftaker M,ernst-e-toftaker-m,sofascore
493494,Cheng H-T / Chien T-C,cheng-h-t-chien-t-c,sofascore
493495,Krzysiek P / Sztwiertnia I,krzysiek-p-sztwiertnia-i,sofascore
493496,Roose A / Svensson A,roose-a-svensson-a,sofascore
493498,Donner M / Leon Burgos E,donner-m-leon-burgos-e,sofascore
493488,de Hoop S / Perdomo M,de-hoop-s-perdomo-m,sofascore
493489,Lis M / Michalak A,lis-m-michalak-a,sofascore
322330,Tveit Muskantor L / Baasan N,tveit-muskantor-l-baasan-n,sofascore
493487,Edvinsson J / Holgersson H,edvinsson-j-holgersson-h,sofascore
493534,Friis M / Lindso D,friis-m-lindso-d,sofascore
493535,Alfredsson I / Bergenblock W,alfredsson-i-bergenblock-w,sofascore
493529,Bedoya S / Jimenez J,bedoya-s-jimenez-j,sofascore
493531,Eriksson A / Soderlund H,eriksson-a-soderlund-h,sofascore
493532,Kases A P / Ahmadian M,kases-a-p-ahmadian-m,sofascore
493477,Vesely J.,vesely-jiri-senior,sofascore
493514,Rajek J.,rajek-jan,sofascore
493484,Novesky L.,novesky-leon,sofascore
493485,Pawlowski K.,pawlowski-krzysztof,sofascore
493530,Jimenez J.,jimenez-juan,sofascore
493502,Lindso D.,lindso-daniel,sofascore
493533,Ahmadian M.,ahmadian-mahdi,sofascore
493507,Bergenblock W.,bergenblock-william,sofascore
493538,Guete D.,guete-daniel,sofascore
493512,Torres J.,torres-jabdiel,sofascore
493504,Bedoya S.,bedoya-sebastian,sofascore
493638,Malobabic I / Pavlovic A,malobabic-i-pavlovic-a,sofascore
493639,Chang L S A / Papadimitriou M,chang-l-s-a-papadimitriou-m,sofascore
493497,Svensson A.,svensson-agnes,sofascore
493493,Ruiz Salazar M.,ruiz-salazar-mariana,sofascore
493491,Isaza A.,isaza-ana,sofascore
493500,Alfredsson I / Svensson A,alfredsson-i-svensson-a,sofascore
493501,Lindso D / Baasan N,lindso-d-baasan-n,sofascore
493503,Bedoya S / Isaza A,bedoya-s-isaza-a,sofascore
493505,Gillen A / Ernst E,gillen-a-ernst-e,sofascore
493509,Naumi A / Donner M,naumi-a-donner-m,sofascore
493510,Friis M / Roose A,friis-m-roose-a,sofascore
493506,Bergenblock W / Tveit Muskantor L,bergenblock-w-tveit-muskantor-l,sofascore
493508,Leong C F / Chang L S A,leong-c-f-chang-l-s-a,sofascore
493511,Torres J / Leon Burgos E,torres-j-leon-burgos-e,sofascore
493513,Wykes J / Scholz V,wykes-j-scholz-v,sofascore
493635,Bourrassaud F / Chasselin P,bourrassaud-f-chasselin-p,sofascore
493637,Naranjo A / Burgos B,naranjo-a-burgos-b,sofascore
493636,Park Gye / Moret R,park-gye-moret-r,sofascore
493641,Bourrassaud F / Coton F,bourrassaud-f-coton-f,sofascore
493640,Stalzer A / Koldas T,stalzer-a-koldas-t,sofascore
493536,Gunduz I / Limonov A,gunduz-i-limonov-a,sofascore
493537,Both O / Lei B,both-o-lei-b,sofascore
493714,Gala B.,gala-bartek,sofascore
493715,Adamus P.,adamus-pawel,sofascore
493642,Flavien Coton,coton-flavien,sofascore
493490,Lis M.,lis-martyna,sofascore
322329,Tveit Muskantor L.,tveit-muskantor-leah,sofascore
292783,Sztwiertnia I.,sztwiertnia-ilona,sofascore
493810,Madrid M / Cossio Aceves A,madrid-m-cossio-aceves-a,sofascore
493811,Ranefur E / Bergand F,ranefur-e-bergand-f,sofascore
493812,Kubik M / Wegrzyn K,kubik-m-wegrzyn-k,sofascore
493814,Montes S / Perdomo M,montes-s-perdomo-m,sofascore
493817,Jouti E / Schreiner F,jouti-e-schreiner-f,sofascore
493815,Falck M / Bergstrom L,falck-m-bergstrom-l,sofascore
493816,Walker S / Kukulkova T,walker-s-kukulkova-t,sofascore
493871,Gombos L / Castro R,gombos-l-castro-r,sofascore
493870,Li H M / Pau Y M,li-h-m-pau-y-m,sofascore
493874,Kao C-J / Yang T-Y,kao-c-j-yang-t-y,sofascore
493872,Castillo Arocha C A / Rios Romero C J A,castillo-arocha-c-a-rios-romero-c-j-a,sofascore
493879,Gombos L / Lee H M K,gombos-l-lee-h-m-k,sofascore
493880,Castillo Arocha C A / Ferrer D,castillo-arocha-c-a-ferrer-d,sofascore
493877,Mata Aponte N.,mata-aponte-nathacha-dennys,sofascore
493875,Ferrer D / Mata Aponte N D,ferrer-d-mata-aponte-n-d,sofascore
493873,Li C W / Ng W L,li-c-w-ng-w-l,sofascore
493798,Tazler J.,tazler-jakub,sofascore
493830,Drozd T.,drozd-tymoteusz,sofascore
456267,Hamada K.,hamada-kazuki,sofascore
493818,Bergand F / Hansson M,bergand-f-hansson-m,sofascore
493499,Leon Burgos E.,leon-burgos-edmarie,sofascore
493823,Montes S / Ramos J,montes-s-ramos-j,sofascore
493821,Haug B / Park Gye,haug-b-park-gye,sofascore
493822,Naranjo A / Torres J,naranjo-a-torres-j,sofascore
493824,Jouti E / Lambiet F,jouti-e-lambiet-f,sofascore
493878,Cho SE / Joo C,cho-se-joo-c,sofascore
493876,Ferrer D.,ferrer-dakota,sofascore
493894,Mendoza. Santiago,mendoza-santiago,sofascore
494014,Janca M.,janca-miroslav,sofascore
494023,Gonzalez A.,gonzalez-ariel,sofascore
494024,Gala D.,gala-dawid,sofascore
494025,Wodniak K.,wodniak-kamil,sofascore
494026,Migdal E.,migdal-eugeniusz,sofascore
409297,AL Jassasi B.,al-jassasi-bader,sofascore
494115,Shams H.,shams-hamid,sofascore
494134,Arado R.,arado-ruben,sofascore
494116,AL Riyami A.,al-riyami-ahmed,sofascore
494119,AL Farsi L.,al-farsi-luqman,sofascore
494117,AL Mutawa M.,al-mutawa-mohammed,sofascore
494118,Massart L.,massart-lilou,sofascore
494197,Polak T.,polak-tomas,sofascore
494431,AL Farsi L / AL Jassasi B,al-farsi-l-al-jassasi-b,sofascore
494432,AL Mutawa M / AL Riyami A,al-mutawa-m-al-riyami-a,sofascore
494198,Ramirez M.,ramirez-manuel,sofascore
494211,Zacharda J.,zacharda-jachym,sofascore
494199,Akimov K.,akimov-konstantin,sofascore
494212,Lafek D.,lafek-dominik,sofascore
494481,Gombos L / Li H M,gombos-l-li-h-m,sofascore
494433,Shams H / Shams N,shams-h-shams-n,sofascore
494462,Chan B H W / Lee H M K,chan-b-h-w-lee-h-m-k,sofascore
494455,Matsushima S / Harimoto M,matsushima-s-harimoto-m,sofascore
494459,Wong C T / Ng W L,wong-c-t-ng-w-l,sofascore
494457,Desai H / Kamath A G,desai-h-kamath-a-g,sofascore
494458,Shah M U / Chitale D P,shah-m-u-chitale-d-p,sofascore
494460,Altinkaya S / Todorovic A,altinkaya-s-todorovic-a,sofascore
494456,Ng W L / Zhu C,ng-w-l-zhu-c,sofascore
494477,Kral A.,kral-adam,sofascore
494482,Calderano H / Ishiy V,calderano-h-ishiy-v,sofascore
494461,Hursey A / Jee M,hursey-a-jee-m,sofascore
494827,Pesout P.,pesout-petr,sofascore
494828,Strof L.,strof-lukasz,sofascore
494901,Valek F.,valek-filip,sofascore
494961,Steuer R.,steuer-rudolf,sofascore
494955,Castro R.,castro-rogelio,sofascore
495088,Wielgos Z.,wielgos-zuzanna,sofascore
495256,Choi S.,choi-seoyeon,sofascore
495089,Varghese J.,varghese-jennifer,sofascore
495248,Gao Y.,gao-yuxin,sofascore
495249,Chang L.,chang-lingfei,sofascore
495243,Yoo Y.,yoo-yerin,sofascore
495241,Kwon H / Yoo Y,kwon-h-yoo-y,sofascore
495245,Wen R / Gao Y,wen-r-gao-y,sofascore
495246,Li H / Chang L,li-h-chang-l,sofascore
495244,Suravajjula S / Ghosh S,suravajjula-s-ghosh-s,sofascore
495247,Coton F / Lutz C,coton-f-lutz-c,sofascore
495255,Yiu K T / Ng W L,yiu-k-t-ng-w-l,sofascore
495252,Lee S / Choi N,lee-s-choi-n,sofascore
495280,Huang Y-H / Yeh Y-T,huang-y-h-yeh-y-t,sofascore
495281,Huang Y / Lee H M K,huang-y-lee-h-m-k,sofascore
495276,Badawy F / Ghosh S,badawy-f-ghosh-s,sofascore
495279,Choi N / Yoo Y,choi-n-yoo-y,sofascore
495268,Bajor N / Wegrzyn K,bajor-n-wegrzyn-k,sofascore
495269,Ojio Y / Todorovic A,ojio-y-todorovic-a,sofascore
495274,Kukulkova T / Matelova H,kukulkova-t-matelova-h,sofascore
495277,Arlia N / Piccolin G,arlia-n-piccolin-g,sofascore
495272,Hursey A / Lutz C,hursey-a-lutz-c,sofascore
495273,Mirkadirova S / Romanovskaya A,mirkadirova-s-romanovskaya-a,sofascore
495275,Chang L / Gao Y,chang-l-gao-y,sofascore
495271,Chien T-C / Liu H-Y,chien-t-c-liu-h-y,sofascore
495242,Kwon H.,kwon-hyuk,sofascore
495254,Lee S.,lee-seungsoo,sofascore
495409,Korani A.,korani-ahmed,sofascore
495250,Wen Ruibo,wen-ruibo,sofascore
495411,Abdalla Y.,abdalla-yousif,sofascore
495382,Alnaser R.,alnaser-rawad,sofascore
495381,Al-Kuwari S.,al-kuwari-sultan,sofascore
495251,Hechen Li.,li-hechen,sofascore
495410,Al-Abdulla O.,al-abdulla-obad,sofascore
495270,Ojio Y.,ojio-yuna,sofascore
495253,Choi N.,choi-nahyun,sofascore
495278,Badawy F.,badawy-farida,sofascore
495380,Al-Kuwari S / Alnaser R,al-kuwari-s-alnaser-r,sofascore
495385,Allegro M / Kubik M,allegro-m-kubik-m,sofascore
495386,Li H / Wen R,li-h-wen-r,sofascore
495387,Istrate A T / Movileanu D,istrate-a-t-movileanu-d,sofascore
495388,Naranjo A / Shams N,naranjo-a-shams-n,sofascore
495383,Kharki I / Kurmangaliyev A,kharki-i-kurmangaliyev-a,sofascore
495384,Kwon H / Lee S,kwon-h-lee-s,sofascore
495389,Mohammed A / Suravajjula S,mohammed-a-suravajjula-s,sofascore
495392,Rustemovski R / Saadawi A,rustemovski-r-saadawi-a,sofascore
495390,Chen C-A / Huang Y-C,chen-c-a-huang-y-c,sofascore
495391,Abdulwahhab A / Abdulwahhab M,abdulwahhab-a-abdulwahhab-m,sofascore
495702,Dorr E / Chasselin P,dorr-e-chasselin-p,sofascore
495700,Castro R / Cossio Aceves A,castro-r-cossio-aceves-a,sofascore
495701,Poret T / Guisnel O,poret-t-guisnel-o,sofascore
495703,Dursun U / Harac E,dursun-u-harac-e,sofascore
495775,Pavade P / Zarif A,pavade-p-zarif-a,sofascore
495704,Bourrassaud F / Dorr E,bourrassaud-f-dorr-e,sofascore
495705,Castro R / Madrid M,castro-r-madrid-m,sofascore
495706,Dursun U / Isik H,dursun-u-isik-h,sofascore
495776,Lebrun F / Rassenfosse A,lebrun-f-rassenfosse-a,sofascore
495916,Vrzak SR M.,vrzak-sr-miroslav,sofascore
495917,Kollner S.,kollner-slavomir,sofascore
495918,Maduzia L.,maduzia-leszek,sofascore
496052,Dong L.,dong-li,sofascore
496044,Kovtanyuk Y.,kovtanyuk-yevheniy,sofascore
496049,Moravek M.,moravek-michal,sofascore
496050,Sabio R.,sabio-ricard,sofascore
495919,Wisniewski M.,wisniewski-maciej,sofascore
496071,Matsushita T.,matsushita-takumi,sofascore
496090,Jemelka I.,jemelka-ivan,sofascore
496101,Romero P.,romero-pablo,sofascore
496095,Franc I.,franc-igor,sofascore
496096,Skorko B.,skorko-bartlomiej,sofascore
496206,Abiodun T.,abiodun-tiago,sofascore
496097,Wernicki M.,wernicki-maciej,sofascore
496496,Kostal D.,kostal-daniel,sofascore
496499,Rezab J.,rezab-jiri,sofascore
496503,Panczyk A.,panczyk-adrian,sofascore
496579,Ravi C.,ravi-chandra,sofascore
496697,Xinxin Wu.,wu-xinxin,sofascore
496658,Holovatiuk Y.,holovatiuk-yurii,sofascore
496688,Rodriguez G.,rodriguez-gonzalo,sofascore
496703,Szoltysek A.,szoltysek-artur,sofascore
496771,Parhomenko D.,parhomenko-dmitro,sofascore
496772,Kowal L.,kowal-lukasz,sofascore
496847,Ho J / Ji E,ho-j-ji-e,sofascore
496848,Xu H / Wang X,xu-h-wang-x,sofascore
496850,Lee S / Lee D,lee-s-lee-d,sofascore
496852,Ragni L / Dymytrenko A,ragni-l-dymytrenko-a,sofascore
496853,Zakharov V / Bakhyt A,zakharov-v-bakhyt-a,sofascore
496849,Wong Q S / Chang L S A,wong-q-s-chang-l-s-a,sofascore
496851,Rossi C / Roncallo V,rossi-c-roncallo-v,sofascore
496854,Giardi F / Papadimitriou M,giardi-f-papadimitriou-m,sofascore
496794,Osvald P.,osvald-petr,sofascore
496939,Willeke J.,willeke-johannes,sofascore
496855,Madej B.,madej-boguslaw,sofascore
496856,Delikatny K.,delikatny-kamil,sofascore
496820,Kenzhigulov A / Zakharov V,kenzhigulov-a-zakharov-v,sofascore
496822,de Las Heras R / Perez J,de-las-heras-r-perez-j,sofascore
496819,Artukmetov I / Kharki I,artukmetov-i-kharki-i,sofascore
496824,Mongiusti M / Ragni L,mongiusti-m-ragni-l,sofascore
496840,Ho J / Lee S,ho-j-lee-s,sofascore
496843,Ahmadian M / Giardi F,ahmadian-m-giardi-f,sofascore
496833,Kramer C / Kramer L,kramer-c-kramer-l,sofascore
496835,Akimali B / Zhamal B,akimali-b-zhamal-b,sofascore
496845,Pelcar T / Zelko D,pelcar-t-zelko-d,sofascore
496846,Giovannetti T / Piccolin J,giovannetti-t-piccolin-j,sofascore
496839,Donner M / Toftaker M,donner-m-toftaker-m,sofascore
496830,Dymytrenko A / Garci F,dymytrenko-a-garci-f,sofascore
496831,Chang L S A / Lyne K,chang-l-s-a-lyne-k,sofascore
496828,Ji E / Lee D (,ji-e-lee-d,sofascore
496821,Pavlovic A / Roncallo V,pavlovic-a-roncallo-v,sofascore
496823,Lis M / Wielgos Z,lis-m-wielgos-z,sofascore
496829,Moltara E / Novak T,moltara-e-novak-t,sofascore
496832,Jeger Majstorovic M / Rakovac L,jeger-majstorovic-m-rakovac-l,sofascore
496837,Plaian T M / Singeorzan I,plaian-t-m-singeorzan-i,sofascore
496838,Papadimitriou M / Toliou A,papadimitriou-m-toliou-a,sofascore
496842,Lee S.,lee-seunghwan,sofascore
496841,Jeongmun Ho.,ho-jeongmun,sofascore
496834,Kramer L.,kramer-lukas,sofascore
496826,Rebic Z.,rebic-zrinka,sofascore
497210,Leong C F / Wong Q S,leong-c-f-wong-q-s,sofascore
496825,Kramer C.,kramer-christopher,sofascore
496836,Pelcar T.,pelcar-tomaz,sofascore
496844,Cavaille J.,cavaille-jules,sofascore
496827,Vasendova J.,vasendova-jana,sofascore
497178,Cao W / Li Y,cao-w-li-y,sofascore
497179,Olah B / Kukulkova T,olah-b-kukulkova-t,sofascore
497266,Imielski M.,imielski-marcin,sofascore
497306,Cao W / Xue F,cao-w-xue-f,sofascore
497303,Redzimski M / Wielgos Z,redzimski-m-wielgos-z,sofascore
497302,Godec A / Tokic S,godec-a-tokic-s,sofascore
497301,Liu D / Liu W,liu-d-liu-w,sofascore
497277,Sklenar L.,sklenar-lukas,sofascore
497360,Pelka J.,pelka-jerzy,sofascore
497361,Cesarz M.,cesarz-milosz,sofascore
497304,Dyjas J / Redzimski M,dyjas-j-redzimski-m,sofascore
497305,Gunduz I / Puppo A,gunduz-i-puppo-a,sofascore
497307,Liu D / Zhou K,liu-d-zhou-k,sofascore
497345,Li Y / Liu W,li-y-liu-w,sofascore
497344,Arapovic H / Malobabic I,arapovic-h-malobabic-i,sofascore
497343,Shi X / Wu Y,shi-x-wu-y,sofascore
497346,Han F / Wang X,han-f-wang-x,sofascore
497347,Paulin L / Tokic S,paulin-l-tokic-s,sofascore
497446,Wojcik R.,wojcik-rafal,sofascore
497447,Gudilkin I.,gudilkin-igor,sofascore
497511,Flegr V.,flegr-vladimir,sofascore
497512,Ksel M.,ksel-mateusz,sofascore
497644,Jakes P.,jakes-petr,sofascore
497639,Adamus K.,adamus-kacper,sofascore
497690,Diaz A.,diaz-antonio,sofascore
497688,Mariusz Baron,baron-mariusz,sofascore
497918,Scheuer P.,scheuer-peter,sofascore
497841,Pavlista J.,pavlista-jaroslav,sofascore
497843,Frantisek Krcil,krcil-frantisek,sofascore
497844,Mecik P.,mecik-patryk,sofascore
497845,Gaik K.,gaik-krystian,sofascore
498083,Zhen D.,zhen-deng,sofascore
498082,OH J / Park G,oh-j-park-g,sofascore
498081,Lam S H / MA J,lam-s-h-ma-j,sofascore
498108,Pyrek D.,pyrek-dawid,sofascore
461156,Xiang P / Yuan L,xiang-p-yuan-l,sofascore
498125,MA J / Zhen D,ma-j-zhen-d,sofascore
498223,Nocun Z.,nocun-zbigniew,sofascore
498222,Partyka R.,partyka-ryszard,sofascore
498321,Kumor M.,kumor-michal,sofascore
498421,Sykora J.,sykora-jiri,sofascore
498439,Itagaki A.,itagaki-akito,sofascore
498438,Baechler M.,baechler-martin,sofascore
498437,Desai V.,desai-vidit,sofascore
498713,Ablewski M.,ablewski-mariusz,sofascore
498714,Pustov A.,pustov-aleksandr,sofascore
498642,Michalik J.,michalik-jerzy,sofascore
498792,Machovec P.,machovec-petr,sofascore
498793,Vorac J.,vorac-jiri,sofascore
498794,Samulak K.,samulak-kamil,sofascore
498795,Podrazil V.,podrazil-vaclav,sofascore
498796,Gumulinski P.,gumulinski-piotr,sofascore
499148,Ogon R.,ogon-rafal,sofascore
499323,Goncharov V.,goncharov-valeri,sofascore
499423,Budinsky P.,budinsky-petr,sofascore
499319,Murawski D.,murawski-daniel,sofascore
499320,Sawczak Jr M.,sawczak-jr-milosz,sofascore
499321,Czernik M.,czernik-mateusz,sofascore
499322,Jurczak M.,jurczak-michal,sofascore
499505,Guzy R.,guzy-rafal,sofascore
499518,Musil O.,musil-oldrich,sofascore
499520,Beranek J.,beranek-jiri,sofascore
499506,Czernik M.,czernik-michal,sofascore
499507,Kapron L.,kapron-lukasz,sofascore
500058,Wang T.,wang-tianyi,sofascore
500056,Leal J.,leal-julia,sofascore
322847,Riera J.,riera-jana,sofascore
500057,de Stoppeleire C.,de-stoppeleire-clea,sofascore
500062,Alto G / Bentancor M,alto-g-bentancor-m,sofascore
500063,Jang H / Park G,jang-h-park-g,sofascore
500064,Aida S / Yoshimura K,aida-s-yoshimura-k,sofascore
500069,Giovannetti T / Arlia N,giovannetti-t-arlia-n,sofascore
500070,Bentancor M / Codina A,bentancor-m-codina-a,sofascore
500071,Gomes G / Matos I,gomes-g-matos-i,sofascore
500067,An J / Lin Y,an-j-lin-y,sofascore
500098,Kafka S.,kafka-stanislav,sofascore
499836,Mucha G.,mucha-grzegorz,sofascore
499837,Nedostojev A.,nedostojev-aleksei,sofascore
500051,Rashed R.,rashed-rashed,sofascore
500050,Stoll L.,stoll-loic,sofascore
500054,Okanlawon U.,okanlawon-usman-ishola,sofascore
322029,Pantoja M.,pantoja-miguel-angel,sofascore
500052,Kong R.,kong-rafael,sofascore
500053,Kim M.,kim-minwoo,sofascore
500055,Jang H.,jang-hanjae,sofascore
500073,Lopez M.,lopez-maria,sofascore
500072,Melendez Lafontaine K.,melendez-lafontaine-kristal,sofascore
322904,Baldwin M.,baldwin-mari,sofascore
500068,Lin Y.,lin-yishiuan,sofascore
500074,Helle T.,helle-tanja,sofascore
500124,Moyland S.,moyland-sally,sofascore
500061,Mischek K / Tofant A,mischek-k-tofant-a,sofascore
500059,Arguelles C / Molero C,arguelles-c-molero-c,sofascore
500060,Burgos B / Vega P,burgos-b-vega-p,sofascore
500065,Giovannetti T / Puppo A,giovannetti-t-puppo-a,sofascore
500066,Omotayo O / Solanke A,omotayo-o-solanke-a,sofascore
500128,Cao W / Qi F,cao-w-qi-f,sofascore
500125,Gomez G / Vega P,gomez-g-vega-p,sofascore
500126,Amato A / Mischek K,amato-a-mischek-k,sofascore
500129,Liu D / Wang T,liu-d-wang-t,sofascore
500127,Zhou K / He Z,zhou-k-he-z,sofascore
500131,Ghosh S / Pavlovic A,ghosh-s-pavlovic-a,sofascore
500132,Schreiner F / Winter S,schreiner-f-winter-s,sofascore
500130,Massart L / Toftaker M,massart-l-toftaker-m,sofascore
500136,Niu G / Zeng B,niu-g-zeng-b,sofascore
500137,Cao W / Liu D,cao-w-liu-d,sofascore
500135,An J / Lebesson E,an-j-lebesson-e,sofascore
158542,YU Z / Zhou K,yu-z-zhou-k,sofascore
500134,Amato A / Piccolin J,amato-a-piccolin-j,sofascore
500148,Lukas Krupnik Jnr,krupnik-junior-lukas,sofascore
500138,Wenda K.,wenda-krzysztof,sofascore
500324,Rui Qi X.,rui-qi-xia,sofascore
500376,Jamiol A.,jamiol-andrzej,sofascore
500400,Merk M.,merk-melanie,sofascore
378322,Safaei S.,safaei-shima,sofascore
500401,Rahimi E.,rahimi-elina,sofascore
500399,Farei M.,farei-maryam,sofascore
500454,Stefanidis M.,stefanidis-marco,sofascore
500402,Tsekoura D.,tsekoura-dimitra,sofascore
500403,Verdonschot W.,verdonschot-wim,sofascore
500428,Chua J S H / Ser L Q,chua-j-s-h-ser-l-q,sofascore
500431,Vilardell A / Rad E F,vilardell-a-rad-e-f,sofascore
500432,Haug B / Toftaker M,haug-b-toftaker-m,sofascore
500433,Kolodziejczyk M / Harac E,kolodziejczyk-m-harac-e,sofascore
500425,Kramer C / Chang L S A,kramer-c-chang-l-s-a,sofascore
500430,Perez J / Riera J,perez-j-riera-j,sofascore
500429,Vos E / Scholz V,vos-e-scholz-v,sofascore
500418,Kogans D / Ho Y,kogans-d-ho-y,sofascore
500421,Verdonschot W / Merk M,verdonschot-w-merk-m,sofascore
500423,Valenta J / Blaskova Z,valenta-j-blaskova-z,sofascore
500416,Chew Z Y C / Zhou J,chew-z-y-c-zhou-j,sofascore
500417,Ahmadian M / Todorovic A,ahmadian-m-todorovic-a,sofascore
500426,He Z / Wang T,he-z-wang-t,sofascore
500644,Nowakowski W.,nowakowski-witold,sofascore
500803,Abdel-Aziz Y / Alhodaby Mari,abdel-aziz-y-alhodaby-mari,sofascore
500804,Cao W / Wu Y,cao-w-wu-y,sofascore
500419,An J / Haug B,an-j-haug-b,sofascore
500420,de Las Heras R / Vilchez M A,de-las-heras-r-vilchez-m-a,sofascore
500434,Bordajandi Lillo A / Pantoja M A,bordajandi-lillo-a-pantoja-m-a,sofascore
183697,Tsuboi Y / Yoshimura K,tsuboi-y-yoshimura-k,sofascore
500435,Ecseki N / Kolodziejczyk M,ecseki-n-kolodziejczyk-m,sofascore
500424,Valuch A / Zelinka J,valuch-a-zelinka-j,sofascore
500801,Meissner C / Walther R,meissner-c-walther-r,sofascore
500799,Andersen M / Gomez G,andersen-m-gomez-g,sofascore
500798,Abdel-Aziz Y / El-Beiali M,abdel-aziz-y-el-beiali-m,sofascore
500802,Ho K K / Yiu K T,ho-k-k-yiu-k-t,sofascore
500800,Mladenovic L / Rossi C,mladenovic-l-rossi-c,sofascore
500422,Brateyko S / Dymytrenko A,brateyko-s-dymytrenko-a,sofascore
500427,Papadimitriou M / Tsekoura D,papadimitriou-m-tsekoura-d,sofascore
500643,Ciemiega S.,ciemiega-szymon,sofascore
500806,Steuer D.,steuer-dariusz,sofascore
500810,Cossio Aceves A / Todorovic A,cossio-aceves-a-todorovic-a,sofascore
500811,Chang L S A / Ho Y,chang-l-s-a-ho-y,sofascore
500809,Ho T-T / Winter S,ho-t-t-winter-s,sofascore
500805,Wasik M.,wasik-marcin,sofascore
500866,Krawczyk C.,krawczyk-cezary,sofascore
500917,Zamojda A.,zamojda-andrzej,sofascore
500956,Tomsia S.,tomsia-slawek,sofascore
500957,Przewlocki J.,przewlocki-jacek,sofascore
500955,Kasprowicz L.,kasprowicz-lukasz,sofascore
501012,Puerto H.,puerto-hector,sofascore
500986,Zwolinski M.,zwolinski-mariusz,sofascore
501039,Jastrzebowski F.,jastrzebowski-franciszek,sofascore
501368,Zhou Yu.,yu-zhou,sofascore
501381,Mourier F.,mourier-flavio,sofascore
501369,Molnar K.,molnar-kendra,sofascore
501382,Lebaka N.,lebaka-nishant,sofascore
501383,Saaverda H.,saaverda-hector,sofascore
501474,Krauter G.,krauter-gunar,sofascore
501591,Holub M.,holub-matej,sofascore
501555,Chaloupka M.,chaloupka-mikulas,sofascore
501593,Stachera T.,stachera-tomasz,sofascore
501592,Baros A.,baros-antonin,sofascore
501651,Vaclavik M.,vaclavik-miroslav,sofascore
501652,Danilov Nikolai,danilov-nikolai,sofascore
501835,Fantoni M.,fantoni-matteo,sofascore
501836,Izzo G.,izzo-giacomo,sofascore
501838,Rosca M.,rosca-mihai,sofascore
501830,Allegranza G.,allegranza-giacomo,sofascore
322368,Vallino Costassa F.,vallino-costassa-federico,sofascore
501831,Faso D.,faso-danilo-dimitri,sofascore
501837,Rasanen A.,rasanen-aleksi,sofascore
501832,Varga B.,varga-botond-zoltan,sofascore
501839,Fantoni M / Izzo G,fantoni-m-izzo-g,sofascore
501840,Allegranza G / Vallino Costassa F,allegranza-g-vallino-costassa-f,sofascore
501833,Bordajandi Lillo A / Vilardell A,bordajandi-lillo-a-vilardell-a,sofascore
501834,Rebetez Y / Stoll L,rebetez-y-stoll-l,sofascore
501871,Carnovale M / Minurri S,carnovale-m-minurri-s,sofascore
501967,Etim O / Solanke A,etim-o-solanke-a,sofascore
501869,Cappuccio M / Puppo A,cappuccio-m-puppo-a,sofascore
501870,Angelakis K / Gionis P,angelakis-k-gionis-p,sofascore
502014,Giovannetti T / Mutti L,giovannetti-t-mutti-l,sofascore
502015,Mutti M / Pinto D,mutti-m-pinto-d,sofascore
502013,Rakotoarimanana F / Razafinarivo A,rakotoarimanana-f-razafinarivo-a,sofascore
502010,Ban I / Pavlovic A,ban-i-pavlovic-a,sofascore
502011,Ahmadian M / Poon Y,ahmadian-m-poon-y,sofascore
502012,Bourrassaud F / Moret R,bourrassaud-f-moret-r,sofascore
292092,Carnovale M.,carnovale-miriam,sofascore
501971,Bohac M.,bohac-martin,sofascore
502016,Arguelles C / Tofant A,arguelles-c-tofant-a,sofascore
502017,Moret R / Stefanova N,moret-r-stefanova-n,sofascore
502018,Sasao A / Takeya M,sasao-a-takeya-m,sofascore
502019,Lutz C / Zarif A,lutz-c-zarif-a,sofascore
502007,Moretti I.,moretti-irene,sofascore
502008,Takeya M.,takeya-misuzu,sofascore
502006,Poon Y.,poon-yat,sofascore
501872,Minurri S.,minurri-sofia,sofascore
502020,Sonsky P.,sonsky-patrik,sofascore
502070,Duch S.,duch-slawomir,sofascore
502069,Sejk P.,sejk-petr,sofascore
502091,Piaskowski P.,piaskowski-piotr,sofascore
502148,Dabrowski Damian,dabrowski-damian,sofascore
502217,Coton A.,coton-adrien,sofascore
502289,Maltizov A.,maltizov-andrei,sofascore
502299,Mustonen M.,mustonen-mika,sofascore
502328,Nagorzanski S.,nagorzanski-seweryn,sofascore
502329,Ahlstrom S.,ahlstrom-stefan,sofascore
502531,Bonet D.,bonet-david,sofascore
502682,Bednarz J.,bednarz-jacek,sofascore
502731,Bernat J.,bernat-jaroslav,sofascore
502715,Golaszewski K.,golaszewski-kuba,sofascore
502907,Jonas R.,jonas-roman,sofascore
503091,Skola M.,skola-miroslav,sofascore
503092,Martinez F.,martinez-fernando,sofascore
503251,Lee K.,lee-kim-chee,sofascore
503307,Lee D.,lee-daeun-2005,sofascore
503308,Abdalla Y / Alnaser R,abdalla-y-alnaser-r,sofascore
503309,Kubik M / Redzimski M,kubik-m-redzimski-m,sofascore
503310,Desai H / Suravajjula S,desai-h-suravajjula-s,sofascore
503314,Ho T-T / Hursey A,ho-t-t-hursey-a,sofascore
503311,Akula S / Ghorpade Y D,akula-s-ghorpade-y-d,sofascore
503312,Pota G / Sawettabut J,pota-g-sawettabut-j,sofascore
503313,Cheng H-T / Huang Y-C,cheng-h-t-huang-y-c,sofascore
503328,Sychra M.,sychra-martin,sofascore
503329,Baly O.,baly-ondrej,sofascore
503330,Rolik J.,rolik-jakub,sofascore
503354,Nemras R.,nemras-reda,sofascore
503355,Kageyama T.,kageyama-takumi,sofascore
503316,Deschamps H / Helmy Y,deschamps-h-helmy-y,sofascore
503315,Jarvis T D / Ho T-T,jarvis-t-d-ho-t-t,sofascore
503462,Moravec L.,moravec-ladislav,sofascore
503562,Lebrun A / Rolland J,lebrun-a-rolland-j,sofascore
503463,Talpas-Taltsepp K.,talpas-taltsepp-ken,sofascore
503564,Matsushima S / Togami S,matsushima-s-togami-s,sofascore
503563,Ecseki N / Ishiy V,ecseki-n-ishiy-v,sofascore
503664,Colvin T.,colvin-tom,sofascore
503677,Varecka M.,varecka-michal,sofascore
503833,Mahmoud M.,mahmoud-moamen,sofascore
503834,Melki F.,melki-faouzia,sofascore
503838,Alyassi A.,alyassi-alyas,sofascore
503835,Jellouli M.,jellouli-milhane,sofascore
503836,Hosseini S.,hosseini-sajad,sofascore
503837,Keshavarzi A.,keshavarzi-amirmahdi,sofascore
503847,Cassin A / Deschamps H,cassin-a-deschamps-h,sofascore
503850,Hodaei A H / Shams N,hodaei-a-h-shams-n,sofascore
503844,Alyassi A / Rashed R,alyassi-a-rashed-r,sofascore
503845,Anthony A / Chandra J,anthony-a-chandra-j,sofascore
503849,Hosseini S / Keshavarzi A,hosseini-s-keshavarzi-a,sofascore
503918,Kosar V.,kosar-vaclav,sofascore
503972,Maragioglio F.,maragioglio-francesco,sofascore
503973,Golab M.,golab-mathias,sofascore
503846,Dari H / Madarasz D,dari-h-madarasz-d,sofascore
503848,Chandra J / Kamath A G,chandra-j-kamath-a-g,sofascore
503843,Walker S / Hursey A,walker-s-hursey-a,sofascore
503842,Deschamps H / Lutz Ch,deschamps-h-lutz-ch,sofascore
503928,Carmen Yu.,yu-carmen,sofascore
503930,Yao T.,yao-tang,sofascore
503959,Munoz S.,munoz-shary,sofascore
503949,Guo J.,guo-jiangshan,sofascore
503936,Leibovitz T.,leibovitz-tahl,sofascore
503937,Cho K.,cho-kijeong,sofascore
503929,Silva S.,silva-senura,sofascore
503938,Bae H.,bae-hwan,sofascore
503935,Di Yu.,yu-di,sofascore
503946,Gombos L / Zeng Z,gombos-l-zeng-z,sofascore
503950,Levinski M / Tang Y,levinski-m-tang-y,sofascore
503951,Ly E / Liao I,ly-e-liao-i,sofascore
503947,Silva S / Yu M,silva-s-yu-m,sofascore
503948,Yu D / Guo J,yu-d-guo-j,sofascore
503981,Novak O.,novak-ondrej,sofascore
504119,Liu A.,liu-amber,sofascore
503934,Mandy Yu.,yu-mandy,sofascore
503932,Liu W.,liu-wantong,sofascore
504124,Lin J.,lin-jiaqi,sofascore
503954,Oribamise E.,oribamise-esther,sofascore
504121,Sareen A.,sareen-aditya,sofascore
504123,Zhang X.,zhang-xiangjing,sofascore
503952,Gomez J J / Barcenas C,gomez-j-j-barcenas-c,sofascore
504137,Naresh S / Lin J,naresh-s-lin-j,sofascore
504138,Pistej L / Brateyko S,pistej-l-brateyko-s,sofascore
504136,Naresh N / Takahashi G,naresh-n-takahashi-g,sofascore
504139,Zhang K / Deng Z,zhang-k-deng-z,sofascore
504127,Naresh S / Zhang K,naresh-s-zhang-k,sofascore
504125,Kumar N / Ly E,kumar-n-ly-e,sofascore
504126,Bae H / Godhwani A,bae-h-godhwani-a,sofascore
504128,Gombos L / Silva S,gombos-l-silva-s,sofascore
504120,Naresh N / Sareen A,naresh-n-sareen-a,sofascore
504122,Levinski M / Zhang X,levinski-m-zhang-x,sofascore
504131,Lin Y / Liu A,lin-y-liu-a,sofascore
504132,Guo J / Liu W,guo-j-liu-w,sofascore
504129,Diaz F / Diaz M,diaz-f-diaz-m,sofascore
504130,Lin J / Zhen D,lin-j-zhen-d,sofascore
504158,Zacharda A.,zacharda-ales,sofascore
504189,Al-Abdulla O / Korani A,al-abdulla-o-korani-a,sofascore
504190,Lebesson E / Rolland J,lebesson-e-rolland-j,sofascore
504188,OH Ju / Park Gyu,oh-ju-park-gyu,sofascore
504133,Ojomu A / Oribamise E,ojomu-a-oribamise-e,sofascore
504219,Altinkaya S / Arguelles C,altinkaya-s-arguelles-c,sofascore
502993,Franek T.,franek-tomas,sofascore
504557,Holik P.,holik-petr,sofascore
504558,Berdych P.,berdych-pavel,sofascore
504650,Szumilas Wladyslaw,szumilas-wladyslaw,sofascore
504721,Zeman R.,zeman-radek,sofascore
504736,Moos M.,moos-madis,sofascore
504737,Levy J.,levy-jiri,sofascore
504981,Park G / Kim N,park-g-kim-n,sofascore
504980,Suravajjula S / Akula S,suravajjula-s-akula-s,sofascore
504982,Desai H / Mukherjee A,desai-h-mukherjee-a,sofascore
504971,Bramhachary D.,bramhachary-diya,sofascore
505038,Gogoi T.,gogoi-trisha,sofascore
505039,Narang L.,narang-lakshita,sofascore
504992,Wani S.,wani-sayali-rajesh,sofascore
504989,Sivasankar Y.,sivasankar-yashini,sofascore
504942,Pradhivadhi A.,pradhivadhi-abhinandh,sofascore
504943,Sabharwal A.,sabharwal-ansh,sofascore
504944,Suresh Raj P.,suresh-raj-preyesh,sofascore
504945,Agarwal A.,agarwal-anshuman,sofascore
504994,Naina J / Baisya P,naina-j-baisya-p,sofascore
504993,Bramhachary D / Rohilla A,bramhachary-d-rohilla-a,sofascore
504995,Mani N / Selvakumar S,mani-n-selvakumar-s,sofascore
504988,Goyal G / Sivasankar Y,goyal-g-sivasankar-y,sofascore
504990,Kotecha T / Wani S R,kotecha-t-wani-s-r,sofascore
504996,Ghosh S / Zhang S-X,ghosh-s-zhang-s-x,sofascore
504997,Chipia F / Goel R,chipia-f-goel-r,sofascore
504991,Kotecha T.,kotecha-taneesha,sofascore
504998,Goel R.,goel-radhapriya,sofascore
505043,Maji S.,maji-sayanika,sofascore
505042,Das D.,das-debolina,sofascore
505041,Dani M / Gunduz I,dani-m-gunduz-i,sofascore
505044,Malik Y / Pradhivadhi A,malik-y-pradhivadhi-a,sofascore
505045,Chandra J / Jain P,chandra-j-jain-p,sofascore
505128,Cesarz O.,cesarz-oscar,sofascore
505166,Gauzy S / Lebrun A,gauzy-s-lebrun-a,sofascore
505199,Marek D.,marek-david,sofascore
505200,Kupfer M.,kupfer-manuel,sofascore
505226,Krezel A.,krezel-andrzej,sofascore
505530,Pytlik M.,pytlik-martin,sofascore
505396,Hyza D.,hyza-daniel,sofascore
505595,Docherty H.,docherty-harrison-thomas,sofascore
505596,Tianer Yu.,yu-tianer,sofascore
505598,Bencik J.,bencik-jiri,sofascore
505597,Silcock H.,silcock-hannah,sofascore
505626,Docherty H T / Silcock H,docherty-h-t-silcock-h,sofascore
505627,Price L / Baldwin M,price-l-baldwin-m,sofascore
505625,Siraj S / Yu T,siraj-s-yu-t,sofascore
505628,Park G / Yoo S,park-g-yoo-s,sofascore
505629,Piggott B / Patterson M,piggott-b-patterson-m,sofascore
505624,McBeath D / Bolton E,mcbeath-d-bolton-e,sofascore
505630,Green C / Earley S,green-c-earley-s,sofascore
505599,Slavicek J.,slavicek-jan,sofascore
505606,Ankit M.,ankit-majmurad,sofascore
505632,Bolton E / Patterson M,bolton-e-patterson-m,sofascore
505631,Baldwin M / Rad E F,baldwin-m-rad-e-f,sofascore
505633,Piccolin G / Stefanova N,piccolin-g-stefanova-n,sofascore
505634,Cok I / Zarif A,cok-i-zarif-a,sofascore
505635,Earley S / Yu T,earley-s-yu-t,sofascore
505637,Price L / Siraj S,price-l-siraj-s,sofascore
505638,Cho D / Park Gye,cho-d-park-gye,sofascore
505695,Zelezny D.,zelezny-daniel,sofascore
505923,Llorente M.,llorente-marc-miro,sofascore
506055,Repan P.,repan-pavel,sofascore
506103,Jurkiewicz K.,jurkiewicz-kamil,sofascore
506200,Venski S.,venski-simo,sofascore
506374,Sulkowski K.,sulkowski-karol,sofascore
506394,Shiba T.,shiba-takuto,sofascore
506538,Famin D.,famin-dmitri,sofascore
506750,Suchodolski Z.,suchodolski-zbigniew,sofascore
506317,Cuba,cuba,sofascore
506322,Chile,chile,sofascore
506323,New Zealand,new-zealand,sofascore
506318,Puerto Rico,puerto-rico,sofascore
24834,Singapore,singapore,sofascore
24821,Canada,canada,sofascore
506319,Malaysia,malaysia,sofascore
506320,Kazakhstan,kazakhstan,sofascore
506321,Saudi Arabia,saudi-arabia,sofascore
506325,Algeria,algeria,sofascore
506324,Madagascar,madagascar,sofascore
506326,Iran,iran,sofascore
506327,Thailand,thailand,sofascore
506329,India,india,sofascore
506330,Uzbekistan,uzbekistan,sofascore
506331,Chile,chile,sofascore
506332,Algeria,algeria,sofascore
506338,Thailand,thailand,sofascore
506333,South Africa,south-africa,sofascore
506334,Iran,iran,sofascore
506335,Malaysia,malaysia,sofascore
506336,Cuba,cuba,sofascore
506337,Kazakhstan,kazakhstan,sofascore
506339,Canada,canada,sofascore
506340,Nigeria,nigeria,sofascore
506341,Mexico,mexico,sofascore
506822,Choi T.,choi-timothy,sofascore
506824,Aguiar La O R.,aguiar-la-o-rosalba,sofascore
506888,Matiunina V.,matiunina-veronika,sofascore
506751,Navarro E.,navarro-enrique,sofascore
506328,India,india,sofascore
506342,Puerto Rico,puerto-rico,sofascore
506939,Perez A.,perez-adrian,sofascore
503933,Ojomu A.,ojomu-ajoke,sofascore
506932,Muller D.,muller-dominik,sofascore
506933,Nicolas A.,nicolas-alfonso,sofascore
506825,Sasman J.,sasman-jade,sofascore
507003,Garcia P.,garcia-pedro,sofascore
506820,Henderson M.,henderson-maxwell,sofascore
506821,Nativel J.,nativel-jonathan,sofascore
506934,Martin S.,martin-simeon,sofascore
506938,Tan E.,tan-emily,sofascore
507004,Goodwin K.,goodwin-kayla,sofascore
507046,Kessaci A.,kessaci-amina,sofascore
506889,Jessie Xu.,xu-jessie,sofascore
506823,Crespo E.,crespo-estela,sofascore
292337,Illasova A.,illasova-adriana,sofascore
507042,Tusis V.,tusis-voldemar,sofascore
507237,Grewal J.,grewal-jordan-shamsher,sofascore
507239,Fong J.,fong-jay-shern,sofascore
507235,Arpas S.,arpas-samuel,sofascore
507236,Sterner A.,sterner-anastasiya,sofascore
506935,Reyes Lai J.,reyes-lai-jessica,sofascore
506936,Edwards L.,edwards-lailaa,sofascore
507169,Velky Junior D.,velky-junior-dalibor,sofascore
507170,Slama Z.,slama-zdenek,sofascore
507171,Pelczar D.,pelczar-dawid,sofascore
507172,Basarin D.,basarin-dmitri,sofascore
507173,Kwapis K.,kwapis-kuba,sofascore
507336,Gajda R.,gajda-rafal,sofascore
507448,Harada H.,harada-haruki,sofascore
507955,Manchon A.,manchon-angel,sofascore
507956,Luhtoja S.,luhtoja-sten,sofascore
508137,Mahmudov B.,mahmudov-bahrillo,sofascore
508022,Trela M.,trela-mateusz,sofascore
508246,Krystofek J.,krystofek-jiri,sofascore
508247,Brozek Senior J.,brozek-senior-jan,sofascore
508695,Liu Z.,liu-zhenlong,sofascore
508656,Michalski E.,michalski-emil,sofascore
508684,Jinshou Yu.,yu-jinshou,sofascore
508923,Loy X.,loy-xing-yao,sofascore
508925,Carolyn Li.,li-carolyn,sofascore
508926,Lee E.,lee-eng-kee,sofascore
508924,Lim Dao Yi,lim-dao-yi,sofascore
508984,Medlin J.,medlin-jiri,sofascore
508994,Volhejn D.,volhejn-dan,sofascore
509016,Mousavi Taher M.,mousavi-taher-mohammad,sofascore
508982,Glazowski K.,glazowski-kacper,sofascore
509502,Sareen A / Liu Ya,sareen-a-liu-ya,sofascore
509505,Koh D S J / Ser L Q,koh-d-s-j-ser-l-q,sofascore
509511,Madrid M / Mino A,madrid-m-mino-a,sofascore
509512,Chua J S H / Tan L,chua-j-s-h-tan-l,sofascore
509507,Joo C / Kihara M,joo-c-kihara-m,sofascore
509503,Hang L S / Kukulkova T,hang-l-s-kukulkova-t,sofascore
509675,Rein T.,rein-tomas,sofascore
322030,Lillo D.,lillo-diego,sofascore
509510,Ser L Q / Wong X R,ser-l-q-wong-x-r,sofascore
509513,Lambiet F / Pistej L,lambiet-f-pistej-l,sofascore
509741,Kim N / Nagasaki M,kim-n-nagasaki-m,sofascore
411157,Sablik P.,sablik-petr,sofascore
510059,Osmera Z.,osmera-zdenek,sofascore
510113,Gonzalez I.,gonzalez-ivan,sofascore
510287,Ferrandez C.,ferrandez-carlos,sofascore
510286,Poru M.,poru-markus,sofascore
510435,Osmera J.,osmera-jan,sofascore
510516,Sanchez G.,sanchez-gabriel,sofascore
510862,Alkanderi M.,alkanderi-meshal,sofascore
510837,Faraji B.,faraji-benyamin,sofascore
510854,Al Dakdouki R.,al-dakdouki-ramez,sofascore
510855,Abdallah K.,abdallah-karim,sofascore
510843,Abi Nader M.,abi-nader-michel,sofascore
510860,Sanaoubar M.,sanaoubar-mazen,sofascore
510853,Harb A.,harb-ahmad-hussein,sofascore
510841,Badih M.,badih-mohamad,sofascore
510846,Moukhtar H.,moukhtar-hilal,sofascore
510847,AL Zoubi R.,al-zoubi-rakan,sofascore
510852,Harb B.,harb-bassel,sofascore
510836,Safadieh B.,safadieh-bassam,sofascore
510850,Habach M.,habach-mohamed-nour,sofascore
510835,Alfadhli K.,alfadhli-khaled,sofascore
510851,Azar T.,azar-talia,sofascore
510844,Azar L.,azar-laetitia,sofascore
510845,Abo Yaman T.,abo-yaman-taimmaa,sofascore
510849,Arida C.,arida-christy,sofascore
510857,Damaj H.,damaj-hala,sofascore
510866,Bayrouti M.,bayrouti-mariam,sofascore
510864,El Habech M.,el-habech-mariam,sofascore
510840,Yahnian L.,yahnian-lori,sofascore
510858,El Hasani R.,el-hasani-rinad,sofascore
510859,Naina M.,naina-ms,sofascore
510865,El Habech Y.,el-habech-yasmina,sofascore
510863,Chiri B.,chiri-bissan,sofascore
510879,Abi Nader M / Chiri B,abi-nader-m-chiri-b,sofascore
510880,Khader K / El Hasani R,khader-k-el-hasani-r,sofascore
510883,Aldmaisy Z / AL Wedian B,aldmaisy-z-al-wedian-b,sofascore
510884,Harb A / Damaj H,harb-a-damaj-h,sofascore
510881,Habach M N / Arida C,habach-m-n-arida-c,sofascore
510922,Dani M / Naina M,dani-m-naina-m,sofascore
510923,Pal A / Baisya P,pal-a-baisya-p,sofascore
510920,Fahes A / El Habech Y,fahes-a-el-habech-y,sofascore
510921,Bayrouti M / Bayrouti M,bayrouti-m-bayrouti-m,sofascore
510918,Habach S / Yahnian L,habach-s-yahnian-l,sofascore
510919,Chbib H / El Habech M,chbib-h-el-habech-m,sofascore
510882,Harb B / Azar T,harb-b-azar-t,sofascore
510953,Alfadhli K / Alkanderi M,alfadhli-k-alkanderi-m,sofascore
510954,Badih I / Badih M,badih-i-badih-m,sofascore
510848,Bayrouti M.,bayrouti-mohammad,sofascore
510838,Radi A.,radi-antony,sofascore
510856,Badih I.,badih-ibrahim,sofascore
510861,Chbib H.,chbib-hassan,sofascore
510842,Fahes A.,fahes-ahmad,sofascore
510839,Habach S.,habach-saadeddine,sofascore
510868,Abo Yaman T / AL Wedian B,abo-yaman-t-al-wedian-b,sofascore
510869,Roy K / Selvakumar S,roy-k-selvakumar-s,sofascore
510873,Khadjieva R / Magdieva M,khadjieva-r-magdieva-m,sofascore
510874,El Habech M / Yahnian L,el-habech-m-yahnian-l,sofascore
393333,Akasheva Z / Mirkadirova S,akasheva-z-mirkadirova-s,sofascore
510870,Arida C / Chiri B,arida-c-chiri-b,sofascore
510877,Azar L / Azar T,azar-l-azar-t,sofascore
510871,Baisya P / Mukherjee A,baisya-p-mukherjee-a,sofascore
510872,Das P / Naina M,das-p-naina-m,sofascore
510875,Bayrouti M / El Habech Y,bayrouti-m-el-habech-y,sofascore
510876,Lupulesku I / Mantz C,lupulesku-i-mantz-c,sofascore
510867,Marchetti N / Massart L,marchetti-n-massart-l,sofascore
510878,Ben Attia Y / Hanffou S,ben-attia-y-hanffou-s,sofascore
510980,Abdallah K / Safadieh B,abdallah-k-safadieh-b,sofascore
510981,Chbib H / Harb A,chbib-h-harb-a,sofascore
510979,Bayrouti M / Radi A,bayrouti-m-radi-a,sofascore
511019,Dani M / Pal A,dani-m-pal-a,sofascore
463563,Abo Yaman Z / Aldmaisy Z,abo-yaman-z-aldmaisy-z,sofascore
511016,Fahes G / Harb B,fahes-g-harb-b,sofascore
511017,Harb A H / Moukhtar H,harb-a-h-moukhtar-h,sofascore
510982,Kenzhigulov A / Zhubanov S,kenzhigulov-a-zhubanov-s,sofascore
510983,Abi Nader M / Fahes A,abi-nader-m-fahes-a,sofascore
511018,Faraji B / Shams N,faraji-b-shams-n,sofascore
510984,Gubran E / Khader K,gubran-e-khader-k,sofascore
510985,Habach M N / Habach S,habach-m-n-habach-s,sofascore
510815,Skorupa J.,skorupa-jakub,sofascore
511243,Wang L.,wang-lee,sofascore
511244,Rincon A.,rincon-alonso,sofascore
511381,Fahes G / Damaj H,fahes-g-damaj-h,sofascore
511382,Khoury M.,khoury-malak,sofascore
511388,Chambet-Weil R.,chambet-weil-remi,sofascore
511548,Chambet-Weil R / Wani S R,chambet-weil-r-wani-s-r,sofascore
511389,Azar T / Yahnian L,azar-t-yahnian-l,sofascore
511390,Chiri B / Damaj H,chiri-b-damaj-h,sofascore
511387,El Habech M / El Habech Y,el-habech-m-el-habech-y,sofascore
511391,Zakharov V / Zhubanov S,zakharov-v-zhubanov-s,sofascore
511394,AL Dakdouki R / Badih M,al-dakdouki-r-badih-m,sofascore
511393,Faraji B / Gubran E A,faraji-b-gubran-e-a,sofascore
511392,Kenzhigulov A / Kurmangaliyev A,kenzhigulov-a-kurmangaliyev-a,sofascore
511639,Afanador B / Ben Attia Y,afanador-b-ben-attia-y,sofascore
511398,Strzalka M.,strzalka-marek,sofascore
511646,Sulkowski B.,sulkowski-bartek,sofascore
511726,Parekh N.,parekh-nirav,sofascore
512024,Abbasi A / Gunduz I,abbasi-a-gunduz-i,sofascore
512025,Limonov A / Zavada M,limonov-a-zavada-m,sofascore
512017,Hardmeier E / Scharrer M,hardmeier-e-scharrer-m,sofascore
512023,Schweiger T F / Verdonschot W,schweiger-t-f-verdonschot-w,sofascore
512021,Ahmadian M / Valuch A,ahmadian-m-valuch-a,sofascore
512019,Gankhuyag S / Myandal T,gankhuyag-s-myandal-t,sofascore
512022,Chuang C-C / Yang T-Y,chuang-c-c-yang-t-y,sofascore
512020,Jeong Y / Lim Y,jeong-y-lim-y,sofascore
512016,Stoll L / Vepa C,stoll-l-vepa-c,sofascore
512018,Cho K / Ho J,cho-k-ho-j,sofascore
512015,Mak M.,mak-ming-shum,sofascore
512013,Kim H.,kim-hana,sofascore
512014,Munkhbat U.,munkhbat-undram,sofascore
512030,Yovkova M / Sariev S,yovkova-m-sariev-s,sofascore
512033,Park Ga / Lee Eunhy,park-ga-lee-eunhy,sofascore
512034,Myandal T / Munkhbat U,myandal-t-munkhbat-u,sofascore
512036,Petek B / Pavlovic A,petek-b-pavlovic-a,sofascore
512037,Gankhuyag S-O / Batmunkh B-E,gankhuyag-s-o-batmunkh-b-e,sofascore
512038,Valuch A / Illasova A,valuch-a-illasova-a,sofascore
512029,Ahmadian M / Takeya M,ahmadian-m-takeya-m,sofascore
512026,Akkuzu C / Lutz Ch,akkuzu-c-lutz-ch,sofascore
512027,Jeong Y / Park Gah,jeong-y-park-gah,sofascore
512035,Vepa C / Moret R,vepa-c-moret-r,sofascore
512167,Zavada M / Matiunina V,zavada-m-matiunina-v,sofascore
512031,Park Gye / Kim Hay,park-gye-kim-hay,sofascore
512032,Vovk B / Opeka L,vovk-b-opeka-l,sofascore
512070,Hansson M / Tveit Muskantor L,hansson-m-tveit-muskantor-l,sofascore
512072,Ji E / Kim H,ji-e-kim-h,sofascore
512079,Dymytrenko A / Yevtodii I,dymytrenko-a-yevtodii-i,sofascore
512069,Choi Y / Park G,choi-y-park-g,sofascore
512071,Mak M S / Su T T,mak-m-s-su-t-t,sofascore
512064,Law S Y S / Lee H M K,law-s-y-s-lee-h-m-k,sofascore
512068,Illasova A / Wiltschkova D,illasova-a-wiltschkova-d,sofascore
512075,Mischek K / Sterner A,mischek-k-sterner-a,sofascore
512077,Blaskova Z / Zaderova L,blaskova-z-zaderova-l,sofascore
512082,Takeya M / Uesawa A,takeya-m-uesawa-a,sofascore
512067,Brateyko S / Matiunina V,brateyko-s-matiunina-v,sofascore
512080,Kong T L / Wong H T,kong-t-l-wong-h-t,sofascore
512081,Jokic T / Yovkova M,jokic-t-yovkova-m,sofascore
511995,Hencl I.,hencl-ivan,sofascore
511999,Hung J.,hung-jing-kai,sofascore
512000,Yan Jun Li.,li-yan-jun,sofascore
512001,Myandal T.,myandal-temuulen,sofascore
511994,Benko L.,benko-leon,sofascore
511998,Gankhuyag S.,gankhuyag-ser-od,sofascore
511993,Lim Y.,lim-yunoh,sofascore
511996,Vepa C.,vepa-chaitanya,sofascore
511997,Chuang C.,chuang-chia-chuan,sofascore
512257,Amato A / Giovannetti T,amato-a-giovannetti-t,sofascore
512002,Jeong Y.,jeong-yeonghun,sofascore
512073,Tsz Tung Su,su-tsz-tung,sofascore
512066,Law S.,law-sum-yee-sammi,sofascore
512076,Uesawa A.,uesawa-anne,sofascore
512078,Kong T.,kong-tsz-lam,sofascore
512065,Choi Y.,choi-yeseo,sofascore
512299,Tsai H.,tsai-homer,sofascore
512444,Iizuka L K / Turrini R,iizuka-l-k-turrini-r,sofascore
512443,Afanador B / Naranjo A,afanador-b-naranjo-a,sofascore
512441,Godec A / Strazar K,godec-a-strazar-k,sofascore
512450,Monteagudo L.,monteagudo-luis-miguel,sofascore
425296,Feng Y-H / Liao C-T,feng-y-h-liao-c-t,sofascore
512445,Deschamps H / Poret T,deschamps-h-poret-t,sofascore
512448,Burgos B / Diaz M,burgos-b-diaz-m,sofascore
512447,Opeka L / Tokic S,opeka-l-tokic-s,sofascore
512449,Balazova B / Labosova E,balazova-b-labosova-e,sofascore
512446,Chang Y.,chang-yu-an,sofascore
418883,Wong H.,wong-hoi-tung,sofascore
512028,Park G.,park-gahyeon,sofascore
512624,Hoshi Y.,hoshi-yuma,sofascore
512634,Valiyev F.,valiyev-farid,sofascore
512880,Chirita I / Diaconu A,chirita-i-diaconu-a,sofascore
512878,Desai H / Ghorpade Y D,desai-h-ghorpade-y-d,sofascore
512879,Istrate A T / Singeorzan I T,istrate-a-t-singeorzan-i-t,sofascore
449577,Kenzhigulov A / Mirkadirova S,kenzhigulov-a-mirkadirova-s,sofascore
512882,Bezeg R / Jokic T,bezeg-r-jokic-t,sofascore
512883,Kong T L / Lee H M K,kong-t-l-lee-h-m-k,sofascore
512881,Tominjak R / Yovkova M,tominjak-r-yovkova-m,sofascore
323082,RAD E F / Riera J,rad-e-f-riera-j,sofascore
512884,Jeong Y / Park G,jeong-y-park-g,sofascore
512885,Okano S / Yokotani J,okano-s-yokotani-j,sofascore
512946,Gil M / Park G,gil-m-park-g,sofascore
512903,Kuo G.,kuo-guan-hong,sofascore
512904,Srivastava D.,srivastava-divyansh,sofascore
512886,Okano S.,okano-shunsuke,sofascore
512944,Gil M.,gil-minseok,sofascore
513131,Redjep R / Rakovac L,redjep-r-rakovac-l,sofascore
513132,Benko L / Hencl I,benko-l-hencl-i,sofascore
513133,Desai H / Jain P,desai-h-jain-p,sofascore
513136,Lam Y L / Ng W N,lam-y-l-ng-w-n,sofascore
513135,Kim N / Yang H E,kim-n-yang-h-e,sofascore
513134,Cosic D / Pavlovic A,cosic-d-pavlovic-a,sofascore
513169,Stoszko A.,stoszko-artur,sofascore
513270,Rus M.,rus-maksymilian,sofascore
513312,Morsch L.,morsch-lorena,sofascore
513311,Poncin J.,poncin-julie,sofascore
513308,Pujol E.,pujol-elise,sofascore
513314,Uvgunburged B.,uvgunburged-baljinnyam,sofascore
513307,Kalaitzidou E.,kalaitzidou-eireen-elena,sofascore
513309,Xiaojing Ni.,ni-xiaojing,sofascore
513313,Bat-Erdene E.,bat-erdene-egshiglen,sofascore
513310,Hochart L.,hochart-leana,sofascore
513335,Malik R.,malik-rahul,sofascore
513340,Parmar D.,parmar-dhairya,sofascore
513338,Manlaijargal M.,manlaijargal-munkh-ochir,sofascore
513315,Jang S / Yoon H,jang-s-yoon-h,sofascore
513345,Manlaijargal M / Uvgunburged B,manlaijargal-m-uvgunburged-b,sofascore
513347,Kenzhigulov D / Scholz V,kenzhigulov-d-scholz-v,sofascore
513339,Bourrassaud F / Hochart L,bourrassaud-f-hochart-l,sofascore
513337,Yokotani J / Yokoi S,yokotani-j-yokoi-s,sofascore
513348,Zakharov V / Ernst E,zakharov-v-ernst-e,sofascore
513349,Malik R / Basak A,malik-r-basak-a,sofascore
514575,Holas P.,holas-petr,sofascore
513306,Bulzak J.,bulzak-jan,sofascore
514316,Nadvornik V.,nadvornik-vaclav,sofascore
292971,Cincurova E.,cincurova-ema,sofascore
514756,Chan B / Lee H M K,chan-b-lee-h-m-k,sofascore
514766,Luu F / Liu Y,luu-f-liu-y,sofascore
514764,Chan B / Lee H M K,chan-b-lee-h-m-k,sofascore
463556,Duda B / Wan Y,duda-b-wan-y,sofascore
514765,Schweiger T F / Schreiner F,schweiger-t-f-schreiner-f,sofascore
514763,Teodoro G / Kukulkova T,teodoro-g-kukulkova-t,sofascore
513344,Jang S / Park G,jang-s-park-g,sofascore
513346,Jain P / Suravajjula S,jain-p-suravajjula-s,sofascore
513343,Lambiet F / Ranefur E,lambiet-f-ranefur-e,sofascore
513351,An J / Kwak Y B,an-j-kwak-y-b,sofascore
513341,Green C / Jarvis T D,green-c-jarvis-t-d,sofascore
514767,Fadeev K / Oehme B,fadeev-k-oehme-b,sofascore
514768,Oikawa M / Yoshimura M,oikawa-m-yoshimura-m,sofascore
513342,Hochart L / Pujol E,hochart-l-pujol-e,sofascore
513336,Ghorpade Y D / Mani N,ghorpade-y-d-mani-n,sofascore
513350,Farei M / Ortega D,farei-m-ortega-d,sofascore
514777,Hromadka P.,hromadka-pavol,sofascore
514778,Koudela J.,koudela-jiri,sofascore
514780,Majchrzak M.,majchrzak-michal,sofascore
514771,Chien T-C / Li Y-J,chien-t-c-li-y-j,sofascore
514772,Kim N / Yang H,kim-n-yang-h,sofascore
514770,Lutz CA / Lutz Ch,lutz-ca-lutz-ch,sofascore
514769,Harac E / Lavrova A,harac-e-lavrova-a,sofascore
514773,Basak A / Ghosh S,basak-a-ghosh-s,sofascore
514779,Sosnovec M.,sosnovec-martin,sofascore
514870,Krejci V.,krejci-vladimir,sofascore
514995,Patek M.,patek-miroslav,sofascore
515118,Wejwoda P.,wejwoda-petr,sofascore
515119,Ruzicka A.,ruzicka-ales,sofascore
515269,Cok I / Harac E,cok-i-harac-e,sofascore
515268,Ghorpade Y D / Ghosh S,ghorpade-y-d-ghosh-s,sofascore
515374,Lam J.,lam-jocelyn,sofascore
515271,Jain P / Ghosh S,jain-p-ghosh-s,sofascore
515272,Kveton O / Zaderova L,kveton-o-zaderova-l,sofascore
515270,Nayre J M / Cruz K R,nayre-j-m-cruz-k-r,sofascore
515414,Martinko T / Sommerova H,martinko-t-sommerova-h,sofascore
515413,Choy C K / Pau Y M,choy-c-k-pau-y-m,sofascore
515415,Jang SE / Kang Dongs,jang-se-kang-dongs,sofascore
515412,Kveton O / Valenta J,kveton-o-valenta-j,sofascore
515420,Vesecky D.,vesecky-david,sofascore
515416,Liao I / Schreiner F,liao-i-schreiner-f,sofascore
515418,Tomanovska K / Vasendova J,tomanovska-k-vasendova-j,sofascore
515417,Choi H / Lee D,choi-h-lee-d,sofascore
515419,Lee H C / Lee H M K,lee-h-c-lee-h-m-k,sofascore
515719,Bukowski R.,bukowski-robert,sofascore
515863,Jullinen T.,jullinen-taimo,sofascore
515942,Wasilewski D.,wasilewski-damian,sofascore
515983,Pesek K.,pesek-karel,sofascore
515984,Hnizdil T.,hnizdil-tomas,sofascore
516121,Landreau A.,landreau-antoni,sofascore
516677,Karnik J.,karnik-jiri,sofascore
516756,Kochmanski M.,kochmanski-marek,sofascore
516927,Fabis A.,fabis-adrian,sofascore
517223,Vejvoda V.,vejvoda-viktor,sofascore
517363,Abualrahi H.,abualrahi-hadi,sofascore
517362,Alsuwailem S.,alsuwailem-salem,sofascore
517365,Mobarek L.,mobarek-lucile,sofascore
517526,Stehlik M.,stehlik-milan,sofascore
517364,Alqassab M.,alqassab-mohammed,sofascore
517366,Fathy H.,fathy-hend,sofascore
517666,Michta M.,michta-mateusz,sofascore
517835,Alkhadrawi A / Goda H,alkhadrawi-a-goda-h,sofascore
517836,Jouti E / Ng W L,jouti-e-ng-w-l,sofascore
517837,Luu F / Kukulkova T,luu-f-kukulkova-t,sofascore
517859,Cossio Aceves A / Wong X R,cossio-aceves-a-wong-x-r,sofascore
517941,Kesic G.,kesic-gracjan,sofascore
517930,Myszewski A.,myszewski-adrian,sofascore
517860,Liu Y / Ng W L,liu-y-ng-w-l,sofascore
517863,Ecseki N / Jouti E,ecseki-n-jouti-e,sofascore
517861,Matsushima S / OH J,matsushima-s-oh-j,sofascore
517870,Lin Y-J / Chen S-Y,lin-y-j-chen-s-y,sofascore
517862,Chan B / Pistej L,chan-b-pistej-l,sofascore
518053,Chen X / Wang Y,chen-x-wang-y,sofascore
518244,Topic E.,topic-erik,sofascore
518393,Buklat L.,buklat-lukasz,sofascore
518511,Stuchlik P.,stuchlik-pavel,sofascore
519064,Kopecny P.,kopecny-pavel,sofascore
519190,Martinez P.,martinez-pedro,sofascore
519208,Wouter D.,wouter-devue,sofascore
519209,Mosiuk M.,mosiuk-mykhailo,sofascore
519210,Maier L.,maier-lars,sofascore
519211,Sverdlik A.,sverdlik-alexander,sofascore
519231,Tseng T.,tseng-tzu-yu,sofascore
519232,Nobakht N.,nobakht-naeim,sofascore
519233,Karaboga M.,karaboga-mehmet,sofascore
519186,Kucera T.,kucera-tomas,sofascore
519390,Olejarcik S.,olejarcik-stanislav,sofascore
519191,Papciak G.,papciak-grzegorz,sofascore
519255,Grujic A.,grujic-aleksandar,sofascore
519256,Flugel N.,flugel-nicolas,sofascore
519484,Goel P.,goel-prisha,sofascore
519476,Grebeniuk A / Dymytrenko A,grebeniuk-a-dymytrenko-a,sofascore
519477,Shetty S / Selvakumar S,shetty-s-selvakumar-s,sofascore
519483,Tretiak N / Yevtodii I,tretiak-n-yevtodii-i,sofascore
519488,Gunduz Z / Kulakceken S,gunduz-z-kulakceken-s,sofascore
519486,Moullet B / Sam B,moullet-b-sam-b,sofascore
519480,Rebetez Y / Vepa C,rebetez-y-vepa-c,sofascore
519478,Tretiak N / Zavada M,tretiak-n-zavada-m,sofascore
519479,Dursun U / Gunduz Z,dursun-u-gunduz-z,sofascore
519490,Kharki I / Kurmambayev S,kharki-i-kurmambayev-s,sofascore
519491,Andersen M B / Helmy M,andersen-m-b-helmy-m,sofascore
519481,Isik H / Yilmaz Tug,isik-h-yilmaz-tug,sofascore
519489,Ghosh An / Pal A,ghosh-an-pal-a,sofascore
519485,Artukmetov I / Zakharov V,artukmetov-i-zakharov-v,sofascore
519684,Vejnar J.,vejnar-josef,sofascore
519475,Bulin Z.,bulin-zdenek,sofascore
519492,Dymytrenko A / Matiunina V,dymytrenko-a-matiunina-v,sofascore
519493,Ghosh S / Selvakumar S,ghosh-s-selvakumar-s,sofascore
519482,Ashkeyeva A / Romanovskaya A,ashkeyeva-a-romanovskaya-a,sofascore
519740,Ghorpade Y D / Schreiner F,ghorpade-y-d-schreiner-f,sofascore
519741,Harac E / Kulakceken S,harac-e-kulakceken-s,sofascore
519704,Roncallo V / Stefanova N,roncallo-v-stefanova-n,sofascore
519705,Baisya P / Roy K,baisya-p-roy-k,sofascore
519848,Linares J.,linares-juan,sofascore
519911,Vogel J.,vogel-jakub,sofascore
519985,Bott M.,bott-markus,sofascore
519988,Carmo K.,carmo-kenzo,sofascore
519991,Caviquio G.,caviquio-gabriel,sofascore
519992,Kumahara L.,kumahara-luca,sofascore
519993,Doti Arado F.,doti-arado-felipe,sofascore
519994,Romanski L.,romanski-lucas,sofascore
519995,Nishimura N.,nishimura-nicolas,sofascore
519989,Iwasaki K.,iwasaki-kim,sofascore
519996,Toma D.,toma-danilo,sofascore
520000,Nascimento M.,nascimento-maria,sofascore
520001,Stolarski L.,stolarski-lhays,sofascore
520006,Ishida C / Senaga Shiray K A,ishida-c-senaga-shiray-k-a,sofascore
520004,Doti Arado F / Fiore B,doti-arado-f-fiore-b,sofascore
520005,Yamane H / Kano L,yamane-h-kano-l,sofascore
520011,Pradella T / Stolarski L,pradella-t-stolarski-l,sofascore
520012,Romanski L / Kano S,romanski-l-kano-s,sofascore
520013,Shim J / Miyabara S,shim-j-miyabara-s,sofascore
520002,Caviquio G / Prates J,caviquio-g-prates-j,sofascore
520003,Jouti E / Sarda M A,jouti-e-sarda-m-a,sofascore
520010,Menezes Araujo A / Menezes A,menezes-araujo-a-menezes-a,sofascore
520014,Yang T-Y / Chien T-C,yang-t-y-chien-t-c,sofascore
520015,Sarmento A / Pincerato G,sarmento-a-pincerato-g,sofascore
520007,Noguti H / Correia Kanashiro B K,noguti-h-correia-kanashiro-b-k,sofascore
520365,Dongshen Hu.,hu-dongshen,sofascore
520366,Wendegatz S.,wendegatz-sven,sofascore
519990,Yamane H.,yamane-hamilton,sofascore
520008,Kano L.,kano-lana,sofascore
520016,Miyabara S.,miyabara-sabrina,sofascore
519998,Kano S.,kano-sofia,sofascore
519999,Menezes A.,menezes-abigail,sofascore
520009,Fiore B.,fiore-beatriz,sofascore
519986,Noguti H / Shim J,noguti-h-shim-j,sofascore
519987,Iwasaki K / Yamane H,iwasaki-k-yamane-h,sofascore
519997,Kano S / Menezes A,kano-s-menezes-a,sofascore
520550,Cho S / MA J,cho-s-ma-j,sofascore
520551,Choong J / Scheuer P,choong-j-scheuer-p,sofascore
520558,Xue F / Shi X,xue-f-shi-x,sofascore
520559,Scheuer P / Ke T,scheuer-p-ke-t,sofascore
520560,Yuan L / Chen X,yuan-l-chen-x,sofascore
520555,Chan B / Kong T L,chan-b-kong-t-l,sofascore
520556,Chen Y / Feng Y,chen-y-feng-y,sofascore
520723,Bulin Zdenek,bulin-zdenek,sofascore
520607,Koehl W.,koehl-william,sofascore
520609,Pozo C.,pozo-carlos-roman,sofascore
520692,Feng Y-H / Yang T-Y,feng-y-h-yang-t-y,sofascore
520693,Mutti M / Puppo A,mutti-m-puppo-a,sofascore
520694,Bardet L / Rolland J,bardet-l-rolland-j,sofascore
520768,Pradella T / Sarmento A,pradella-t-sarmento-a,sofascore
520743,Doti Arado F / Romanski L,doti-arado-f-romanski-l,sofascore
520744,Menezes Araujo A / Nishimura N,menezes-araujo-a-nishimura-n,sofascore
520745,An JA / OH Ju,an-ja-oh-ju,sofascore
520746,Hazin J / Ly E,hazin-j-ly-e,sofascore
520690,Iizuka L K / Ishida C,iizuka-l-k-ishida-c,sofascore
520691,Cho K / Kang D,cho-k-kang-d,sofascore
520546,Desai H / Selvakumar S,desai-h-selvakumar-s,sofascore
520547,Iizuka L K / Watanabe L,iizuka-l-k-watanabe-l,sofascore
520548,Turrini R / Strassburger V,turrini-r-strassburger-v,sofascore
520687,Mori S / Nagasaki M,mori-s-nagasaki-m,sofascore
520742,Fiore B / Kano L,fiore-b-kano-l,sofascore
520688,Strassburger V / Watanabe L,strassburger-v-watanabe-l,sofascore
520689,Sarda M A / Senaga Shiray K A,sarda-m-a-senaga-shiray-k-a,sofascore
520749,Prates J / Stolarski L,prates-j-stolarski-l,sofascore
520750,Correia Kanashiro B K / Miyabara S,correia-kanashiro-b-k-miyabara-s,sofascore
520686,Chitale D P / Selvakumar S,chitale-d-p-selvakumar-s,sofascore
520685,Cordero L / Rios V,cordero-l-rios-v,sofascore
520552,Hung J-K / Li Y J,hung-j-k-li-y-j,sofascore
520549,Chen Y / Huang Y,chen-y-huang-y,sofascore
520553,Xu Y / Yuan L,xu-y-yuan-l,sofascore
520554,Ghosh S / Ke T,ghosh-s-ke-t,sofascore
520751,Hons J.,hons-jaroslav,sofascore
520695,Tretiakov A.,tretiakov-andrei,sofascore
520982,Plasil J.,plasil-jiri,sofascore
521067,Debizhanskyi H.,debizhansky-herman,sofascore
521065,Kilicoglu T.,kilicoglu-taha,sofascore
521066,Tihi A.,tihi-aurel,sofascore
521134,Iwasa A.,iwasa-abril,sofascore
521135,Callaba N.,callaba-nicolas,sofascore
521136,Sanchi C.,sanchi-candela,sofascore
521138,Saavedra T.,saavedra-tomas,sofascore
521139,Gonzales O.,gonzales-oscar-enrique,sofascore
521140,Sato L.,sato-lautaro,sofascore
521711,Tuma M.,tuma-miroslav,sofascore
521712,Divis P.,divis-pavel,sofascore
522079,Bjorkryd D.,bjorkryd-david,sofascore
522080,Lehtola L.,lehtola-lassi,sofascore
522101,Vidan R.,vidan-rino,sofascore
522102,Ara F.,ara-francesco,sofascore
522103,Wiltschka D.,wiltschka-david,sofascore
522104,Carlsson C.,carlsson-charlie,sofascore
522100,Soine T.,soine-toni,sofascore
522135,Eskilstuna Btk,eskilstuna-btk,sofascore
522137,Poytatennis Espoo,poytatennis-espoo,sofascore
522136,Asd Tt Santa Tecla Nulvi,asd-tt-santa-tecla-nulvi,sofascore
522127,Koziol S.,koziol-sandra,sofascore
522128,Encea M.,encea-mihaela-suzana,sofascore
522129,Seu F.,seu-francesca,sofascore
522130,Michorczyk N.,michorczyk-natalia,sofascore
522132,Trochimiuk K.,trochimiuk-katarzyna,sofascore
522133,Criscione N.,criscione-nicoletta,sofascore
522124,Wamet Dobry Wiazar Dabcze,wamet-dobry-wiazar-dabcze,sofascore
522125,AD Muravera Tt B,ad-muravera-tt-b,sofascore
521903,Marcial A.,marcial-alma,sofascore
521900,Deschamps H / Kukulkova T,deschamps-h-kukulkova-t,sofascore
521898,Sanchi F / Sanchi C,sanchi-f-sanchi-c,sofascore
521901,Sato L / Rios V,sato-l-rios-v,sofascore
521902,Callaba N / Marcial A,callaba-n-marcial-a,sofascore
521899,Lorenzo S / Molero C,lorenzo-s-molero-c,sofascore
521907,Iwasa A / Marcial A,iwasa-a-marcial-a,sofascore
521904,Kano S / Strassburger V,kano-s-strassburger-v,sofascore
521905,Malobabic I / Vega P,malobabic-i-vega-p,sofascore
521906,Codina A / Cossio Aceves A,codina-a-cossio-aceves-a,sofascore
521909,Callaba N / Orencel A,callaba-n-orencel-a,sofascore
521910,Gonzales O E / Saavedra T,gonzales-o-e-saavedra-t,sofascore
521908,Alto G / Alto L,alto-g-alto-l,sofascore
521877,Mucha O.,mucha-ondrej,sofascore
522157,Znika P.,znika-petar,sofascore
522138,Stk Vyhne,stk-vyhne,sofascore
522139,Panathinaikos AC,panathinaikos-ac,sofascore
522126,Hamaekers A.,hamaekers-anne-fleur,sofascore
522244,Vukovac E.,vukovac-elena,sofascore
522203,Fous P.,fous-petr,sofascore
522337,Kahn I.,kahn-ivan,sofascore
522403,Kanabe S.,kanabe-szilard,sofascore
522404,Dehtiarov O.,dehtiarov-oleksii,sofascore
322528,Brzyska A.,brzyska-anna,sofascore
522792,Grohsgott J.,grohsgott-jiri,sofascore
522435,Kulczycki S / Wielgos Z,kulczycki-s-wielgos-z,sofascore
522436,Mati T / Scholz V,mati-t-scholz-v,sofascore
522431,Chan B / Lam Y L,chan-b-lam-y-l,sofascore
522432,Hribar P / Tokic S,hribar-p-tokic-s,sofascore
522433,Liang J / Reyes Lai J,liang-j-reyes-lai-j,sofascore
522434,Benko L / Cosic D,benko-l-cosic-d,sofascore
522439,Naresh S / Ke T,naresh-s-ke-t,sofascore
522428,Dilas N / Levajac D,dilas-n-levajac-d,sofascore
522511,Ban I / Kojic F T,ban-i-kojic-f-t,sofascore
523032,Feng Y-H / Huang Y-C,feng-y-h-huang-y-c,sofascore
522512,Andersen M B / Haug B,andersen-m-b-haug-b,sofascore
522437,Ghosh S / Helmy Y,ghosh-s-helmy-y,sofascore
522438,Brzyska A / Wielgos Z,brzyska-a-wielgos-z,sofascore
522429,Aueawiriyayothin W / Sawettabut J,aueawiriyayothin-w-sawettabut-j,sofascore
522430,Akasheva Z / Scholz V,akasheva-z-scholz-v,sofascore
522440,Ke T / Reyes Lai J,ke-t-reyes-lai-j,sofascore
523116,Wang Y / Jeon J,wang-y-jeon-j,sofascore
523031,Khalilov M.,khalilov-murad,sofascore
523093,Duffke T.,duffke-tom,sofascore
523119,Harimoto T / Matsushima S,harimoto-t-matsushima-s,sofascore
523117,Jeon J / Joo C,jeon-j-joo-c,sofascore
523118,Lutz C / Pavade P,lutz-c-pavade-p,sofascore
523248,Divecky J.,divecky-jan,sofascore
523483,Sladek O.,sladek-ondrej,sofascore
523618,Martin Cerny,cerny-martin,sofascore
523364,Krebs A.,krebs-alexander,sofascore
523484,Mista M.,mista-mariusz,sofascore
523619,Olbrycht M.,olbrycht-maciej,sofascore
523949,Podobnik M / Strazar K,podobnik-m-strazar-k,sofascore
523950,OH J / Jeon J,oh-j-jeon-j,sofascore
523951,MA J / Zhang L,ma-j-zhang-l,sofascore
524149,Bielecki P.,bielecki-patryk,sofascore
524293,Godec A / Tofant A,godec-a-tofant-a,sofascore
524292,Hvojka Senior M.,hvojka-senior-milan,sofascore
524294,Lee S S / OH J,lee-s-s-oh-j,sofascore
524566,Zemla P.,zemla-piotr,sofascore
524565,Vondrak M.,vondrak-michal,sofascore
524646,Brud S.,brud-szymon,sofascore
524866,Sikon M.,sikon-mateusz,sofascore
524919,Kwiatkowski K.,kwiatkowski-kacper,sofascore
482656,Nowalinski M.,nowalinski-maciej,sofascore
525148,Jira J.,jira-jiri,sofascore
525149,Petr P.,petr-pavel,sofascore
524920,Nagel K.,nagel-kacper,sofascore
525405,Yeboah M.,yeboah-michael,sofascore
525394,Ayanwale J.,ayanwale-jamiu,sofascore
525406,Akinyemi A.,akinyemi-adebowale,sofascore
525407,Antwi F.,antwi-francis,sofascore
525409,Mustapha M.,mustapha-musa,sofascore
525395,Oyetayo S.,oyetayo-sola,sofascore
525408,Commey E.,commey-emmanuel,sofascore
525397,Fei J.,fei-junhang,sofascore
525410,Ofori R.,ofori-richard,sofascore
525411,Aklie I.,aklie-israel,sofascore
525415,Fagbamila A.,fagbamila-akinwale,sofascore
525401,Ning X.,ning-xiankun,sofascore
525404,Quarcoo E.,quarcoo-ernest,sofascore
525417,Fayele David,fayele-david,sofascore
525639,Adegoke M O  / Augustine E,adegoke-m-o-augustine-e,sofascore
525640,Kim M / Kim W,kim-m-kim-w,sofascore
525637,Fayele D / Oladejo Q,fayele-d-oladejo-q,sofascore
525638,Ashimiyu G / Natus M,ashimiyu-g-natus-m,sofascore
525428,Ashimiyu G / Fashola A,ashimiyu-g-fashola-a,sofascore
525433,Solanke A / Ojomu A,solanke-a-ojomu-a,sofascore
525437,Fabunmi M / Jimoh R,fabunmi-m-jimoh-r,sofascore
525439,Adegoke M O / Ayoola K,adegoke-m-o-ayoola-k,sofascore
525430,Luo J / Xu H,luo-j-xu-h,sofascore
525434,Akanbi R / Bisola A,akanbi-r-bisola-a,sofascore
525444,Kang Y / Yao Z,kang-y-yao-z,sofascore
525446,Ofori R / Labanti B,ofori-r-labanti-b,sofascore
525442,Fagbamila A / Akinyinka K,fagbamila-a-akinyinka-k,sofascore
525443,Natus M / Akinsete A E,natus-m-akinsete-a-e,sofascore
525426,Oyetayo S / Akpan C,oyetayo-s-akpan-c,sofascore
525427,Adeoye H / Rabiu A,adeoye-h-rabiu-a,sofascore
525398,Luo J.,luo-jiecheng,sofascore
525416,Oladejo Q.,oladejo-qudus,sofascore
525412,Oladiran J.,oladiran-joshua,sofascore
525400,Kang Y.,kang-youde,sofascore
525418,Adeoye H.,adeoye-hussein,sofascore
525419,Akayade S.,akayade-samuel,sofascore
525420,Ashimiyu G.,ashimiyu-ganiyu,sofascore
525413,Adeyemi O.,adeyemi-olamide,sofascore
525414,Natus M.,natus-matthew,sofascore
525705,Adou A.,adou-amir-atanda,sofascore
525403,Marfo James,marfo-james,sofascore
525649,Abdulfatai A.,abdulfatai-abdulbasit,sofascore
525704,Alabi G.,alabi-godwin,sofascore
525424,Ajibike M.,ajibike-mojisola-suliat,sofascore
525425,Akinyinka K.,akinyinka-kehinde,sofascore
525421,Akinsete A.,akinsete-abosede-esther,sofascore
525422,Odusanya A.,odusanya-abosede,sofascore
525423,Hussain H.,hussain-halima,sofascore
525431,Fashola A.,fashola-aminat,sofascore
503931,Aiyelbegan S.,aiyelbegan-sukurat,sofascore
525584,Sun S.,sun-sinan,sofascore
525647,Adeoye H / Adeyemi O,adeoye-h-adeyemi-o,sofascore
525648,Abdulfatai A / Fabunmi M,abdulfatai-a-fabunmi-m,sofascore
525393,Ayanwale J / Oyetayo S,ayanwale-j-oyetayo-s,sofascore
525396,Fei J / Luo J,fei-j-luo-j,sofascore
525399,Kang Y / Ning X,kang-y-ning-x,sofascore
525402,Marfo J / Quarcoo E,marfo-j-quarcoo-e,sofascore
525645,Aklie I / Borteye J,aklie-i-borteye-j,sofascore
525646,Helmy M / Badawy F,helmy-m-badawy-f,sofascore
525732,Gnanasekaran S / Akula S,gnanasekaran-s-akula-s,sofascore
525711,Ning X / Ding Y,ning-x-ding-y,sofascore
525712,Kim W / Yoo S,kim-w-yoo-s,sofascore
525710,Omotayo O / Edem O,omotayo-o-edem-o,sofascore
525709,Fei J / Sun S,fei-j-sun-s,sofascore
525708,Commey E / Kwabi C,commey-e-kwabi-c,sofascore
525706,Antwi F / Borquaye B,antwi-f-borquaye-b,sofascore
525707,Kuti M / Bello F,kuti-m-bello-f,sofascore
525573,Xu H / Yao Z,xu-h-yao-z,sofascore
525574,Ayoola K / Udoaka H,ayoola-k-udoaka-h,sofascore
525576,Badawy F / Yoo S,badawy-f-yoo-s,sofascore
525593,Ajibike M S / Hussain H,ajibike-m-s-hussain-h,sofascore
525594,Chitale D P / Ghorpade Y D,chitale-d-p-ghorpade-y-d,sofascore
525577,Akula S / Kamath A G,akula-s-kamath-a-g,sofascore
525578,Borquaye B / Kwabi C,borquaye-b-kwabi-c,sofascore
525387,Vitrovyj O.,vitrovyj-oleg,sofascore
525695,Martinez R.,martinez-raul,sofascore
525388,Wloczko B.,wloczko-bartlomiej,sofascore
525440,Adegoke M.,adegoke-muizz-olawale,sofascore
525579,Borquaye B.,borquaye-bernice,sofascore
525583,Ding Y.,ding-yijie,sofascore
525447,Labanti B.,labanti-blessing,sofascore
525589,Oyeniyi K.,oyeniyi-kehinde,sofascore
525445,Yao Z.,yao-zixuan,sofascore
525436,Jimoh R.,jimoh-rofiat,sofascore
525575,Udoaka H.,udoaka-hope,sofascore
525432,Huiyao Xu.,xu-huiyao,sofascore
525580,Kwabi C.,kwabi-cynthia,sofascore
525429,Rabiu A.,rabiu-aishat,sofascore
525587,Borteye J.,borteye-joanita,sofascore
525700,Pal A / Shah M U,pal-a-shah-m-u,sofascore
525701,de Las Heras R / Pantoja M A,de-las-heras-r-pantoja-m-a,sofascore
525697,Aklie I / Yeboah M,aklie-i-yeboah-m,sofascore
525702,Kuti M / Omeh A,kuti-m-omeh-a,sofascore
525703,Alabi G / Antwi F,alabi-g-antwi-f,sofascore
525698,Fagbamila A / Oladiran J,fagbamila-a-oladiran-j,sofascore
525731,Oladipupo O / Akinyemi A,oladipupo-o-akinyemi-a,sofascore
525730,Akanbi R / Abdullahi A,akanbi-r-abdullahi-a,sofascore
525699,Akayade S / Commey E,akayade-s-commey-e,sofascore
525588,Odusanya A / Oyeniyi K,odusanya-a-oyeniyi-k,sofascore
525590,Bello F / Ojomu A,bello-f-ojomu-a,sofascore
525582,Ding Y / Sun S,ding-y-sun-s,sofascore
525585,Borteye J / Labanti B,borteye-j-labanti-b,sofascore
525586,Aiyelbegan S / Jimoh R,aiyelbegan-s-jimoh-r,sofascore
525591,Rabiu A / Sezuo A,rabiu-a-sezuo-a,sofascore
525581,Akinyinka K / Bisola A,akinyinka-k-bisola-a,sofascore
525850,Skwierz J.,skwierz-jakub,sofascore
525851,Witczak F.,witczak-filip,sofascore
525849,Pilbauer S.,pilbauer-stanislav,sofascore
526047,Docekal T.,docekal-tomas,sofascore
526049,Palmre K.,palmre-kalle,sofascore
526048,Novotny M.,novotny-miroslav,sofascore
526239,Horak D.,horak-david,sofascore
526240,Chlebecek M.,chlebecek-marek,sofascore
526241,Koch J.,koch-jiri,sofascore
526370,Drozdz D.,drozdz-dariusz,sofascore
526189,Danzer M.,danzer-matthias,sofascore
526767,Khaloufi M.,khaloufi-mohamed,sofascore
526769,Guerfel Y.,guerfel-youssef,sofascore
526770,Lazazi A.,lazazi-azzeddine,sofascore
526756,Kimura K.,kimura-kasumi,sofascore
526372,Navarro V.,navarro-victor,sofascore
526768,Chaieb F.,chaieb-firas,sofascore
526877,Khaloufi A.,khaloufi-adem,sofascore
526876,Azzala A.,azzala-abderrahmane,sofascore
526875,Sta K.,sta-khalil,sofascore
526757,Suissi B.,suissi-balkis,sofascore
526758,Bouhjar S.,bouhjar-salma,sofascore
526861,Szlubowski D.,szlubowski-dariusz,sofascore
527067,Chaieb F / Khaloufi M,chaieb-f-khaloufi-m,sofascore
527068,Guerfel Y / Khaloufi A,guerfel-y-khaloufi-a,sofascore
527076,Huang Y-H / Wang Y-J,huang-y-h-wang-y-j,sofascore
527075,Kim S / Yoo S,kim-s-yoo-s,sofascore
527077,Chaieb F / Haj Salah A,chaieb-f-haj-salah-a,sofascore
527078,Khaloufi M / Zoghlami M,khaloufi-m-zoghlami-m,sofascore
527073,Khaloufi A / Suissi B,khaloufi-a-suissi-b,sofascore
527074,Suravajjula S / Mukherjee A,suravajjula-s-mukherjee-a,sofascore
527071,Sta K / Garci F,sta-k-garci-f,sofascore
527083,Szostok S.,szostok-sebastian,sofascore
527069,Andersen M B / Lind A,andersen-m-b-lind-a,sofascore
527072,Suissi B / Zoghlami M,suissi-b-zoghlami-m,sofascore
527070,Huang Y-C / Liu H-Y,huang-y-c-liu-h-y,sofascore
527785,Feng Y-S / Huang Y-C,feng-y-s-huang-y-c,sofascore
527786,Akula S / Mukherjee A,akula-s-mukherjee-a,sofascore
527898,Dolezal V.,dolezal-vaclav,sofascore
527899,Zdansky M.,zdansky-milan,sofascore
527974,Kalmanov V.,kalmanov-vitaly,sofascore
528068,Jeong W.,jeong-woobeen,sofascore
528458,Derujijaroen K / Kola N,derujijaroen-k-kola-n,sofascore
528455,Kim S / Lee D,kim-s-lee-d,sofascore
528444,Chanvanitborikan P / Pankhaoyoy S,chanvanitborikan-p-pankhaoyoy-s,sofascore
528447,Joo C / Kim S,joo-c-kim-s,sofascore
528453,Jermplong S / Thanmathikom T,jermplong-s-thanmathikom-t,sofascore
528454,Maungwhan C / Saelee P,maungwhan-c-saelee-p,sofascore
528442,Sanguansin P / Tanviriyavechakul P,sanguansin-p-tanviriyavechakul-p,sofascore
528443,Picard V / Seyfried J,picard-v-seyfried-j,sofascore
528445,Chanvanitborikan P.,chanvanitborikan-pacharaphorn,sofascore
528441,Mekamporn N.,mekamporn-nawin,sofascore
528446,Panfueng B.,panfueng-bhudej,sofascore
528456,Sakampee W.,sakampee-weerasak,sofascore
528457,Kasemphongrueang J.,kasemphongrueang-jirathtikul,sofascore
528450,Thanananpong I.,thanananpong-issarawut,sofascore
528451,Jermplong S.,jermplong-sataporn,sofascore
528449,Maungwhan C.,maungwhan-chayaduj,sofascore
528384,Sedo P.,sedo-pavel,sofascore
528092,Kolos Arkadiusz,kolos-arkadiusz,sofascore
528459,Mekamporn N / Derujijaroen K,mekamporn-n-derujijaroen-k,sofascore
528460,Maungwhan C / Chanvanitborikan P,maungwhan-c-chanvanitborikan-p,sofascore
528461,Nuchchart S / Aueawiriyayothin W,nuchchart-s-aueawiriyayothin-w,sofascore
528462,Jermplong S / Kola N,jermplong-s-kola-n,sofascore
528452,Chantana T.,chantana-thanwarat,sofascore
528448,Bavornthammarat W.,bavornthammarat-woraset,sofascore
528503,Sapezhnikov A.,sapezhnikov-aleksandr,sofascore
530499,Bourrassaud F / Kukulkova T,bourrassaud-f-kukulkova-t,sofascore
530498,Saelee P / Pankhaoyoy S,saelee-p-pankhaoyoy-s,sofascore
530470,Thanmathikom N / Sawettabut J,thanmathikom-n-sawettabut-j,sofascore
530500,Sanguansin P / Paranang O,sanguansin-p-paranang-o,sofascore
530504,Aida S / Madrid M,aida-s-madrid-m,sofascore
530503,Nuchchart S / Thanmathikom N,nuchchart-s-thanmathikom-n,sofascore
530502,Uda Y / Yoshimura M,uda-y-yoshimura-m,sofascore
398479,Barton A.,barton-ales,sofascore
530501,Diaconu A / Samara E,diaconu-a-samara-e,sofascore
530754,Nicolas P.,nicolas-pablo,sofascore
530755,Kornas B.,kornas-bartlomiej,sofascore
530880,Tkachenko A.,tkachenko-andrii,sofascore
530881,Nohejl M.,nohejl-matej,sofascore
530882,Nohejl V.,nohejl-vaclav-2005,sofascore
530945,Tsymbrovych M.,tsymbrovych-maksym,sofascore
530946,Nevyhosteny L.,nevyhosteny-lubomir,sofascore
531196,Rychtar J.,rychtar-jiri,sofascore
530953,Delgado C.,delgado-cristian,sofascore
530954,Gamrot P.,gamrot-patryk,sofascore
531197,Gunter L.,gunter-lukas,sofascore
548882,Cetner M.,cetner-milan,sofascore
530782,Gasio Morales G.,gasio-morales-guillermo,sofascore
549080,Molina J.,molina-juan-m,sofascore
549267,Karpiuk M.,karpiuk-mateusz,sofascore
549576,Hruby R.,hruby-radek,sofascore
549627,Sagawe M.,sagawe-marc,sofascore
549642,Tormos K.,tormos-kilian,sofascore
549628,Glemba S.,glemba-simon,sofascore
550812,Turecki K.,turecki-kacper,sofascore
551343,Goncharov D.,goncharov-denys,sofascore
551337,Stehlik O.,stehlik-oldrich,sofascore
552730,Moral J.,moral-jose-m,sofascore
551352,Trzaskowski T.,trzaskowski-tomasz,sofascore
554275,Bartak K.,bartak-karel,sofascore
554377,Wang C.,wang-charlie,sofascore
555242,Majcher M.,majcher-michal,sofascore
555243,Guenther V.,guenther-viktorin,sofascore
555491,Staniczek A.,staniczek-adam,sofascore
555713,Szewczyk H.,szewczyk-huber,sofascore
555836,Cabrera A.,cabrera-albert,sofascore
555835,Hons D.,hons-david,sofascore
556136,Mankos D.,mankos-denis,sofascore
556138,Shrestha S.,shrestha-santoo,sofascore
556072,Ri J S / Kim K Y,ri-j-s-kim-k-y,sofascore
556137,Vicky Wu.,wu-vicky,sofascore
556569,Csaba F.,csaba-fodor,sofascore
799152,Vinter T.,vinter-tomas,sofascore
799153,Oburka M.,oburka-michal,sofascore
799180,Toledo M.,toledo-miguel,sofascore
800664,Wichowski G.,wichowski-grzegorz,sofascore
802558,Abdel-Aziz Y / Assar O,abdel-aziz-y-assar-o,sofascore
802557,Andersen M B / Groth J,andersen-m-b-groth-j,sofascore
802559,Bajor N / Wielgos Z,bajor-n-wielgos-z,sofascore
802491,Salcido F.,salcido-francisco,sofascore
802825,Boll T / Qiu D,boll-t-qiu-d,sofascore
803105,Gacina A / Zeljko F,gacina-a-zeljko-f,sofascore
802662,Alhodaby M / Goda H,alhodaby-m-goda-h,sofascore
802775,Costa Alexandre B / Takahashi G,costa-alexandre-b-takahashi-g,sofascore
803104,Chen S-Y / Chien T-C,chen-s-y-chien-t-c,sofascore
803106,Shan X / Wan Y,shan-x-wan-y,sofascore
804482,Jain A.,jain-aaryan,sofascore
825413,Harimoto M / Hayata H,harimoto-m-hayata-h,sofascore
825526,Wiechec K.,wiechec-klaudiusz,sofascore
825581,Pearl X.,pearl-xavier,sofascore
826131,Volf M.,volf-matej,sofascore
828204,Siwiec M.,siwiec-michal,sofascore
828662,Saleny P.,saleny-petr,sofascore
828484,Oguche D.,oguche-divine,sofascore
419151,Silva Santisteban Monja C.,silva-santisteban-monja-cesar-alejandro,sofascore
829684,Blanco C.,blanco-carlos,sofascore
829682,Ramos F.,ramos-fabrizio,sofascore
829683,Perales J.,perales-jose,sofascore
419149,Duffoo M.,duffoo-moises,sofascore
829685,Uribe S.,uribe-santiago,sofascore
829686,Takeda Kiyan D.,takeda-kiyan-diego-keiji,sofascore
829687,Vera Diaz G.,vera-diaz-gonzalo-alejandro,sofascore
829661,Hsu H-C / Tseng T-Y,hsu-h-c-tseng-t-y,sofascore
829659,Klajber A / Valuch A,klajber-a-valuch-a,sofascore
829660,Bognar B / Tepic P,bognar-b-tepic-p,sofascore
829657,Kostal D / Lebeda M,kostal-d-lebeda-m,sofascore
829658,Hamada K / Matsudaira K,hamada-k-matsudaira-k,sofascore
829974,Kadlec V / Stalzer A,kadlec-v-stalzer-a,sofascore
829975,Brhel S / Sip M,brhel-s-sip-m,sofascore
829951,de Las Heras R / Vilardell A,de-las-heras-r-vilardell-a,sofascore
829952,Kaucky J / Koldas T,kaucky-j-koldas-t,sofascore
829953,Arpas S / Palusek S,arpas-s-palusek-s,sofascore
829955,Xue F / Zeng B,xue-f-zeng-b,sofascore
829956,Wen R / Xu Y,wen-r-xu-y,sofascore
829663,Baggaley A / Sikorska M,baggaley-a-sikorska-m,sofascore
829664,Brhel S / Kodetova H,brhel-s-kodetova-h,sofascore
829669,Kaucky J / Vasendova J,kaucky-j-vasendova-j,sofascore
829671,Sip M / Polakova V,sip-m-polakova-v,sofascore
829667,Klajber A / Wiltschkova D,klajber-a-wiltschkova-d,sofascore
829668,Kveton O / Klempererova A,kveton-o-klempererova-a,sofascore
829673,Kostal D / Hrabicova K,kostal-d-hrabicova-k,sofascore
829968,Tseng T-Y / Yeh Y-T,tseng-t-y-yeh-y-t,sofascore
829969,Palusek S / Cincurova E,palusek-s-cincurova-e,sofascore
829965,Arpas S / Illasova A,arpas-s-illasova-a,sofascore
829966,Xue F / Wang X,xue-f-wang-x,sofascore
829970,Yuan L / Zong G,yuan-l-zong-g,sofascore
829971,Valenta J / Grofova K,valenta-j-grofova-k,sofascore
829967,Xiang P / Han F,xiang-p-han-f,sofascore
829964,Iskandarov S / Magdieva M,iskandarov-s-magdieva-m,sofascore
829948,Edahiro H.,edahiro-hitomi,sofascore
829666,Kodetova H.,kodetova-hanka,sofascore
829950,Erkebaeva A.,erkebaeva-asel,sofascore
829949,Ayano I.,i-ayano,sofascore
829921,Paredes C.,paredes-camila,sofascore
829927,Leon I.,leon-isabella,sofascore
829928,Colfer A.,colfer-alessia,sofascore
829922,La Torre M.,la-torre-mariagrazia,sofascore
829934,Carreon N.,carreon-noelia,sofascore
829935,Mendoza Salazar K.,mendoza-salazar-karla-joana,sofascore
829931,Retamozo A.,retamozo-andrea,sofascore
829932,Gonzalez E.,gonzalez-eliana,sofascore
829933,Sanllehi A.,sanllehi-ana,sofascore
829926,Huaman C.,huaman-camila,sofascore
829929,Aquije Condezo N.,aquije-condezo-natzumi-valentina,sofascore
829930,Yamanaka E.,yamanaka-erika,sofascore
829923,Chavez A.,chavez-alejandra,sofascore
829924,Granados Chang L.,granados-chang-luciana-andrea,sofascore
829925,Tafur K.,tafur-kiara,sofascore
829957,Kadlec V.,kadlec-vit,sofascore
829670,Kaucky J.,kaucky-jakub,sofascore
829958,Iskandarov S.,iskandarov-shokhrukh,sofascore
829665,Brhel S.,brhel-stepan,sofascore
829954,Palusek S.,palusek-samuel,sofascore
829672,Sip M.,sip-martin,sofascore
829662,Hsu H.,hsu-hsien-chia,sofascore
829959,Moravek R.,moravek-radim,sofascore
829978,Erkebaeva A / Magdieva M,erkebaeva-a-magdieva-m,sofascore
829960,Grofova K / Men S,grofova-k-men-s,sofascore
448754,Fan S / Xu Y,fan-s-xu-y,sofascore
829961,Qin Y / Zong G,qin-y-zong-g,sofascore
829962,Cok I / Tofant A,cok-i-tofant-a,sofascore
322430,Cincurova E / Wiltschkova D,cincurova-e-wiltschkova-d,sofascore
829979,Kodetova H / Polakova V,kodetova-h-polakova-v,sofascore
829980,Illasova A / Puchovanova N,illasova-a-puchovanova-n,sofascore
829963,Yang Y / Zhu S,yang-y-zhu-s,sofascore
830079,Jain P / Roy K,jain-p-roy-k,sofascore
829976,Jouti E / Lupulesku I,jouti-e-lupulesku-i,sofascore
829977,Dani M / Watanabe L,dani-m-watanabe-l,sofascore
830080,Picard V / Vega P,picard-v-vega-p,sofascore
829972,Rubinos A / Mendoza Salazar K J,rubinos-a-mendoza-salazar-k-j,sofascore
829973,Noguti H / Takahashi G,noguti-h-takahashi-g,sofascore
829940,Kim T / Picard V,kim-t-picard-v,sofascore
829943,Dani M / Sareen A,dani-m-sareen-a,sofascore
829941,Castro R / Naranjo A,castro-r-naranjo-a,sofascore
829945,Hidalgo Garcia R / Rubinos A,hidalgo-garcia-r-rubinos-a,sofascore
829937,Kouraichi A / Poret T,kouraichi-a-poret-t,sofascore
829938,Vera Diaz G A / Vigo R,vera-diaz-g-a-vigo-r,sofascore
829944,La Torre M / Leon I,la-torre-m-leon-i,sofascore
829947,Duffoo I / Gonzalez E,duffoo-i-gonzalez-e,sofascore
829942,Rios V / Vega P,rios-v-vega-p,sofascore
829946,Lupulesku I / Singeorzan I,lupulesku-i-singeorzan-i,sofascore
829936,Granados Chang L A / Mendoza Salazar K J,granados-chang-l-a-mendoza-salazar-k-j,sofascore
829939,Aquije Condezo N V / Sanllehi A,aquije-condezo-n-v-sanllehi-a,sofascore
831326,Sobel A.,sobel-adrian,sofascore
852788,Somaiya C.,somaiya-chinmaya,sofascore
852789,AL Ghassani G.,al-ghassani-ghassan,sofascore
852790,Al-Mandhari H.,al-mandhari-haitham,sofascore
852939,AL Balushi M / Ali O,al-balushi-m-ali-o,sofascore
852935,Malik R / Parmar D,malik-r-parmar-d,sofascore
852938,Dani M / Somaiya C,dani-m-somaiya-c,sofascore
852942,AL Ghassani G / Alraisi A,al-ghassani-g-alraisi-a,sofascore
852936,AL Mutawa M / Al-Mandhari H,al-mutawa-m-al-mandhari-h,sofascore
852937,Rembert B / Seyfried J,rembert-b-seyfried-j,sofascore
852940,Iskandarov S / Zakharov V,iskandarov-s-zakharov-v,sofascore
852941,Nobakht N / Rustemovski R,nobakht-n-rustemovski-r,sofascore
852952,Fawad H.,fawad-hoor,sofascore
852947,Elnaghi R.,elnaghi-rouaa,sofascore
852955,Mohammed A / Goel R,mohammed-a-goel-r,sofascore
852956,Malik R / Goyal G,malik-r-goyal-g,sofascore
852954,Parmar D / Kutumbale A,parmar-d-kutumbale-a,sofascore
852953,Rustemovski R / Elnaghi R,rustemovski-r-elnaghi-r,sofascore
852957,Seyfried J / Men S,seyfried-j-men-s,sofascore
852945,Ashkeyeva A / Elnaghi R,ashkeyeva-a-elnaghi-r,sofascore
852946,Maji S / Rohilla A,maji-s-rohilla-a,sofascore
852959,Men S / Zhen D,men-s-zhen-d,sofascore
852949,Goyal G / Selvakumar S,goyal-g-selvakumar-s,sofascore
852950,Goel R / Kutumbale A,goel-r-kutumbale-a,sofascore
852951,Ghosh S / Papadimitriou M,ghosh-s-papadimitriou-m,sofascore
853553,Goreczny S.,goreczny-szczepan,sofascore
853696,Kujawa F.,kujawa-filip,sofascore
854272,Fong J S / Ho Y,fong-j-s-ho-y,sofascore
393216,Akimali B / Koshkumbayeva Z,akimali-b-koshkumbayeva-z,sofascore
854269,Hong Yu T / Tee A X,hong-yu-t-tee-a-x,sofascore
854271,Nguyen A T / Erkebaeva A,nguyen-a-t-erkebaeva-a,sofascore
854273,Kurmambayev S / Torshayeva G,kurmambayev-s-torshayeva-g,sofascore
854274,Somaiya C / Sahu G,somaiya-c-sahu-g,sofascore
854184,Kutumbale A / Sahu G,kutumbale-a-sahu-g,sofascore
854275,Tsvigun A.,tsvigun-alissa,sofascore
854270,Hong Yu T.,hong-yu-tey,sofascore
854276,Kim G.,kim-gaon,sofascore
854415,Zholudev D / Ashkeyeva A,zholudev-d-ashkeyeva-a,sofascore
854416,Ho J / Yoo S,ho-j-yoo-s,sofascore
854417,OH J / Kim S,oh-j-kim-s,sofascore
854339,Zakharov V / Lavrova A,zakharov-v-lavrova-a,sofascore
854340,Artukmetov I / Alimbayeva A,artukmetov-i-alimbayeva-a,sofascore
854279,Fong J S / Hong Yu T,fong-j-s-hong-yu-t,sofascore
854280,Choong J / Ng W S D,choong-j-ng-w-s-d,sofascore
854277,Kenzhigulov D / Zholudev D,kenzhigulov-d-zholudev-d,sofascore
854278,Kurmambayev S / Zhubanov S,kurmambayev-s-zhubanov-s,sofascore
322431,Zaharia E / Singeorzan I,zaharia-e-singeorzan-i,sofascore
854338,Fan S / Li Y,fan-s-li-y,sofascore
854185,Sahu G.,sahu-gungun,sofascore
854208,Kubiak A.,kubiak-artur,sofascore
854456,Karol Strowski,strowski-karol,sofascore
854514,Chan B / Zhu C,chan-b-zhu-c,sofascore
854513,Yuan L / Shi X,yuan-l-shi-x,sofascore
854515,Istrate A T / Diaconu A,istrate-a-t-diaconu-a,sofascore
854461,Chang Y / Li Y J,chang-y-li-y-j,sofascore
854460,Akimali B / Zakharov V,akimali-b-zakharov-v,sofascore
854510,Ji E / Yoo S,ji-e-yoo-s,sofascore
854511,Koshkumbayeva Z / Lavrova A,koshkumbayeva-z-lavrova-a,sofascore
854549,Espinoza O.,espinoza-orlando,sofascore
854457,Przewlocki J.,przewlocki-jakub,sofascore
854459,Kim G / OH J,kim-g-oh-j,sofascore
854508,Wen R / Zhou Q,wen-r-zhou-q,sofascore
854509,Kao C-J / Tseng T-Y,kao-c-j-tseng-t-y,sofascore
854512,Kim S / Park G,kim-s-park-g,sofascore
857571,Moscoso C.,moscoso-camila-renata,sofascore
857572,Font I.,font-irina-gimeno,sofascore
857573,Couce S.,couce-sofia,sofascore
857574,Avezou A.,avezou-agathe,sofascore
854637,Jonas M.,jonas-martin,sofascore
923855,Banaszek M.,banaszek-mariusz,sofascore
923856,Reuseau L.,reuseau-louis,sofascore
923773,Miki H.,miki-hayato,sofascore
924886,Kosev I.,kosev-ivailo,sofascore
923919,Sakai Y.,sakai-yuhi,sofascore
924887,Hagihara K.,hagihara-keishi,sofascore
923936,Okada K.,okada-kotona,sofascore
923933,Georgieva T.,georgieva-tsvetelina,sofascore
292614,Mutlu S.,mutlu-sidelya,sofascore
923929,Hristova K / Yovkova M,hristova-k-yovkova-m,sofascore
923932,Georgieva T / Mutlu S,georgieva-t-mutlu-s,sofascore
923938,Lis M / Sztwiertnia I,lis-m-sztwiertnia-i,sofascore
923935,Balazova B / Okada K,balazova-b-okada-k,sofascore
923920,Persova V / Tofant A,persova-v-tofant-a,sofascore
923917,Kimura K / Ojio H,kimura-k-ojio-h,sofascore
923922,Baggaley A / Chen A,baggaley-a-chen-a,sofascore
923918,Sakai Y / Ueda J,sakai-y-ueda-j,sofascore
923923,Bekir E / Sariev S,bekir-e-sariev-s,sofascore
923927,Kostadinov D / Petkov V,kostadinov-d-petkov-v,sofascore
923924,Dimitrov S / Kotev R,dimitrov-s-kotev-r,sofascore
924889,Coton F / Poret T,coton-f-poret-t,sofascore
924891,Zeng B / Zhou K,zeng-b-zhou-k,sofascore
924892,Belik S / Zelinka J,belik-s-zelinka-j,sofascore
924890,Miki H / Yokotani J,miki-h-yokotani-j,sofascore
923925,Kotev R / Hristova K,kotev-r-hristova-k,sofascore
923928,Hu D / Zhu S,hu-d-zhu-s,sofascore
923934,Li Y J / Huang Y-C,li-y-j-huang-y-c,sofascore
923937,Bekir E / Mutlu S,bekir-e-mutlu-s,sofascore
923940,Petkov V / Persova V,petkov-v-persova-v,sofascore
923921,Persova V.,persova-viktoria,sofascore
924893,Quan K / Zhao Z,quan-k-zhao-z,sofascore
924894,Hagihara K / Suzuki H,hagihara-k-suzuki-h,sofascore
925380,Chang Y-A / Cheng P,chang-y-a-cheng-p,sofascore
925174,Xue F / Han F,xue-f-han-f,sofascore
925175,Dimitrov S / Georgieva T,dimitrov-s-georgieva-t,sofascore
924885,Piekarczyk M.,piekarczyk-michal,sofascore
927841,Biestek A.,biestek-arkadiusz,sofascore
927963,Fayed S.,fayed-sami,sofascore
927962,Froseth M.,froseth-martin,sofascore
927965,Nemer M.,nemer-mohammed,sofascore
927964,Dahlstrom N.,dahlstrom-noa,sofascore
927966,Sisanovas I.,sisanovas-ignas,sofascore
927967,Bergenblock W / Svensson A,bergenblock-w-svensson-a,sofascore
927968,Eriksson A / Roose A,eriksson-a-roose-a,sofascore
927970,Bjorkryd D / Baasan N,bjorkryd-d-baasan-n,sofascore
927971,Chen A / Scholz V,chen-a-scholz-v,sofascore
927969,Dahlstrom N / Tveit Muskantor L,dahlstrom-n-tveit-muskantor-l,sofascore
927973,Bjorkryd D / Dahlstrom N,bjorkryd-d-dahlstrom-n,sofascore
927975,Chambet-Weil R / Suzuki H,chambet-weil-r-suzuki-h,sofascore
927976,Bognar B / Rustemovski R,bognar-b-rustemovski-r,sofascore
927977,Niu G / Quan K,niu-g-quan-k,sofascore
927974,Fayed S / Nemer M,fayed-s-nemer-m,sofascore
928417,Coton F / Hochart L,coton-f-hochart-l,sofascore
928418,Chambet-Weil R / Cok I,chambet-weil-r-cok-i,sofascore
928420,Huang Y / Zong G,huang-y-zong-g,sofascore
928421,Alfredsson I / Handen A,alfredsson-i-handen-a,sofascore
928424,Friis M / Bergand F,friis-m-bergand-f,sofascore
928419,Sisanovas I / Poon Y,sisanovas-i-poon-y,sofascore
928422,Xu H / Fan S,xu-h-fan-s,sofascore
928423,Handen A.,handen-anja,sofascore
928425,Guo Zheng N.,guo-zheng-nina,sofascore
927972,Holgersson H / Roose A,holgersson-h-roose-a,sofascore
928427,Huang Y / Xue F,huang-y-xue-f,sofascore
928426,Froseth M / Sisanovas I,froseth-m-sisanovas-i,sofascore
928429,Limonov A / Tretiak N,limonov-a-tretiak-n,sofascore
928430,Eriksson A / Friis M,eriksson-a-friis-m,sofascore
928428,Doyen A / Naumi A,doyen-a-naumi-a,sofascore
928431,Handen A / Svensson A,handen-a-svensson-a,sofascore
928432,Guo Zheng N / Hochart L,guo-zheng-n-hochart-l,sofascore
928434,Cok I / Guisnel O,cok-i-guisnel-o,sofascore
928435,Krzysiek P / Wegrzyn K,krzysiek-p-wegrzyn-k,sofascore
928436,Malobabic I / Todorovic A,malobabic-i-todorovic-a,sofascore
928433,Xu Y / Zong G,xu-y-zong-g,sofascore
927994,Poon Y / Scholz V,poon-y-scholz-v,sofascore
928460,Parkan M.,parkan-michal,sofascore
928461,Cmerda O.,cmerda-ondrej,sofascore
928641,Fuchs J.,fuchs-jonathan,sofascore
929038,Antonio R.,antonio-rodes,sofascore
929039,Kiejda A.,kiejda-arkadiusz,sofascore
929512,Wrzalik T.,wrzalik-tomasz,sofascore
929470,Kycelt J.,kycelt-jakub,sofascore
929533,Tudela M.,tudela-mariano,sofascore
929559,Kothapalli H.,kothapalli-hemanth,sofascore
929874,Urbanski A.,urbanski-artur,sofascore
929937,Puhm M.,puhm-mihkel,sofascore
929938,Pang Y E K / Chen S,pang-y-e-k-chen-s,sofascore
929935,Didi J.,didi-julius,sofascore
929963,Nazarov Y.,nazarov-yuri,sofascore
930088,Lorenzo S / Sareen A,lorenzo-s-sareen-a,sofascore
930089,Dani M / Kim T,dani-m-kim-t,sofascore
929913,Huang Y / Xu Y,huang-y-xu-y,sofascore
929939,Quek I / Zeng J,quek-i-zeng-j,sofascore
929940,Doo H K / Liu Y,doo-h-k-liu-y,sofascore
929941,Chen Y / Xu Y,chen-y-xu-y,sofascore
929914,Huang Y-C /  Kao C-J,huang-y-c-kao-c-j,sofascore
929915,Chen Y / Zhou Q,chen-y-zhou-q,sofascore
929916,Allegro M / Pitchford L,allegro-m-pitchford-l,sofascore
929942,Diaz A / Pavade P,diaz-a-pavade-p,sofascore
929943,Jeon J / Lee E,jeon-j-lee-e,sofascore
930569,Sun Yin / Wang Yid,sun-yin-wang-yid,sofascore
930584,Kuai M / Wang M,kuai-m-wang-m,sofascore
930758,AL Haddad E.,al-haddad-essa,sofascore
930759,Shaffan Ismail M.,shaffan-ismail-mohamed,sofascore
930778,Gupta A.,gupta-akash,sofascore
930776,Tang Y.,tang-yiren,sofascore
930775,Lamba S.,lamba-shivjit,sofascore
930769,Hualei AO.,ao-hualei,sofascore
930770,Tan N.,tan-nicholas,sofascore
930773,Ahmed M.,ahmed-moosa,sofascore
930771,Enci Li.,li-enci,sofascore
930774,Long Y.,long-yu,sofascore
930777,Almkeemy A.,almkeemy-abdullah,sofascore
930772,"Aly, yousof",aly-yousof,sofascore
930955,Al-Abdulla A.,al-abdulla-abdulaziz,sofascore
930956,Al-Kuwari R.,al-kuwari-rabeah,sofascore
930963,Al-Qutaiti M.,al-qutaiti-mubarak,sofascore
930935,Chen J.,chen-junsong,sofascore
930964,El Hakim R.,el-hakim-rock,sofascore
930927,Ding Y / Hu Y,ding-y-hu-y,sofascore
930929,Su T T / Wong H T,su-t-t-wong-h-t,sofascore
930965,Moroz A.,moroz-artur,sofascore
930941,Sun Y.,sun-yang,sofascore
931167,Loy M Y / Ser L Q,loy-m-y-ser-l-q,sofascore
931168,Wang X / Zhang X,wang-x-zhang-x,sofascore
931171,Xu J / Zhu Z,xu-j-zhu-z,sofascore
931169,Ali Mar / Mohamed A,ali-mar-mohamed-a,sofascore
931170,Ojio Y / Uesawa A,ojio-y-uesawa-a,sofascore
930961,Abdulwahhab M / Mohamed A,abdulwahhab-m-mohamed-a,sofascore
930934,Chen J / Wang X,chen-j-wang-x,sofascore
930937,Tan N / Jeong Y,tan-n-jeong-y,sofascore
930939,Chua J S H / Loy M Y,chua-j-s-h-loy-m-y,sofascore
930940,Sun Y /  Xu J,sun-y-xu-j,sofascore
930930,Somaiya C / Patel H C,somaiya-c-patel-h-c,sofascore
930932,Ning X / Zhang X,ning-x-zhang-x,sofascore
931173,Kim W / Yoo Y,kim-w-yoo-y,sofascore
931172,Chew Z Y C / Ser L Q,chew-z-y-c-ser-l-q,sofascore
931174,Dani M / Ghorpade Y,dani-m-ghorpade-y,sofascore
930943,Shaikh S.,shaikh-sarrinah,sofascore
930928,Yi Hu.,hu-yi,sofascore
930944,Yang H.,yang-huize,sofascore
930936,Wang X.,wang-xiaonan,sofascore
930938,Jeong Y.,jeong-yein,sofascore
930945,Yihui Li.,li-yihui,sofascore
930946,Zhu Z.,zhu-ziyu,sofascore
930933,Zhang X.,zhang-xiangyu,sofascore
930942,Jiayi Xu.,xu-jiayi,sofascore
930931,Patel H.,patel-hardee-chetan,sofascore
930948,AO H / Long Y,ao-h-long-y,sofascore
930949,Al-Abdulla O / Aly Y,al-abdulla-o-aly-y,sofascore
930958,Chen J / Sun J,chen-j-sun-j,sofascore
930947,Li H / Tang Y,li-h-tang-y,sofascore
503561,Al-Kuwari S / Korani A,al-kuwari-s-korani-a,sofascore
930950,Ahmed M / Shaffan M,ahmed-m-shaffan-m,sofascore
930951,Ho J / Kim W,ho-j-kim-w,sofascore
930952,Chang Y-A / Hung J-K,chang-y-a-hung-j-k,sofascore
930953,Al-Abdulla A / AL-Kuwari R,al-abdulla-a-al-kuwari-r,sofascore
930957,Dani M / Ghosh A,dani-m-ghosh-a,sofascore
930959,Abdulwahhab A / Alnaser R,abdulwahhab-a-alnaser-r,sofascore
930960,Gupta A / Lamba S,gupta-a-lamba-s,sofascore
930954,Kim T / Somaiya C,kim-t-somaiya-c,sofascore
931185,Gorka M.,gorka-michal,sofascore
931546,Radak S.,radak-sara,sofascore
931555,Boskovski M.,boskovski-masa,sofascore
931601,Krutak M.,krutak-michal,sofascore
931641,Einroos K.,einroos-kristjan,sofascore
931743,Akselrod S.,akselrod-steve,sofascore
931744,Silva J.,silva-jesus,sofascore
931752,Chuang Y.,chuang-yuan,sofascore
931851,Zemanek P.,zemanek-petr,sofascore
931960,Hossain Z.,hossain-zahid,sofascore
932405,Dorko T.,dorko-tomas,sofascore
932406,Vins J.,vins-josef,sofascore
933225,Limonov A / Zhmudenko Y,limonov-a-zhmudenko-y,sofascore
933226,Bertelsmeier A / Meng F,bertelsmeier-a-meng-f,sofascore
933222,Gacina A / Lind A,gacina-a-lind-a,sofascore
933224,Angelakis K / Wang Y,angelakis-k-wang-y,sofascore
933223,Nuytinck C / Pistej L,nuytinck-c-pistej-l,sofascore
933229,Arpas S / Lei B,arpas-s-lei-b,sofascore
933230,Mladenovic L / van Oost K,mladenovic-l-van-oost-k,sofascore
933231,Green C / Isik H,green-c-isik-h,sofascore
933233,Haug B / Lambiet F,haug-b-lambiet-f,sofascore
933232,Grebeniuk A / Zavada M,grebeniuk-a-zavada-m,sofascore
933219,Monfardini G / Moret R,monfardini-g-moret-r,sofascore
933218,Mischek K / Puchovanova N,mischek-k-puchovanova-n,sofascore
933216,Kalvatn C / Toftaker M,kalvatn-c-toftaker-m,sofascore
933220,Ho T-T / Vivarelli D,ho-t-t-vivarelli-d,sofascore
933214,Kisel D / Miashchanskaya U,kisel-d-miashchanskaya-u,sofascore
933215,Labosova E / Wegrzyn K,labosova-e-wegrzyn-k,sofascore
933234,de Nutte S / Pota G,de-nutte-s-pota-g,sofascore
933237,Bezeg R / Maksuti A,bezeg-r-maksuti-a,sofascore
933240,Chiriacova A / Dymytrenko A,chiriacova-a-dymytrenko-a,sofascore
933241,Kaufmann A / Mittelham N,kaufmann-a-mittelham-n,sofascore
933238,Bogdanowicz N / Brzyska A,bogdanowicz-n-brzyska-a,sofascore
933221,Lutz Ch / Yuan J N,lutz-ch-yuan-j-n,sofascore
933242,Wan Y / Winter S,wan-y-winter-s,sofascore
933235,Berzosa M / Zhang S-X,berzosa-m-zhang-s-x,sofascore
933181,Abiodun T / Santos P,abiodun-t-santos-p,sofascore
933183,Arpas S / Varady B,arpas-s-balazova-b,sofascore
933180,Kunats H / Miashchanskaya U,kunats-h-miashchanskaya-u,sofascore
933179,Bertelsmeier A / Griesel M,bertelsmeier-a-griesel-m,sofascore
933182,Gacev A / Surjan S,gacev-a-surjan-s,sofascore
933184,Kveton O / Polakova V,kveton-o-polakova-v,sofascore
933243,Franziska P / Kaufmann A,franziska-p-kaufmann-a,sofascore
933187,Putuntica A / Riliskyte K,putuntica-a-riliskyte-k,sofascore
933185,Mladenovic L / de Nutte S,mladenovic-l-de-nutte-s,sofascore
933186,van Oost K / Degraef M,van-oost-k-degraef-m,sofascore
933021,Stus R.,stus-radek,sofascore
933244,Velichkov Y.,velichkov-yoan,sofascore
933245,Skerbinz N.,skerbinz-nina,sofascore
933236,Berzosa M.,berzosa-maria,sofascore
933228,Stinil V.,stinil-vaclav,sofascore
340144,Perez Lapresta A.,perez-lapresta-alvaro,sofascore
933770,Bartosz S.,bartosz-sobel,sofascore
934205,Tungbovornphichet P.,tungbovornphichet-punnatat,sofascore
934206,Han E.,han-eunho,sofascore
934404,Wang Y.,wang-yingchao,sofascore
934299,Seo J.,seo-jungwon,sofascore
934405,Trevisan F.,trevisan-francesco,sofascore
934298,Seo J / Kim H,seo-j-kim-h,sofascore
934300,de Boer M / Men S,de-boer-m-men-s,sofascore
934296,de Las Heras R / Rad E F,de-las-heras-r-rad-e-f,sofascore
934297,Kim M / Kim H,kim-m-kim-h,sofascore
934782,Amato A / Roncallo V,amato-a-roncallo-v,sofascore
934783,Cappuccio M / Carnovale M,cappuccio-m-carnovale-m,sofascore
934785,Franco C / Riera J,franco-c-riera-j,sofascore
934786,Mati T / Wu J,mati-t-wu-j,sofascore
934673,de Las Heras R / Franco C,de-las-heras-r-franco-c,sofascore
934671,Faso D D / Trevisan F,faso-d-d-trevisan-f,sofascore
934672,Baek H / Han E,baek-h-han-e,sofascore
934669,Allegranza G / Izzo G,allegranza-g-izzo-g,sofascore
934670,Giovannetti T / Vallino Costassa F,giovannetti-t-vallino-costassa-f,sofascore
934667,Ho J / Kim M,ho-j-kim-m,sofascore
934668,Lin X / Mati T,lin-x-mati-t,sofascore
934675,Aoki S.,aoki-sachi,sofascore
934677,Sastre E.,sastre-eugenia,sofascore
934676,Cerritelli M.,cerritelli-margherita,sofascore
445513,Rodriguez A.,rodriguez-angela,sofascore
934674,Picu M.,picu-maria,sofascore
934678,Barani A / Picu M,barani-a-picu-m,sofascore
934679,Ghorpade Y / Roy K,ghorpade-y-roy-k,sofascore
934684,Moret R / Rodriguez A,moret-r-rodriguez-a,sofascore
934685,Kim H / Yoo S,kim-h-yoo-s,sofascore
934681,Carnovale M / Roncallo V,carnovale-m-roncallo-v,sofascore
934682,Men S / Scholz V,men-s-scholz-v,sofascore
934683,Moretti I / Sanchi C,moretti-i-sanchi-c,sofascore
934680,Aoki S / Yokoi S,aoki-s-yokoi-s,sofascore
935139,Drach I.,drach-ilya,sofascore
935307,Simunek C.,simunek-chestmir,sofascore
935360,AL Balushi N.,al-balushi-nasser-saif-nas,sofascore
935361,Alighardashi A.,alighardashi-amirhossein,sofascore
935359,AL Rawahi T.,al-rawahi-talya,sofascore
935489,Takamori M.,takamori-mao,sofascore
935857,Ghosh An / Mukherjee A,ghosh-an-mukherjee-a,sofascore
935858,Chua J S H / Ghosh SW,chua-j-s-h-ghosh-sw,sofascore
935869,Li Yak / Zong G,li-yak-zong-g,sofascore
935916,Massart A.,massart-alessi,sofascore
935915,Karabagjak A.,karabagjak-arti,sofascore
935917,Maloku A.,maloku-adriatik,sofascore
935918,Ruli T.,ruli-taibe,sofascore
935924,Berben B / de Boer M,berben-b-de-boer-m,sofascore
935934,Berben B / Men S,berben-b-men-s,sofascore
935935,Hajdari B / Mehmeti A,hajdari-b-mehmeti-a,sofascore
935932,Kim Minw / Choi Ha,kim-minw-choi-ha,sofascore
935933,Karabaxhak F / Osmani L,karabaxhak-f-osmani-l,sofascore
935936,Mahmuti K / Hashani S,mahmuti-k-hashani-s,sofascore
935937,Vilardell A / Kukulkova T,vilardell-a-kukulkova-t,sofascore
935929,de Boer M / Jorguseska D,de-boer-m-jorguseska-d,sofascore
935930,Han E / Lee Dae,han-e-lee-dae,sofascore
935931,Baek H / Choi Hy,baek-h-choi-hy,sofascore
935960,Szeles T.,szeles-tamas,sofascore
935861,Faraji B / Keshavarzi A,faraji-b-keshavarzi-a,sofascore
935862,AL Balushi M / AL Ghassani G,al-balushi-m-al-ghassani-g,sofascore
935863,Xue F / Zhou Q,xue-f-zhou-q,sofascore
935860,Chen Y / Wen R,chen-y-wen-r,sofascore
935864,Chan B / Wong C T,chan-b-wong-c-t,sofascore
935865,Jang S / Woo H,jang-s-woo-h,sofascore
935859,AL Balushi N S N / AL Jassasi B,al-balushi-n-s-n-al-jassasi-b,sofascore
935866,Baisya P / Ghosh S,baisya-p-ghosh-s,sofascore
935868,Balazova B / Cheng H-T,balazova-b-cheng-h-t,sofascore
935867,Odo S / Takamori M,odo-s-takamori-m,sofascore
935870,Chen Y / He Z,chen-y-he-z,sofascore
935981,Batix Y.,batix-ylane,sofascore
935919,Imeri L.,imeri-leoresa,sofascore
935922,Osmani L.,osmani-lene,sofascore
935921,Hashani S / Osmani L,hashani-s-osmani-l,sofascore
935925,Blaskova Z / Sommerova H,blaskova-z-sommerova-h,sofascore
935927,Opeka L / Tofant A,opeka-l-tofant-a,sofascore
935926,Choi Ha / Kim Han,choi-ha-kim-han,sofascore
935928,Imeri L / Mehmeti A,imeri-l-mehmeti-a,sofascore
935920,Illasova A / Jorguseska D,illasova-a-jorguseska-d,sofascore
935923,Badawy F / Selvakumar S,badawy-f-selvakumar-s,sofascore
936002,Stamatouros G / Sgouropoulos I,stamatouros-g-sgouropoulos-i,sofascore
936003,Gil M / Kwak Y B,gil-m-kwak-y-b,sofascore
936004,Cho K / Seo Jungw,cho-k-seo-jungw,sofascore
936005,Perez J / Vilardell A,perez-j-vilardell-a,sofascore
936066,Granadillo R / Pannacci D,granadillo-r-pannacci-d,sofascore
936076,Navas M / Pino J,navas-m-pino-j,sofascore
936068,Pino D / Reinhold R,pino-d-reinhold-r,sofascore
936080,Diaz W / Giannini A,diaz-w-giannini-a,sofascore
936078,Rivero W / Yordi M,rivero-w-yordi-m,sofascore
936081,Perez Rico E A / Soteldo Goyo Y Y,perez-rico-e-a-soteldo-goyo-y-y,sofascore
936123,Lopez F.,lopez-francisco,sofascore
936124,Castano O.,castano-oscar,sofascore
936077,Pino D.,pino-davis,sofascore
936073,Pannacci D.,pannacci-david,sofascore
936065,Diaz W.,diaz-wilfan,sofascore
936069,Yordi M.,yordi-munir,sofascore
936070,Giannini A.,giannini-antonio,sofascore
936074,Rivero W.,rivero-wuilkin,sofascore
936079,Reinhold R.,reinhold-robert,sofascore
936089,Diaz E.,diaz-edgar,sofascore
936067,Medina Blanco R J / Obando C,medina-blanco-r-j-obando-c,sofascore
936075,Soteldo Goyo Y Y / Diaz M,soteldo-goyo-y-y-diaz-m,sofascore
936083,Alzueta M / Pino K,alzueta-m-pino-k,sofascore
936086,Mata Aponte S A / Mendez Duarte O G,mata-aponte-s-a-mendez-duarte-o-g,sofascore
936264,Bertrand I / Seyfried J,bertrand-i-seyfried-j,sofascore
936251,Ochoa L / Rodriguez J,ochoa-l-rodriguez-j,sofascore
936256,Cardenas C / Perozo L,cardenas-c-perozo-l,sofascore
936267,Bentancor M / Suravajjula S,bentancor-m-suravajjula-s,sofascore
936268,Li E / Wang K,li-e-wang-k,sofascore
936265,Cardozo A / Lopez F,cardozo-a-lopez-f,sofascore
936274,Diaz E / Lopez Patinez A J,diaz-e-lopez-patinez-a-j,sofascore
936276,Dani M / Desai H,dani-m-desai-h,sofascore
936269,Tovar Giraldo J A / Vegas Vasquez J J J,tovar-giraldo-j-a-vegas-vasquez-j-j-j,sofascore
936270,Navarro G / Pino Hernandez D A,navarro-g-pino-hernandez-d-a,sofascore
936273,Medina Blanco R J / Rios Romero C J A,medina-blanco-r-j-rios-romero-c-j-a,sofascore
936294,Lopez Figueredo R.,lopez-figueredo-ramses-alejandro,sofascore
936295,Bejar S.,bejar-saul,sofascore
936230,Gervazzi P.,gervazzi-pedro,sofascore
936266,Cardozo A.,cardozo-abraham,sofascore
936293,Guillen Pirela A.,guillen-pirela-antoni-de-jesus,sofascore
936082,Perez Rico E.,perez-rico-erick-abraham,sofascore
936072,Medina Blanco R.,medina-blanco-raymondo-jose,sofascore
936292,Lopez F.,lopez-francisco-2007,sofascore
936289,Marcunez Pacheco R.,marcunez-pacheco-ruben-isaac,sofascore
936258,Perozo L.,perozo-liudwing,sofascore
936257,Cardenas C.,cardenas-cristopher,sofascore
936288,Fernandez J.,fernandez-jeremi,sofascore
936272,Pino Hernandez D.,pino-hernandez-david-abraham,sofascore
936275,Lopez Patinez A.,lopez-patinez-andres-jesus,sofascore
936287,Gebran C.,gebran-carlos,sofascore
936071,Granadillo R.,granadillo-rafael,sofascore
936271,Navarro G.,navarro-gary,sofascore
936239,Tovar Giraldo J.,tovar-giraldo-jesus-alejandro,sofascore
936291,Martinez M.,martinez-moises,sofascore
936242,Vegas Vasquez J.,vegas-vasquez-jonathan-jeancarlos-javier,sofascore
936236,Wang K.,wang-kaibo,sofascore
936290,Capella M.,capella-mateo,sofascore
936386,Salcedo E.,salcedo-enmanuel,sofascore
936387,Riley T.,riley-tre,sofascore
936388,Marin J.,marin-joaquin,sofascore
936246,Perez Rico E A / Mata Aponte N D,perez-rico-e-a-mata-aponte-n-d,sofascore
936243,Dani M / Cordero L,dani-m-cordero-l,sofascore
936244,Castillo Arocha C A / Zerpa Flores P M,castillo-arocha-c-a-zerpa-flores-p-m,sofascore
936247,Ning X / Zhu Z,ning-x-zhu-z,sofascore
936248,Rios Romero C J A / Gonzalez R,rios-romero-c-j-a-gonzalez-r,sofascore
936234,Wang K / Liu X,wang-k-liu-x,sofascore
936232,Pereira A / Crespo E,pereira-a-crespo-e,sofascore
936237,Li E /  Xu J,li-e-xu-j,sofascore
936238,Tovar Giraldo J A / Gomez Olivera C,tovar-giraldo-j-a-gomez-olivera-c,sofascore
936241,Vegas Vasquez J J J / Ferrer D,vegas-vasquez-j-j-j-ferrer-d,sofascore
936229,Gervazzi P / Romero A,gervazzi-p-romero-a,sofascore
936231,Desai H / Sinha Roy K,desai-h-sinha-roy-k,sofascore
936277,Betancourt B / Zerpa Flores P M,betancourt-b-zerpa-flores-p-m,sofascore
936278,Diaz M / Gomez Olivera C,diaz-m-gomez-olivera-c,sofascore
936279,Crespo E / Fonseca Carrazana D,crespo-e-fonseca-carrazana-d,sofascore
936282,Gonzalez A / Marcunez D,gonzalez-a-marcunez-d,sofascore
936285,Perez Albarran A A / Salvatierra C,perez-albarran-a-a-salvatierra-c,sofascore
936280,Lopez G / Massiel R,lopez-g-massiel-r,sofascore
936240,Codina A / Cordero L,codina-a-cordero-l,sofascore
936259,Romero A / Romero A,romero-a-romero-a,sofascore
936262,Liu X / Yao Z,liu-x-yao-z,sofascore
936260,Criollo S / Hernandez A,criollo-s-hernandez-a,sofascore
936263,Gonzalez R / Obando C,gonzalez-r-obando-c,sofascore
936250,Aguiar R / Perez Gonzalez K,aguiar-r-perez-gonzalez-k,sofascore
936254,Becerra A / Bello K,becerra-a-bello-k,sofascore
936087,Mata Aponte S.,mata-aponte-sthefany-alexandra,sofascore
936084,Alzueta M.,alzueta-maria,sofascore
936088,Mendez Duarte O.,mendez-duarte-orianny-gabriela,sofascore
936224,Romero A.,romero-andrea,sofascore
936227,Betancourt B.,betancourt-barbara,sofascore
936228,Perez Vera S.,perez-vera-shariz-sofia,sofascore
936215,Hernandez A.,hernandez-albani,sofascore
936216,Lopez G.,lopez-gabriela,sofascore
936233,Perez Albarran A.,perez-albarran-andrea-angely,sofascore
936235,Bello K.,bello-katherinee,sofascore
936226,Romero A.,romero-albania,sofascore
936085,Pino K.,pino-kelly,sofascore
936221,Becerra A.,becerra-ana,sofascore
936222,Santana A.,santana-ana,sofascore
936223,Escobar M.,escobar-maria,sofascore
936225,Espinoza Z.,espinoza-zurisadai,sofascore
936219,Chourio O.,chourio-ohanny,sofascore
936220,Hernandez L.,hernandez-luisa,sofascore
936217,Liu X.,liu-xinran,sofascore
936218,Barraez K.,barraez-keimy,sofascore
936281,Massiel R.,massiel-rojas,sofascore
936261,Criollo S.,criollo-sofia,sofascore
936252,Perez Gonzalez K.,perez-gonzalez-karla,sofascore
936283,Gonzalez A.,gonzalez-alondra,sofascore
936249,Gonzalez R.,gonzalez-roxy,sofascore
936286,Salvatierra C.,salvatierra-carla,sofascore
936245,Zerpa Flores P.,zerpa-flores-paola-magaly,sofascore
936372,Camero A.,camero-arianna,sofascore
936284,Marcunez D.,marcunez-diana,sofascore
936814,Sho M.,sho-miyazaki,sofascore
937006,Cambronero A.,cambronero-angel,sofascore
937291,Chlopek B.,chlopek-blazej,sofascore
937509,Varcl J.,varcl-jakub,sofascore
938004,Kaleta D.,kaleta-dawid,sofascore
938333,Golge B.,golge-burak,sofascore
938277,Koloidenko P.,koloidenko-pylyp,sofascore
938276,Pillon E.,pillon-elouan,sofascore
938801,Hiraga R.,hiraga-ryusei,sofascore
935029,Alliance Nimes Montpellier Tt,alliance-nimes-montpellier-tt,sofascore
935170,KS Villa Verde Olesno,ks-villa-verde-olesno,sofascore
935163,Gyori AC,gyori-ac,sofascore
935164,Fenerbahce SK,fenerbahce-sk,sofascore
939195,Kleyman H.,kleyman-henry,sofascore
939247,Domagala P.,domagala-pawel,sofascore
939376,Gromek A.,gromek-artur,sofascore
939396,Janssens E.,janssens-etienne,sofascore
939397,Brard R.,brard-romain,sofascore
318977,Dojlidy Bialystok,dojlidy-bialystok,sofascore
935172,Alzira Tt Camarena,alzira-tt-camarena,sofascore
935173,NK Savinja,nk-savinja,sofascore
935171,Kts Gliwice,kts-gliwice,sofascore
935167,Politechnika Rzeszow,politechnika-rzeszow,sofascore
935165,Drumchapel Glasgow Ttc,drumchapel-glasgow-ttc,sofascore
935168,Son Cladera Ttc,son-cladera-ttc,sofascore
935166,Universidad de Burgos,universidad-de-burgos,sofascore
935169,Alliance Nimes Montpellier Tt,alliance-nimes-montpellier-tt,sofascore
322119,Zalewski M.,zalewski-mateusz,sofascore
939701,Lin X / Wu J,lin-x-wu-j,sofascore
939702,Seo J / Choi H,seo-j-choi-h,sofascore
939693,Niu G / Chen Y,niu-g-chen-y,sofascore
939694,Cho K / Ji E,cho-k-ji-e,sofascore
939695,Verdonschot W / Klee S,verdonschot-w-klee-s,sofascore
939696,Massart A / Massart L,massart-a-massart-l,sofascore
939692,Lehmann M / Scholz V,lehmann-m-scholz-v,sofascore
939697,Chen A / Zhen D,chen-a-zhen-d,sofascore
939700,Kim T / Yoo S,kim-t-yoo-s,sofascore
939717,Kim W / Park J,kim-w-park-j,sofascore
939718,Birriel O / Jersova A,birriel-o-jersova-a,sofascore
939709,Birriel O.,birriel-oscar,sofascore
939806,Ho J / Kim H,ho-j-kim-h,sofascore
939698,Baek J.,baek-juyeong,sofascore
939704,Gottschlich L.,gottschlich-lena,sofascore
939703,Jersova A.,jersova-aleksandra,sofascore
939699,Sadikovic E.,sadikovic-enisa,sofascore
939705,Ahmadian M / Chen A,ahmadian-m-chen-a,sofascore
939706,Al-Kuwari S / Kim T,al-kuwari-s-kim-t,sofascore
939710,Mladenovic L / van Dessel M,mladenovic-l-van-dessel-m,sofascore
939727,Jersova A / Massart L,jersova-a-massart-l,sofascore
939728,Hansson M / Jorguseska D,hansson-m-jorguseska-d,sofascore
939723,Idesawa K / Takeya M,idesawa-k-takeya-m,sofascore
939724,Ji E / Park J,ji-e-park-j,sofascore
939725,Scholz V / van Lierop K,scholz-v-van-lierop-k,sofascore
939726,Ryu H / Yang H E,ryu-h-yang-h-e,sofascore
940089,Afanador B / Kim D,afanador-b-kim-d,sofascore
940086,Chen Y / Han F,chen-y-han-f,sofascore
940087,Mladenovic L / Sadikovic E,mladenovic-l-sadikovic-e,sofascore
940088,Park Gyu / Lee D (2005),park-gyu-lee-d-2005,sofascore
940085,Xue F / Kuai M,xue-f-kuai-m,sofascore
939933,Kim D.,kim-dahee,sofascore
939708,Afanador B / Birriel O,afanador-b-birriel-o,sofascore
939707,Muramatsu Y / Ueda J,muramatsu-y-ueda-j,sofascore
940094,Andras C / Haug B,andras-c-haug-b,sofascore
940092,Hamada K / Yokotani J,hamada-k-yokotani-j,sofascore
940091,Kubik M / Putuntica A,kubik-m-putuntica-a,sofascore
940095,Cho K / Lee Seungh,cho-k-lee-seungh,sofascore
940093,Chen Y / Niu G,chen-y-niu-g,sofascore
940098,Besnier C.,besnier-celian,sofascore
940096,Harac E / Wan Y,harac-e-wan-y,sofascore
940097,Fan Sh / Li Yak,fan-sh-li-yak,sofascore
940361,Latala L.,latala-lukasz,sofascore
967167,Solodkyi N.,solodkyi-nazarii,sofascore
940090,Kim D.,kim-dahee,sofascore
967488,Pinto J.,pinto-joana,sofascore
967709,Esteves Costa S.,esteves-costa-susana,sofascore
967710,Pinto B.,pinto-beatriz,sofascore
969046,Tauber M / Davidov E,tauber-m-davidov-e,sofascore
969044,Lillo D / Riera J,lillo-d-riera-j,sofascore
969045,Valuch A / Guo J,valuch-a-guo-j,sofascore
969035,Solodkyi N / Dymytrenko A,solodkyi-n-dymytrenko-a,sofascore
969036,Poret T / Cok I,poret-t-cok-i,sofascore
984543,Neterda R.,neterda-radek,sofascore
969040,Arguelles C / Avezou A,arguelles-c-avezou-a,sofascore
969043,Deng Z / Wu J,deng-z-wu-j,sofascore
969041,Ding Yi / Xu Huiy,ding-yi-xu-huiy,sofascore
969042,Cristobal A / Sastre E,cristobal-a-sastre-e,sofascore
969037,Chambet-Weil R / Solodkyi N,chambet-weil-r-solodkyi-n,sofascore
969038,Berzosa D / Lillo D,berzosa-d-lillo-d,sofascore
969039,Lee Seungh / Seo Jungw,lee-seungh-seo-jungw,sofascore
1032461,Pantoja M A / Vilardell A,pantoja-m-a-vilardell-a,sofascore
1032478,Bentancor M / Tauber M,bentancor-m-tauber-m,sofascore
1039614,Kim D / Kwak Y B,kim-d-kwak-y-b,sofascore
1032483,Chen Y / Zeng B,chen-y-zeng-b,sofascore
1032383,Bentancor M / Arguelles C,bentancor-m-arguelles-c,sofascore
1032384,Kubik M / Kukulkova T,kubik-m-kukulkova-t,sofascore
1032365,Chen Y / Wang X,chen-y-wang-x,sofascore
1032370,Park G / Lee D (2005),park-g-lee-d-2005,sofascore
1039615,Chambet-Weil R / Deng Z,chambet-weil-r-deng-z,sofascore
1039616,Zakharov V / Akasheva Z,zakharov-v-akasheva-z,sofascore
1026166,Nikolov G.,nikolov-georgi,sofascore
1026612,Sadowski W.,sadowski-waldemar,sofascore
969026,Brante J.,brante-juan-carlos,sofascore
1039641,Ojio Y / Zaharia E,ojio-y-zaharia-e,sofascore
1039642,Cordero L / Cossio Aceves A,cordero-l-cossio-aceves-a,sofascore
1026199,Klusacek P.,klusacek-patrik,sofascore
1039959,Visek R.,visek-roman,sofascore
1039960,Zacek M.,zacek-michal,sofascore
1039961,Stojek K.,stojek-karol,sofascore
1040348,Holik S.,holik-simon,sofascore
1040347,Sopko M.,sopko-martin,sofascore
1041028,Martin Kir,martin-kir,sofascore
1041460,Dzumurat V.,dzumurat-valentyn,sofascore
1041461,Cap M.,cap-milan,sofascore
1041570,Bruzek P.,bruzek-petr,sofascore
1041649,Klinga P.,klinga-petr,sofascore
1042000,Belousek J.,belousek-jiri,sofascore
1042001,Hladik P.,hladik-petr,sofascore
1042002,Cruz Aponte D.,cruz-aponte-daniel-esteban,sofascore
1042070,Brnovic B.,brnovic-boris,sofascore
1042140,Sobotka M.,sobotka-michal,sofascore
1042341,Stary J.,stary-jiri,sofascore
1042196,Vonasek J.,vonasek-jan,sofascore
1042343,Nipul S.,nipul-shah,sofascore
1042342,Zikmund I.,zikmund-ivo,sofascore
1042419,Nowalinski M.,nowalinski-mateusz,sofascore
1042465,Laine Campino L.,laine-campino-louis,sofascore
1042555,Vizek M.,vizek-martin,sofascore
1042560,Kowalewski K.,kowalewski-kamil,sofascore
1043000,Vales J.,vales-jakub,sofascore
1043124,Paldus T.,paldus-tomas,sofascore
1043125,Hampl M.,hampl-michal,sofascore
1043151,Rass R.,rass-reino,sofascore
1043419,Dvorak V.,dvorak-vitek,sofascore
1043420,Gerke M.,gerke-mikolaj,sofascore
1043512,Perez A.,perez-alvaro,sofascore
1043754,Piecowski M.,piecowski-milosz,sofascore
1043822,Kolisnyk O.,kolisnyk-oleksandr,sofascore
1043823,Jedrzejowski O.,jedrzejowski-oskar,sofascore
1043922,Smidt K.,smidt-karel,sofascore
1044038,Pospisil M.,pospisil-milos,sofascore
1044047,Patryk Kiejda,patryk-kiejda,sofascore
1044215,Schopf K.,schopf-karel,sofascore
1044684,Ozdemir M.,ozdemir-melih,sofascore
1044685,Keller D.,keller-dominik,sofascore
1044686,Lama J.,lama-jaime,sofascore
1044819,Nguyen B.,nguyen-ba-hoang-tai,sofascore
1048200,Yu-Lun Su.,su-yu-lun,sofascore
1048201,Chen C.,chen-chi-shiuan,sofascore
1048630,Kvapil A.,kvapil-antonin,sofascore
1048944,Chen M.,chen-min-hsin,sofascore
1048689,Bae H / Jee M,bae-h-jee-m,sofascore
1048692,Yoshimura M / Odo S,yoshimura-m-odo-s,sofascore
1048695,Huang Yo / Shi X,huang-yo-shi-x,sofascore
1048690,Thakkar M V / Batra M,thakkar-m-v-batra-m,sofascore
1049169,Xiang P / Kuai M,xiang-p-kuai-m,sofascore
1048697,Bourrassaud F / Kouraichi A,bourrassaud-f-kouraichi-a,sofascore
1048696,Alnaser R / Korani A,alnaser-r-korani-a,sofascore
1048694,Achanta S K / Suravajjula S,achanta-s-k-suravajjula-s,sofascore
1049172,Kim T / Pistej L,kim-t-pistej-l,sofascore
1048698,Mirkadirova S / Todorovic A,mirkadirova-s-todorovic-a,sofascore
1048691,He Zhu / Zong G,he-zhu-zong-g,sofascore
1048693,Doo H K / Su T T,doo-h-k-su-t-t,sofascore
1049171,Chen Y / Chen Y,chen-y-chen-y,sofascore
1049168,Lim J / Kim N,lim-j-kim-n,sofascore
1049170,Ionescu E / Szocs B C,ionescu-e-szocs-b-c,sofascore
1049173,Cho D / OH J,cho-d-oh-j,sofascore
1050665,Nasriddinov U.,nasriddinov-umar,sofascore
1050666,Carmona M.,carmona-matias,sofascore
1051758,AL Rashdi B.,al-rashdi-bilal,sofascore
1051483,Poret T / Hochart L,poret-t-hochart-l,sofascore
1051493,Shi X / Wang X,shi-x-wang-x,sofascore
1051494,Wegrzyn K / Wielgos Z,wegrzyn-k-wielgos-z,sofascore
1051492,Hochart L / Lutz C,hochart-l-lutz-c,sofascore
1052145,Krejcik L.,krejcik-lukas,sofascore
1052501,Abedinian M.,abedinian-milad,sofascore
1053439,Dani M / Jain P,dani-m-jain-p,sofascore
1053440,AL Ghassani G / AL Mutawa M,al-ghassani-g-al-mutawa-m,sofascore
1053441,Huang Y-C / Kuo G-H,huang-y-c-kuo-g-h,sofascore
1053442,AL Balushi M / AL Rashdi B,al-balushi-m-al-rashdi-b,sofascore
1053436,Pang K / Zeng J,pang-k-zeng-j,sofascore
1053437,Yiu K T / Ng W N,yiu-k-t-ng-w-n,sofascore
1053443,Bae H / Luu F,bae-h-luu-f,sofascore
1053438,Balazova B / Hursey A,balazova-b-hursey-a,sofascore
1055429,Zebala M.,zebala-mateusz,sofascore
1055541,Lastuvka P.,lastuvka-petr,sofascore
1055542,Szafranski J.,szafranski-jacek,sofascore
1071606,Yao Li.,li-yao,sofascore
1071931,Bares J.,bares-jaroslav,sofascore
1071932,Svorc J.,svorc-jan,sofascore
1072203,Dedek J.,dedek-jiri,sofascore
1072204,Johansson O.,johansson-ove,sofascore
1072335,Cupec D.,cupec-daniel,sofascore
1072682,Singh H.,singh-harjinder,sofascore
1072901,Psihogios C.,psihogios-constantina,sofascore
1072930,Dabek M.,dabek-michal,sofascore
1073650,Luu F / Takahashi G,luu-f-takahashi-g,sofascore
1073651,Lind A / Diaz A,lind-a-diaz-a,sofascore
1073654,Bae H / Ng W L,bae-h-ng-w-l,sofascore
1073656,Lum N / Liu Y,lum-n-liu-y,sofascore
1073655,Calderano H / Takahashi B,calderano-h-takahashi-b,sofascore
1073714,Vladimir Belobrov,belobrov-vladimir,sofascore
1073625,Wong C T / Yiu K T,wong-c-t-yiu-k-t,sofascore
1073719,Cossio Aceves A / Vega P,cossio-aceves-a-vega-p,sofascore
1073718,Liu Y / Winter S,liu-y-winter-s,sofascore
1073653,Ionescu O / Balazova B,ionescu-o-balazova-b,sofascore
1073652,Yiu K T / Nagasaki M,yiu-k-t-nagasaki-m,sofascore
1073778,Yang C.,yang-chia-an,sofascore
1073779,Chang P.,chang-ping-cheng,sofascore
1073780,Echaveguren M.,echaveguren-manuel,sofascore
1073622,Gomez G / Ly E,gomez-g-ly-e,sofascore
1073623,Kao C-J / Lin Y-J,kao-c-j-lin-y-j,sofascore
1073627,Tan N / Yang Z Y,tan-n-yang-z-y,sofascore
1073624,Bae H / Iizuka L K,bae-h-iizuka-l-k,sofascore
1073626,Afanador B / Sareen A,afanador-b-sareen-a,sofascore
1073717,Doo H K / Zhu Y,doo-h-k-zhu-y,sofascore
1073720,Ghorpade Y / Jee M,ghorpade-y-jee-m,sofascore
1073897,Raval A.,raval-abhilash,sofascore
1073891,Nurmonov T.,nurmonov-temurbek,sofascore
1073898,Nasirov A.,nasirov-azamatkhon,sofascore
1073893,Dilshodov D.,dilshodov-diyorbek,sofascore
1073894,Matniyazov A.,matniyazov-amirkhan,sofascore
1073888,Karnavar A.,karnavar-arnav,sofascore
1073900,Huang X.,huang-xunan,sofascore
1073899,Abdurashidov R.,abdurashidov-rahmatillo,sofascore
1073896,Albahrani A.,albahrani-abdullah,sofascore
1073890,Akhmedov K.,akhmedov-khurshid,sofascore
1073901,Alfarhan B.,alfarhan-bader,sofascore
1073887,Dalamal A.,dalamal-armaan,sofascore
1073629,Lin S / Wang C,lin-s-wang-c,sofascore
1073892,Dilshodov D / Matniyazov A,dilshodov-d-matniyazov-a,sofascore
1073895,Al-Hasan S / Albahrani A,al-hasan-s-albahrani-a,sofascore
1073886,Dalamal A / Karnavar A,dalamal-a-karnavar-a,sofascore
1073889,Akhmedov K / Nurmonov T,akhmedov-k-nurmonov-t,sofascore
1074434,Otalvaro E.,otalvaro-emanuel,sofascore
1074382,Essid W / Neumann J,essid-w-neumann-j,sofascore
1074383,Matniyazov A / Magdieva M,matniyazov-a-magdieva-m,sofascore
1074380,Nurmonov T / Kamalova A,nurmonov-t-kamalova-a,sofascore
1074381,Karnavar A / Kotecha T,karnavar-a-kotecha-t,sofascore
1074378,Dilshodov D / Vinogradova M,dilshodov-d-vinogradova-m,sofascore
1074379,Woo H / Kim Seon,woo-h-kim-seon,sofascore
1074373,Akhmedov K / Erkebaeva A,akhmedov-k-erkebaeva-a,sofascore
1074375,Chambet-Weil R / Men S,chambet-weil-r-men-s,sofascore
1074374,Li H M / Wong H T,li-h-m-wong-h-t,sofascore
1074376,Meissner C / Lee H M K,meissner-c-lee-h-m-k,sofascore
1074371,Kashyap S.,kashyap-stuti,sofascore
1074372,Alowairdhi K.,alowairdhi-kefayah,sofascore
448637,Alshareif K / Alsuwailem S,alshareif-k-alsuwailem-s,sofascore
1074110,Alanssari B / Gubran E A,alanssari-b-gubran-e-a,sofascore
1074112,Alfarhan B / Almkeemy A,alfarhan-b-almkeemy-a,sofascore
1074108,Raval A / Rustemovski R,raval-a-rustemovski-r,sofascore
1074109,Abdurashidov R / Nasirov A,abdurashidov-r-nasirov-a,sofascore
1074271,Hanak T.,hanak-tadeas,sofascore
1074360,Neumann J / Wong H T,neumann-j-wong-h-t,sofascore
1074355,Ghosh S / Roy K,ghosh-s-roy-k,sofascore
1074354,Khasanova A / Tojiokhunova N,khasanova-a-tojiokhunova-n,sofascore
1074359,Fan S / Wang X,fan-s-wang-x,sofascore
1074361,Erkebaeva A / Vinogradova M,erkebaeva-a-vinogradova-m,sofascore
1074364,Akasheva Z / Koshkumbayeva Z,akasheva-z-koshkumbayeva-z,sofascore
1074365,Chen Y / Zhu S,chen-y-zhu-s,sofascore
1074384,Niu G / Wang Xiaot,niu-g-wang-xiaot,sofascore
1074377,Yuan Lic / Fan Shu,yuan-lic-fan-shu,sofascore
1074358,Abdulraheem M.,abdulraheem-maryam,sofascore
1074362,Alshammari M.,alshammari-menwah,sofascore
1074363,Kamalova A.,kamalova-arujan,sofascore
1074357,Tojiokhunova N.,tojiokhunova-nasibakhon,sofascore
1074356,Khasanova A.,khasanova-adelina,sofascore
1074350,Park Gyu / Woo H,park-gyu-woo-h,sofascore
1074435,Chambet-Weil R / Essid W,chambet-weil-r-essid-w,sofascore
1074351,Chen Juns / Zeng B,chen-juns-zeng-b,sofascore
1074436,Keshavarzi A / Shams N,keshavarzi-a-shams-n,sofascore
1074781,Svoboda A.,svoboda-adam,sofascore
1074782,Trzeciak J.,trzeciak-jacek,sofascore
1075379,Wang L.,wang-lisa,sofascore
1075472,Itagaki K.,itagaki-koharu,sofascore
1075370,Kim Dae / Lee D,kim-dae-lee-d,sofascore
1075378,Cho S / Yoo S,cho-s-yoo-s,sofascore
1075372,Tauler N / Riera J,tauler-n-riera-j,sofascore
1075371,Naranjo A / Badawy F,naranjo-a-badawy-f,sofascore
1075373,Chang Y-A / Tsai Y-E,chang-y-a-tsai-y-e,sofascore
1075377,Valuch A / Jokic T,valuch-a-jokic-t,sofascore
1075375,Lillo D / Munne M,lillo-d-munne-m,sofascore
1075376,Zalewski M / Wegrzyn K,zalewski-m-wegrzyn-k,sofascore
445514,Munne M.,munne-mariona,sofascore
1075374,Tsai Y.,tsai-yun-en,sofascore
1075680,Huang Yo / Chen Y,huang-yo-chen-y,sofascore
1075681,Woo H / Kim S,woo-h-kim-s,sofascore
1075684,Kim Wo / Choi Ha,kim-wo-choi-ha,sofascore
1075682,Yuan L / Qin Y,yuan-l-qin-y,sofascore
1075683,Chen J / Chen Y,chen-j-chen-y,sofascore
1075685,Li H M / Naranjo A,li-h-m-naranjo-a,sofascore
1075686,de Las Heras R / Lillo D,de-las-heras-r-lillo-d,sofascore
1075678,Kulczycki S / Zalewski M,kulczycki-s-zalewski-m,sofascore
1075679,Valuch A / Yilmaz T,valuch-a-yilmaz-t,sofascore
1075689,Berben B / van Oost K,berben-b-van-oost-k,sofascore
1075691,Jang S / Park Ga,jang-s-park-ga,sofascore
1075688,Bertelsmeier A / Ullmann L,bertelsmeier-a-ullmann-l,sofascore
1075690,Chang Y-C / Lin Y-A,chang-y-c-lin-y-a,sofascore
1075687,Ho J / Kim T,ho-j-kim-t,sofascore
1075380,Cordero L / Wong H T,cordero-l-wong-h-t,sofascore
1075383,Riera J / Takahashi G,riera-j-takahashi-g,sofascore
1075381,Huang Y-H / Huang Y-J,huang-y-h-huang-y-j,sofascore
1075382,Griesel M / Morsch L,griesel-m-morsch-l,sofascore
1075384,Mischek K / Pavlovic A,mischek-k-pavlovic-a,sofascore
1075385,Rad E F / Strassburger V,rad-e-f-strassburger-v,sofascore
1075692,Choi Ha / Yoo S,choi-ha-yoo-s,sofascore
1075693,Chen Yi / Han F,chen-yi-han-f,sofascore
516655,Redzimski T.,redzimski-tomasz,sofascore
1076110,David Ye.,ye-david,sofascore
1076174,Cenovsky D.,cenovsky-david,sofascore
1076175,Kos K.,kos-kamil,sofascore
1076449,Kim M / Kim Seon,kim-m-kim-seon,sofascore
1076702,Hung J / Li Y,hung-j-li-y,sofascore
1076700,Sun W / Wang X,sun-w-wang-x,sofascore
1076703,Tovar Giraldo J A / Ferrer D,tovar-giraldo-j-a-ferrer-d,sofascore
1076706,Kurmambayev S / Zakharov V,kurmambayev-s-zakharov-v,sofascore
1076704,Meissner C / Muramatsu Y,meissner-c-muramatsu-y,sofascore
1076705,Ahmadian A / Shams N,ahmadian-a-shams-n,sofascore
1076707,Bhattacharjee A.,bhattacharjee-ankur,sofascore
1077006,Kahraman K.,kahraman-kenan,sofascore
1076701,Jang S / Park Gah,jang-s-park-gah,sofascore
1077009,Zakharov V / Koshkumbayeva Z,zakharov-v-koshkumbayeva-z,sofascore
1076870,Vondra P.,vondra-pavel,sofascore
1077011,Hribar P / Levajac D,hribar-p-levajac-d,sofascore
1077010,Kahraman K / Ocal G,kahraman-k-ocal-g,sofascore
1077007,Melendez K / Rodriguez A,melendez-k-rodriguez-a,sofascore
1077008,Idesawa K / Ojio Y,idesawa-k-ojio-y,sofascore
1077161,Hamza H.,hamza-hajji,sofascore
1076257,Freund T.,freund-timo,sofascore
1077291,Kadlec D.,kadlec-daniel,sofascore
1077470,Golis R.,golis-radek,sofascore
1077530,Kim S.,kim-spencer,sofascore
1077741,Kolbusovsky M.,kolbusovsky-michal,sofascore
1077545,Mizutani Y.,mizutani-yuma,sofascore
1077546,Yamashita K.,yamashita-kaito,sofascore
1077547,Chang C.,chang-chia-hao,sofascore
1077925,Toming J.,toming-jan-kenneth,sofascore
1078645,Sagor K.,sagor-kalvi,sofascore
1078781,Lam T.,lam-tien-tiep,sofascore
1078836,Pradel Kevin,pradel-kevin,sofascore
1078695,Tada K.,tada-keisuke,sofascore
1078943,Rahman S.,rahman-shahin,sofascore
1078696,Tsubasa W.,tsubasa-wakatuki,sofascore
1078697,Calderon A.,calderon-andre,sofascore
1079431,Tlusty M.,tlusty-milan,sofascore
1079723,Baranski F.,baranski-filip,sofascore
1079724,Sochor D.,sochor-david,sofascore
1080418,Martin Z.,martin-zajicek,sofascore
1080942,Alvin C.,alvin-chen,sofascore
1080960,Zoha L.,zoha-libor,sofascore
1081202,Wnek S.,wnek-stanislaw,sofascore
1081643,Drygas J.,drygas-jakub,sofascore
1081581,Vila R.,vila-ramon,sofascore
1081996,Cutillas H.,cutillas-hugo,sofascore
1082197,Liang T.,liang-ting-wei,sofascore
1082198,Peng J.,peng-jing-you,sofascore
1082570,Ban E / Kim S,ban-e-kim-s,sofascore
1082574,Cheng P / Tsai Y-E,cheng-p-tsai-y-e,sofascore
1082575,Tan Z Y / Zhang W,tan-z-y-zhang-w,sofascore
1082582,Scholz V / Yovkova M,scholz-v-yovkova-m,sofascore
1082576,Coll S / Rodriguez A,coll-s-rodriguez-a,sofascore
1082566,Back D.,back-donghoon,sofascore
1082573,Tokuda K.,tokuda-kanta,sofascore
1082569,Ursut H.,ursut-horia-stefan,sofascore
1082571,Valenet E.,valenet-edouard-imperial,sofascore
1082580,Stoffregen M.,stoffregen-mille-lyngsoe,sofascore
1082565,Lee S.,lee-seungmi,sofascore
1082568,Omoda K.,omoda-kotomi,sofascore
1082567,Clement E.,clement-emma-vendelbo,sofascore
1082507,Solaiyan K.,solaiyan-karthikeyan,sofascore
1082508,Ghosh R.,ghosh-rudra,sofascore
1082509,Vijay A.,vijay-abinay,sofascore
1082511,Senthil M.,senthil-mehan,sofascore
1082510,Mehta J.,mehta-jaynil,sofascore
1082512,Singh H.,singh-harkunwar,sofascore
1082513,Pendse T.,pendse-tanish,sofascore
1082525,Ali M.,ali-mohammed,sofascore
1082526,Mishra S.,mishra-sarth,sofascore
1082527,Sivam S.,sivam-sriram,sofascore
1082528,Bhattacharyya P.,bhattacharyya-priyanuj,sofascore
1082530,Gohain A.,gohain-agniv,sofascore
1082514,Dey S.,dey-srijanee,sofascore
1082515,Nagarajan T.,nagarajan-thanuja,sofascore
1082516,Muralidharan A.,muralidharan-ananya,sofascore
1082517,Rony M.,rony-maria,sofascore
1082518,Lakshman J.,lakshman-jiyah,sofascore
1082541,Varanasi G.,varanasi-guna,sofascore
1082538,Banu N.,banu-nikhat,sofascore
1082539,Chande A.,chande-ananya,sofascore
1082540,Rewaskar N.,rewaskar-naisha,sofascore
1082542,Joardar O.,joardar-oishiki,sofascore
1082506,Jablonski K.,jablonski-karol,sofascore
1082597,Closset T / Massart A,closset-t-massart-a,sofascore
1082601,Hong Yu T / Ng W S D,hong-yu-t-ng-w-s-d,sofascore
1082598,Friis M / Valenet E I,friis-m-valenet-e-i,sofascore
1082600,Giardi F / Ragni L,giardi-f-ragni-l,sofascore
1082596,Pantoja M / Tauler N,pantoja-m-tauler-n,sofascore
1082599,Mladenovic L / Vilardell A,mladenovic-l-vilardell-a,sofascore
1082593,Choi I / Jeong Y,choi-i-jeong-y,sofascore
1082594,Back D / Gwon Y,back-d-gwon-y,sofascore
1082577,Gerasimatou I / Hansson M,gerasimatou-i-hansson-m,sofascore
1082585,Gwon Y.,gwon-yonghae,sofascore
1082572,Ban E.,ban-eunjung,sofascore
1082590,Lim J.,lim-jing-shuen,sofascore
1082588,Gao F.,gao-fan-ti,sofascore
1082579,Andersen M B / Stoffregen M L,andersen-m-b-stoffregen-m-l,sofascore
1082583,Gwon Y / Choi S,gwon-y-choi-s,sofascore
1082586,Chua J S H / Tan Z Y,chua-j-s-h-tan-z-y,sofascore
1082595,Samuolis D / Clement E V,samuolis-d-clement-e-v,sofascore
1082578,Tan N / Loy M Y,tan-n-loy-m-y,sofascore
1082581,Jeong Y / Kim H,jeong-y-kim-h,sofascore
1082591,Hong Yu T / Lim J S,hong-yu-t-lim-j-s,sofascore
1082592,Vallino F / Carnovale M,vallino-f-carnovale-m,sofascore
1082587,Lin Y-C / Tsai Y-E,lin-y-c-tsai-y-e,sofascore
1082589,Li H M / Ban E,li-h-m-ban-e,sofascore
1082584,Matsuyama Y / Omoda K,matsuyama-y-omoda-k,sofascore
1082529,Joushi S.,joushi-shridhar,sofascore
1082531,Theegireddi P.,theegireddi-prabhath,sofascore
1082532,Kumar P.,kumar-pankaj,sofascore
1082534,Gupta A.,gupta-arjav,sofascore
1082533,Bryan N.,bryan-nigel,sofascore
1082543,Baskar K.,baskar-kavya-sree,sofascore
1082544,Saha N.,saha-nandini,sofascore
1082545,Sen A.,sen-alolika,sofascore
1082546,Calange H.,calange-harsha,sofascore
1082547,Tripathi A.,tripathi-avani,sofascore
1082548,Kumari N.,kumari-neha,sofascore
1082560,Bhowmick D.,bhowmick-divyanshi,sofascore
1082551,Patil M.,patil-manushree,sofascore
1082549,Bhatt K.,bhatt-kavya,sofascore
1082550,Chodankar A.,chodankar-aditi,sofascore
1082651,Das S.,das-syndrela,sofascore
1082552,Mathan H.,mathan-hansini,sofascore
1082553,Dsouza S.,dsouza-senhora,sofascore
1082535,Bae H / Coton F,bae-h-coton-f,sofascore
1082536,Pradhivadhi A / Suresh Raj P,pradhivadhi-a-suresh-raj-p,sofascore
1082537,Dalamal A / Pendse T,dalamal-a-pendse-t,sofascore
1082555,Ghosh A / Mishra S,ghosh-a-mishra-s,sofascore
1082556,Gupta A / Joushi S,gupta-a-joushi-s,sofascore
1082554,Bhattacharjee A / Jain P,bhattacharjee-a-jain-p,sofascore
1082558,Mani N / Goel R,mani-n-goel-r,sofascore
1082559,Bhowmick D / Varghese J,bhowmick-d-varghese-j,sofascore
1082557,Selvakumar S / Sivasankar Y,selvakumar-s-sivasankar-y,sofascore
1082563,Mishra S / Wani S R,mishra-s-wani-s-r,sofascore
1082564,Jain P / Saini S,jain-p-saini-s,sofascore
1082562,Bhattacharjee A / Mukherjee A,bhattacharjee-a-mukherjee-a,sofascore
1082561,Luu F / Jee M,luu-f-jee-m,sofascore
1082849,Chua J S H / Tan N,chua-j-s-h-tan-n,sofascore
1082848,Hamada K / Tokuda K,hamada-k-tokuda-k,sofascore
1083006,Liang J / Pistej L,liang-j-pistej-l,sofascore
1083008,Andersen M B / Shams N,andersen-m-b-shams-n,sofascore
1083009,Birriel O / Naranjo A,birriel-o-naranjo-a,sofascore
1083007,Hung J-K / Lin Y-C,hung-j-k-lin-y-c,sofascore
1083005,Ban I / Kolodziejczyk M,ban-i-kolodziejczyk-m,sofascore
1082999,Cho S / Choi H,cho-s-choi-h,sofascore
1083001,Hung J-K / Huang Y-C,hung-j-k-huang-y-c,sofascore
1083002,Birriel O / Kim S,birriel-o-kim-s,sofascore
1083004,Pang K / Ser L Q,pang-k-ser-l-q,sofascore
1083003,Kozul D / Tokic S,kozul-d-tokic-s,sofascore
1083000,Godec A / Opeka L,godec-a-opeka-l,sofascore
1082961,Dorr E / Poret T,dorr-e-poret-t,sofascore
1082962,Das S / Saini S,das-s-saini-s,sofascore
1082964,Joo C / Nagasaki M,joo-c-nagasaki-m,sofascore
1082963,Akula S / Ghosh S,akula-s-ghosh-s,sofascore
1082959,Bae H / Balazova B,bae-h-balazova-b,sofascore
1082960,Lum N / Zeng J,lum-n-zeng-j,sofascore
1082199,Cabanel S.,cabanel-samuel,sofascore
1083010,Burgos B / Soo W Y M,burgos-b-soo-w-y-m,sofascore
1083013,Choi S / Kim S,choi-s-kim-s,sofascore
1083011,Arapovic H / Singeorzan I,arapovic-h-singeorzan-i,sofascore
1083012,Cossio Aceves A / Guo Zheng N,cossio-aceves-a-guo-zheng-n,sofascore
1082965,Kim N / Lee E,kim-n-lee-e,sofascore
1082966,Balazova B / Jee M,balazova-b-jee-m,sofascore
1082998,Dobias L.,dobias-ladislav,sofascore
1083091,Bugajski M.,bugajski-maciej,sofascore
1083253,Merono M.,merono-marcos,sofascore
1083383,Yang H.,yang-hao-jen,sofascore
1083386,Liu R.,liu-ru-yun,sofascore
1083404,Senaga Shiray K A / Strassburger V,senaga-shiray-k-a-strassburger-v,sofascore
1083401,Burgos B / Scholz V,burgos-b-scholz-v,sofascore
1083405,Sasao A / Uesawa A,sasao-a-uesawa-a,sofascore
1083402,Kim S / Soo W Y M,kim-s-soo-w-y-m,sofascore
1083403,Akae K / Takeya M,akae-k-takeya-m,sofascore
1083400,Mamay A.,mamay-abdulla,sofascore
1083390,Floro D.,floro-damian,sofascore
1083388,Anand S.,anand-shriya,sofascore
1083387,Floro D / Goldir J,floro-d-goldir-j,sofascore
1083394,Andersen M B / Samuolis D,andersen-m-b-samuolis-d,sofascore
1083392,Lei B / Szantosi D,lei-b-szantosi-d,sofascore
1083393,Bourrassaud F / Doyen A,bourrassaud-f-doyen-a,sofascore
1083391,Li H M / Varga B Z,li-h-m-varga-b-z,sofascore
1083389,Deschamps H / Fruchart B,deschamps-h-fruchart-b,sofascore
1083396,Andersen M B / Scholz V,andersen-m-b-scholz-v,sofascore
1083397,Lee S / Kim S,lee-s-kim-s,sofascore
1083398,Floro D / Kukulkova T,floro-d-kukulkova-t,sofascore
1083395,Bhattacharjee A / Das S,bhattacharjee-a-das-s,sofascore
1083686,Zafostnik G.,zafostnik-gregor,sofascore
1083479,Hung J-K / Yang H-J,hung-j-k-yang-h-j,sofascore
1083684,Chua J S H / Quek I,chua-j-s-h-quek-i,sofascore
1083685,Afanador B / Gomez G,afanador-b-gomez-g,sofascore
1083682,Birriel O / Watanabe L,birriel-o-watanabe-l,sofascore
1083683,Afanador B / Strassburger V,afanador-b-strassburger-v,sofascore
1083680,Jang S / Lee D,jang-s-lee-d,sofascore
1083681,Li H M / Takahashi G,li-h-m-takahashi-g,sofascore
1083480,Mecik Z.,mecik-zbigniew,sofascore
1083979,Franc P.,franc-petr,sofascore
1083981,Kokosa P.,kokosa-pawel,sofascore
1083982,Przewlocki P.,przewlocki-piotr,sofascore
1083980,Kapras K.,kapras-karel,sofascore
1084093,Stk Novi,stk-novi,sofascore
1084090,Ttc Zeleznicar,ttc-zeleznicar,sofascore
1084091,Gstk Zagreb,gstk-zagreb,sofascore
1084092,MSK Cadca,msk-cadca,sofascore
1084096,Josip Kolumbo,josip-kolumbo,sofascore
1084098,Meerdaal Leuven,meerdaal-leuven,sofascore
1084099,Asvo Ttc Olympic Wien,asvo-ttc-olympic-wien,sofascore
1084097,Mittc,mittc,sofascore
1084365,Asd Tennistavolo Sassari,asd-tennistavolo-sassari,sofascore
1084095,Ctt Olot,ctt-olot,sofascore
1084094,Baltais La,baltais-la,sofascore
1084100,Uttc Stockerau,uttc-stockerau,sofascore
1084366,Taltech Sport Club,taltech-sport-club,sofascore
1084402,Aso R.,aso-reina,sofascore
1084384,Sanchez S.,sanchez-sebastian,sofascore
1084387,Petukh N.,petukh-nazar,sofascore
1084390,Moravek J.,moravek-jindrich,sofascore
1084392,Gilles S.,gilles-sohan,sofascore
1084389,Fornari C.,fornari-carlo,sofascore
1084385,Hoshko N.,hoshko-nikita,sofascore
1084386,Betelu R.,betelu-remi,sofascore
1084388,Dutta R.,dutta-riyan,sofascore
1084411,Kolasa S / Wielgos Z,kolasa-s-wielgos-z,sofascore
1084413,Muramatsu Y / Sato H,muramatsu-y-sato-h,sofascore
1084410,Pradhivadhi A / Mani N,pradhivadhi-a-mani-n,sofascore
1084409,Zelinka J / Wiltschkova D,zelinka-j-wiltschkova-d,sofascore
1084412,Castillo Arocha C A / Gomez Olivera C,castillo-arocha-c-a-gomez-olivera-c,sofascore
1084414,Su Y-L / Liu R-Y,su-y-l-liu-r-y,sofascore
1084418,Gawlas M / Brzyska A,gawlas-m-brzyska-a,sofascore
1084416,Medina Blanco R J / Gonzalez R,medina-blanco-r-j-gonzalez-r,sofascore
1084415,Klajber A / Illasova A,klajber-a-illasova-a,sofascore
1084417,Sakai Y / Omoda K,sakai-y-omoda-k,sofascore
1084420,Jablonski F.,jablonski-filip,sofascore
1084391,Yuan G.,yuan-gavin,sofascore
1084393,Uzialo E.,uzialo-ervinas,sofascore
1084394,Rehotun O.,rehotun-oleh,sofascore
1084404,Akae K / Aso R,akae-k-aso-r,sofascore
1084405,Grofova K / Klempererova A,grofova-k-klempererova-a,sofascore
1084403,Idesawa K / Omoda K,idesawa-k-omoda-k,sofascore
1084408,Blaskova Z / Hrabicova K,blaskova-z-hrabicova-k,sofascore
1084406,Li Ying I / Lim J S,li-ying-i-lim-j-s,sofascore
1084407,Bakhyt A / Gomez Olivera C,bakhyt-a-gomez-olivera-c,sofascore
1084400,Cok I / Toftaker M,cok-i-toftaker-m,sofascore
1084401,Huang Y / Tsai Y,huang-y-tsai-y,sofascore
1084419,Bartosz B.,bartosz-bilski,sofascore
1084520,Mirkadirova S / Safaei S,mirkadirova-s-safaei-s,sofascore
1084467,Dziuba P / Kolasa S,dziuba-p-kolasa-s,sofascore
1084468,Gawlas M / Michna D,gawlas-m-michna-d,sofascore
1084463,Guete D / Sanchez S,guete-d-sanchez-s,sofascore
1084464,Kenzhigulov D / Mamay A,kenzhigulov-d-mamay-a,sofascore
1084465,Kadlec V / Moravek R,kadlec-v-moravek-r,sofascore
1084466,Martinko T / Stalzer A,martinko-t-stalzer-a,sofascore
1084607,Arpas S / Klajber A,arpas-s-klajber-a,sofascore
1084609,Castillo Arocha C A / Medina Blanco R J,castillo-arocha-c-a-medina-blanco-r-j,sofascore
1084606,Abbasi A / Kim T,abbasi-a-kim-t,sofascore
1084608,Kaucky J / Sip M,kaucky-j-sip-m,sofascore
1084522,Polak O.,polak-ondrej,sofascore
1084604,Hanak J.,hanak-jiri,sofascore
1084605,Jadam D.,jadam-dawid,sofascore
1084503,Jiang J.,jiang-jhong-heng,sofascore
1084840,Bae W.,bae-won,sofascore
1084842,Yan Y.,yan-yutong,sofascore
1084841,Ito Y.,ito-yuan,sofascore
1084610,Schreiner F / Wan Y,schreiner-f-wan-y,sofascore
1085283,Matsushima S / Yoshimura K,matsushima-s-yoshimura-k,sofascore
1085294,Chen Y / Xue F,chen-y-xue-f,sofascore
1085296,Hamada K / Oikawa M,hamada-k-oikawa-m,sofascore
1085285,Yuan L / Zhou Q,yuan-l-zhou-q,sofascore
1085287,Park Gan / Park Gyu,park-gan-park-gyu,sofascore
1085293,Park Gan / Yoo S,park-gan-yoo-s,sofascore
1085297,Park Gyu / Park Ga,park-gyu-park-ga,sofascore
1085282,Yuan L / Chen Y,yuan-l-chen-y,sofascore
1085295,An J / Ryu H,an-j-ryu-h,sofascore
1085290,Chen Y / Yan Y,chen-y-yan-y,sofascore
1085281,Ser L Q / Zeng J,ser-l-q-zeng-j,sofascore
1085284,Liu W / Shi X,liu-w-shi-x,sofascore
1085289,Kim H / Yang H E,kim-h-yang-h-e,sofascore
1085291,Fan S / Yan Y,fan-s-yan-y,sofascore
1085576,Machelski M.,machelski-michal,sofascore
1085288,Quan K / Wen R,quan-k-wen-r,sofascore
1085286,Lee E / Park G,lee-e-park-g,sofascore
1085292,Ito Y / Yoo S,ito-y-yoo-s,sofascore
1085904,Mikuska A.,mikuska-alexander,sofascore
1086282,Jose R.,jose-reche,sofascore
1086403,Seak H.,seak-hui-li,sofascore
1086404,Giret M.,giret-maylis,sofascore
1086361,Nabarro J.,nabarro-joel,sofascore
1086411,Chan C.,chan-chi-in,sofascore
1086410,Chunli Li.,li-chunli,sofascore
1086924,Forsberg H.,forsberg-henric,sofascore
1087835,Essid A.,essid-amir,sofascore
1087839,Zhao W.,zhao-wangqi,sofascore
1087840,Yao R.,yao-ruixuan,sofascore
1087841,Zhu Q.,zhu-qihui,sofascore
1087843,Saidi E.,saidi-ela,sofascore
1087842,Brahimi M.,brahimi-mariam,sofascore
1087844,Brahimi N.,brahimi-nour,sofascore
1087846,Vega S.,vega-sofia,sofascore
1087837,Sun L.,sun-long,sofascore
1087836,Zhonggui He.,he-zhonggui,sofascore
1087838,Zhai J.,zhai-jiale,sofascore
1087834,Wang J.,wang-jixuan,sofascore
1087845,Hamrouni M.,hamrouni-mariem,sofascore
1087847,Liu Z.,liu-ziling,sofascore
1087961,Li H / Wu Y,li-h-wu-y,sofascore
1087964,Huang X / Sun L,huang-x-sun-l,sofascore
1087958,He Z / Sun Y,he-z-sun-y,sofascore
1087959,Oikawa M / Sakai Y,oikawa-m-sakai-y,sofascore
1087962,Wang J / Zhai J,wang-j-zhai-j,sofascore
1087960,Bouhjar S / Suissi B,bouhjar-s-suissi-b,sofascore
1087952,Rios V / Vega S,rios-v-vega-s,sofascore
1087954,Yan Y / Yao R,yan-y-yao-r,sofascore
1087953,Saidi E / Zoghlami M,saidi-e-zoghlami-m,sofascore
1087955,Brahimi M / Brahimi N,brahimi-m-brahimi-n,sofascore
1087956,Liu Z / Zhao W,liu-z-zhao-w,sofascore
1088426,Huynh J.,huynh-jade-quynh-tien,sofascore
1088425,Jetha S.,jetha-sienna,sofascore
1088421,Ismail L.,ismail-laisa,sofascore
1088429,Aoi S.,aoi-sakura,sofascore
1088424,Bled G.,bled-gaetane,sofascore
1087963,Yifei Wu.,wu-yifei,sofascore
1087957,Chambet-Weil R / Vega S,chambet-weil-r-vega-s,sofascore
1087950,Li H / Yao R,li-h-yao-r,sofascore
1087951,Zhai J / Yang H,zhai-j-yang-h,sofascore
1088474,Sun Y / Hu Y,sun-y-hu-y,sofascore
1087965,Huang X / Ding Y,huang-x-ding-y,sofascore
1088654,Bhattacharjee A / Kotecha T,bhattacharjee-a-kotecha-t,sofascore
1088653,Essid W / Goda H,essid-w-goda-h,sofascore
1088428,Sellado A.,sellado-abraham,sofascore
1088427,Pashley E.,pashley-ella,sofascore
291896,Wong J.,wong-jasmin,sofascore
1088663,Dani M / Mukherjee A,dani-m-mukherjee-a,sofascore
1088664,Movileanu D / Massart L,movileanu-d-massart-l,sofascore
477225,Ahmed M M / Nazim A R,ahmed-m-m-nazim-a-r,sofascore
1088667,Sellado A / Yu T,sellado-a-yu-t,sofascore
1088665,Meissner C / Neumann J,meissner-c-neumann-j,sofascore
1088666,Yokotani J / Okada K,yokotani-j-okada-k,sofascore
1088420,Ismail L / Nazim A,ismail-l-nazim-a,sofascore
1088422,Bled G / Huynh J Q-T,bled-g-huynh-j-q-t,sofascore
1088423,Jetha S / Pashley E,jetha-s-pashley-e,sofascore
1088660,Gomez G / Naranjo A,gomez-g-naranjo-a,sofascore
1088661,Bertelsmeier A / Duda B,bertelsmeier-a-duda-b,sofascore
1088662,Kim T / Mati T,kim-t-mati-t,sofascore
1088658,Bhattacharjee A / Suravajjula S,bhattacharjee-a-suravajjula-s,sofascore
1088659,Pistej L / Sareen A,pistej-l-sareen-a,sofascore
1088657,Altinkaya S / Harac E,altinkaya-s-harac-e,sofascore
1088655,Akula S / Mukherjee S,akula-s-mukherjee-s,sofascore
1088656,Yang H / Zhu Q,yang-h-zhu-q,sofascore
1088671,Baldwin M / Wong J,baldwin-m-wong-j,sofascore
1088670,Arguelles C / Chung R,arguelles-c-chung-r,sofascore
1088669,Sinha Roy K / Wani S R,sinha-roy-k-wani-s-r,sofascore
1088668,Guo Zheng N / Pujol E,guo-zheng-n-pujol-e,sofascore
1088673,Massart L / Wielgos Z,massart-l-wielgos-z,sofascore
1088674,Cossio Aceves A / Scholz V,cossio-aceves-a-scholz-v,sofascore
1088672,Meshref D / Zeng J,meshref-d-zeng-j,sofascore
1088677,Baggaley A / Hribar P,baggaley-a-hribar-p,sofascore
1088678,Berzosa D / Pantoja M,berzosa-d-pantoja-m,sofascore
1088679,Besnier C / Deschamps H,besnier-c-deschamps-h,sofascore
1088675,Franco C / Vilardell A,franco-c-vilardell-a,sofascore
1088681,Green C / Pitchford L,green-c-pitchford-l,sofascore
1088680,Kazeem M / Solanke A,kazeem-m-solanke-a,sofascore
1088676,Chua J S H / Luu F,chua-j-s-h-luu-f,sofascore
1088682,Knight T / Riley T,knight-t-riley-t,sofascore
1088904,Chilson W.,chilson-wynn,sofascore
1089157,Vintr J.,vintr-josef,sofascore
1089666,Sosis E.,sosis-eliel,sofascore
1089696,Robben B.,robben-bennet,sofascore
1089683,Pisarczyk T.,pisarczyk-tomasz,sofascore
1089684,Pytlas W.,pytlas-wojciech,sofascore
1089993,Petr Sebera,sebera-petr,sofascore
1090021,Golonka F.,golonka-filip,sofascore
1090508,Hetnar K.,hetnar-krzysztof,sofascore
1090684,Tuma M.,tuma-martin,sofascore
1090819,Kucharski M.,kucharski-mateusz,sofascore
1091121,William B.,william-bai,sofascore
1090818,Pokorny A.,pokorny-adam,sofascore
1091589,Walter K.,walter-karl,sofascore
1092919,Schneeberger A.,schneeberger-antonin,sofascore
1092625,Pawlik C.,pawlik-cezary,sofascore
1092156,Dufera D.,dufera-darara-mokonen,sofascore
1092159,Gear L.,gear-lisa,sofascore
1092432,Kuo G-H / Lin Y-C,kuo-g-h-lin-y-c,sofascore
1092493,Choi T / Shu D,choi-t-shu-d,sofascore
1092494,Bouloussa M / Jellouli M,bouloussa-m-jellouli-m,sofascore
1092435,Mino A / Piguave D,mino-a-piguave-d,sofascore
1092466,Kuo G-H / Huang Y-H,kuo-g-h-huang-y-h,sofascore
1093079,Lum N / Liao I,lum-n-liao-i,sofascore
1092450,Ly E / Chan N,ly-e-chan-n,sofascore
1092457,Omotayo O / Ayoola K,omotayo-o-ayoola-k,sofascore
1092460,Helmy M / Fathy H,helmy-m-fathy-h,sofascore
1092468,Albino I / Tavares R,albino-i-tavares-r,sofascore
1092491,Raharimanana H / Rakotondrazaka R,raharimanana-h-rakotondrazaka-r,sofascore
1092487,Patel D / Sonday R,patel-d-sonday-r,sofascore
1092488,Fathy H / Goda H,fathy-h-goda-h,sofascore
1092482,Dejene Y N / Ftwi F R,dejene-y-n-ftwi-f-r,sofascore
1092489,Kaufmann A / Shan X,kaufmann-a-shan-x,sofascore
1092920,Skrla J.,skrla-jiri,sofascore
1092162,Pak S.,pak-su-gyong,sofascore
1092161,Sonday R.,sonday-rochica,sofascore
1092160,Zavaleta L.,zavaleta-lucia,sofascore
1092163,Raharimanana H.,raharimanana-hanitra,sofascore
556073,Kim Kum-yong,kim-kum-yong,sofascore
1092444,Ghallab A / Helmy M,ghallab-a-helmy-m,sofascore
1092440,Ly E / Martin S,ly-e-martin-s,sofascore
1092441,Huang Y / Liang J,huang-y-liang-j,sofascore
1092430,Oyebode J M / Rossi C,oyebode-j-m-rossi-c,sofascore
1092445,Carrillo S / Moscoso H,carrillo-s-moscoso-h,sofascore
1092428,Abdulfatai A / Adegoke M O,abdulfatai-a-adegoke-m-o,sofascore
1093126,Berzosa D / Perez J,berzosa-d-perez-j,sofascore
1092439,Kuti M / Omotayo O,kuti-m-omotayo-o,sofascore
1093125,Kulczycki S / Redzimski M,kulczycki-s-redzimski-m,sofascore
1092436,Bae H / Sareen A,bae-h-sareen-a,sofascore
1092434,Banda C / Hamalambo C,banda-c-hamalambo-c,sofascore
1092443,Rakotoarimanana F / Raharimanana H,rakotoarimanana-f-raharimanana-h,sofascore
1092464,Choi T / Gear L,choi-t-gear-l,sofascore
1092455,Jellouli M / Kessaci A,jellouli-m-kessaci-a,sofascore
1092459,Korani A / Ali M,korani-a-ali-m,sofascore
1092449,Kuti M / Ojomu A,kuti-m-ojomu-a,sofascore
1092465,Naresh N / Moyland S,naresh-n-moyland-s,sofascore
1092454,Sanchi F / Codina A,sanchi-f-codina-a,sofascore
1092448,Bae H / Psihogios C,bae-h-psihogios-c,sofascore
1092463,Madrid M / Barcenas C,madrid-m-barcenas-c,sofascore
1092451,Bouloussa M / Nasri M,bouloussa-m-nasri-m,sofascore
1092474,Nakawala J / Nangonzi J,nakawala-j-nangonzi-j,sofascore
1092479,Gulti M / Kinfu F T,gulti-m-kinfu-f-t,sofascore
1092476,Moyland S / Reyes Lai J,moyland-s-reyes-lai-j,sofascore
1092471,Gear L / Lam J,gear-l-lam-j,sofascore
1092477,Kunda M / Nalavwe L,kunda-m-nalavwe-l,sofascore
1092486,Huang Y-H / Tsai Y-E,huang-y-h-tsai-y-e,sofascore
1092495,Sawettabut J / Vijitviriyagul K,sawettabut-j-vijitviriyagul-k,sofascore
1092496,Cha S Y / Pak S G,cha-s-y-pak-s-g,sofascore
1092164,Nangonzi J.,nangonzi-judith,sofascore
1092429,Dey J / Morisseau J,dey-j-morisseau-j,sofascore
323352,Chirita I / Ionescu E,chirita-i-ionescu-e,sofascore
1092433,Kwan M H / Yiu K T,kwan-m-h-yiu-k-t,sofascore
1092461,Preechayan T / Vijitviriyagul K,preechayan-t-vijitviriyagul-k,sofascore
1092452,Berzosa D / Matiunina V,berzosa-d-matiunina-v,sofascore
1092456,Ham Y S / Pyon S G,ham-y-s-pyon-s-g,sofascore
1092447,Ionescu O / Samara E,ionescu-o-samara-e,sofascore
1092453,OH Ju / Kim N,oh-ju-kim-n,sofascore
1092458,Shu D / Lam J,shu-d-lam-j,sofascore
1092442,Perez A / Crespo E,perez-a-crespo-e,sofascore
1092467,Bello F / Udoaka H,bello-f-udoaka-h,sofascore
1092490,Bouhenni Y / Nasri M,bouhenni-y-nasri-m,sofascore
1092472,Psihogios C / Wu J,psihogios-c-wu-j,sofascore
1092473,Ayoola K / Ojomu A,ayoola-k-ojomu-a,sofascore
1093250,Majdak R.,majdak-rafal,sofascore
1093860,Slosarczyk P.,slosarczyk-pawel,sofascore
1094501,Klag W.,klag-wiktor,sofascore
1094673,Srba J.,srba-jan,sofascore
1095572,Lebek M.,lebek-marian,sofascore
1095771,Oliver Vincenec,vincenec-oliver,sofascore
1096572,Cernik J.,cernik-jan,sofascore
923930,Kostadinov D.,kostadinov-david,sofascore
1096596,Yoshiyama K.,yoshiyama-kazuki,sofascore
1096597,Domaniku E.,domaniku-enes,sofascore
1096594,Kawakami R.,kawakami-ryuusei,sofascore
1096598,Buddhadasa R.,buddhadasa-rivindu,sofascore
1096592,Mahmuti K / Osmani L,mahmuti-k-osmani-l,sofascore
1096593,Kawakami R / Takeya M,kawakami-r-takeya-m,sofascore
1096595,Karabaxhak F / Imeri L,karabaxhak-f-imeri-l,sofascore
1096267,Baca J.,baca-jaroslav,sofascore
1096590,Tkocz M.,tkocz-marek,sofascore
1096599,Peng Y.,peng-yu-han,sofascore
1096601,Hashani S / Imeri L,hashani-s-imeri-l,sofascore
1096603,Das S / Patel H C,das-s-patel-h-c,sofascore
1096600,Mehmeti A / Osmani L,mehmeti-a-osmani-l,sofascore
1096602,Gerasimatou I / Yovkova M,gerasimatou-i-yovkova-m,sofascore
1096604,Peng Y-H / Rodriguez A,peng-y-h-rodriguez-a,sofascore
1096643,Hajdari B / Kurtulus M,hajdari-b-kurtulus-m,sofascore
1096645,Moravek R / Valenta J,moravek-r-valenta-j,sofascore
1096642,Liao C-T / MA J,liao-c-t-ma-j,sofascore
1096991,Buddhadasa R / Buddhadasa H S,buddhadasa-r-buddhadasa-h-s,sofascore
1096987,Hajdari B / Hashani S,hajdari-b-hashani-s,sofascore
1096988,Kurtulus M / Mehmeti A,kurtulus-m-mehmeti-a,sofascore
1096989,Hencl I / Wu J-E,hencl-i-wu-j-e,sofascore
385603,Konstantinopoulos G / Terpou E,konstantinopoulos-g-terpou-e,sofascore
1097077,Juzek S.,juzek-sebastian,sofascore
1096992,Buddhadasa H.,buddhadasa-hasali-sanaya,sofascore
1097220,Asada M.,asada-mana,sofascore
1097012,Ying Syuan Wu.,wu-ying-syuan,sofascore
1096990,Jia-En Wu.,wu-jia-en,sofascore
1097010,Cheng P / Huang Y-J,cheng-p-huang-y-j,sofascore
1097011,Wu J-E / Wu Y S,wu-j-e-wu-y-s,sofascore
1097222,Gunduz I / Harac E,gunduz-i-harac-e,sofascore
1097223,Chambet-Weil R / Rios V,chambet-weil-r-rios-v,sofascore
1097224,Yokotani J / Omoda K,yokotani-j-omoda-k,sofascore
1097221,Ursu V / Chiriacova A,ursu-v-chiriacova-a,sofascore
1097232,Sato H / Yokoi S,sato-h-yokoi-s,sofascore
1097233,Wong H T / Yoo Y,wong-h-t-yoo-y,sofascore
1097231,Akasheva Z / Tofant A,akasheva-z-tofant-a,sofascore
1097228,Gomez G / Olave A,gomez-g-olave-a,sofascore
1097230,Andersen M B / Vilardell A,andersen-m-b-vilardell-a,sofascore
1097226,Kawakami R / Yoshiyama K,kawakami-r-yoshiyama-k,sofascore
1097225,Abbasi A / Kwon H,abbasi-a-kwon-h,sofascore
1097227,Chambet-Weil R / Tauler N,chambet-weil-r-tauler-n,sofascore
1097229,Giovannetti T / Pinto D,giovannetti-t-pinto-d,sofascore
1097409,Swilam M.,swilam-mohamed,sofascore
1097903,Stojcev L.,stojcev-luka,sofascore
1097905,Jakimovski A.,jakimovski-aleksandar,sofascore
1097904,Tianyang Li.,li-tianyang,sofascore
1097906,Pandurevic V.,pandurevic-vladimir,sofascore
520557,Feng Y.,feng-yixuan,sofascore
1097908,Jovanovska F.,jovanovska-fani,sofascore
1097910,Stajkovska M.,stajkovska-monika,sofascore
1097907,Hasanu S.,hasanu-sofija,sofascore
1097869,Ostrovskyi A.,ostrovskyi-andrii,sofascore
1097893,Jurowicz G.,jurowicz-grzegorz,sofascore
1097902,Stojanovski A.,stojanovski-andrej,sofascore
1097909,Stojanovska S.,stojanovska-sara,sofascore
1098041,Prazdny P.,prazdny-pavel,sofascore
1097952,Fiala J.,fiala-jan,sofascore
1097914,Lin X / Men S,lin-x-men-s,sofascore
1097915,Yoshimura K / Nagasaki M,yoshimura-k-nagasaki-m,sofascore
1097916,MA J / Guo J,ma-j-guo-j,sofascore
1097917,Zeng B / Feng Y,zeng-b-feng-y,sofascore
1097918,Wen R / Yan Y,wen-r-yan-y,sofascore
1097912,Hasanu S / Uce-Nikolov A,hasanu-s-uce-nikolov-a,sofascore
1098862,Shi X / Zong G,shi-x-zong-g,sofascore
1098864,Nagasaki M / Ojio Y,nagasaki-m-ojio-y,sofascore
1098861,Birriel O / Rodriguez A,birriel-o-rodriguez-a,sofascore
1098865,Li H / Shi X,li-h-shi-x,sofascore
1097919,Li T / Sun Y,li-t-sun-y,sofascore
1097920,Levajac D / Dilas N,levajac-d-dilas-n,sofascore
1097921,Mladenovski F / Stojchev L,mladenovski-f-stojchev-l,sofascore
1098867,Kolodziejczyk M / Levenko A,kolodziejczyk-m-levenko-a,sofascore
1098866,Feng Y-H / Kuo G-H,feng-y-h-kuo-g-h,sofascore
1098863,Lim J / OH J,lim-j-oh-j,sofascore
1098868,Jakimovski A / Stanojkovski K,jakimovski-a-stanojkovski-k,sofascore
1099176,Eleazar G.,eleazar-guillen,sofascore
1099311,Kasnik S.,kasnik-sebastian,sofascore
1099460,Sollner I.,sollner-ion,sofascore
1099486,Mikolaj Lukaszewski,lukaszewski-mikolaj,sofascore
1099487,Szurlej K.,szurlej-kacper,sofascore
1099488,Oracz J.,oracz-jacek,sofascore
1100076,Mayank M.,mayank-mayank,sofascore
1099743,Gauzy S / Poret T,gauzy-s-poret-t,sofascore
1099746,Verdonschot W / Schreiner F,verdonschot-w-schreiner-f,sofascore
1099747,Jain P / Batra M,jain-p-batra-m,sofascore
1100255,Tokic B / Tokic S,tokic-b-tokic-s,sofascore
1099748,Kim S / Lee D (2005),kim-s-lee-d-2005,sofascore
1100264,Xue F / Yuan L,xue-f-yuan-l,sofascore
1100266,Harimoto M / Odo S,harimoto-m-odo-s,sofascore
1100476,Wandachowicz M.,wandachowicz-michal,sofascore
1100643,Jason Wu.,wu-jason,sofascore
1100835,Forman L.,forman-lubos,sofascore
1100770,Karthik G.,karthik-gorijavolu,sofascore
1101159,Liang Y.,liang-yu-hsin,sofascore
1100836,Bluszcz T.,bluszcz-tomasz,sofascore
1101176,Bardet L / Zarif A,bardet-l-zarif-a,sofascore
1101170,Verdonschot W / Neumann J,verdonschot-w-neumann-j,sofascore
1101758,Chen Y / Qian T,chen-y-qian-t,sofascore
1101755,OH J / Nagasaki M,oh-j-nagasaki-m,sofascore
1101756,Yuan L / Xu Y,yuan-l-xu-y,sofascore
1101173,Chambet-Weil R / Hribar P,chambet-weil-r-hribar-p,sofascore
1101174,Feng Y-H / Walker S,feng-y-h-walker-s,sofascore
1101172,Petek B / Zeljko F,petek-b-zeljko-f,sofascore
1101181,Bertelsmeier A / Verdonschot W,bertelsmeier-a-verdonschot-w,sofascore
1101182,Lam Y L / Wong H T,lam-y-l-wong-h-t,sofascore
1101757,Chen Y / Yuan L,chen-y-yuan-l,sofascore
1101759,Lambiet F / Nuytinck C,lambiet-f-nuytinck-c,sofascore
1102063,Petr Z.,petr-zmuda,sofascore
1102054,Stach V.,stach-vojtech,sofascore
1102055,Rozum D.,rozum-dawid,sofascore
1102234,Cedeno J.,cedeno-jeremy,sofascore
1102369,Ruszkiewicz A.,ruszkiewicz-adam,sofascore
1102788,Baran M.,baran-mateusz,sofascore
1103129,Pantak J.,pantak-josef,sofascore
1103285,Kraus L.,kraus-luis,sofascore
1103376,Amann J.,amann-jakob,sofascore
1103385,Isabella Xu.,xu-isabella,sofascore
1103387,Sheth V.,sheth-ved,sofascore
1103386,Yeoh I.,yeoh-irene,sofascore
1103388,Xie V.,xie-victor,sofascore
1105473,Botha B / Wang A,botha-b-wang-a,sofascore
1105477,Ly E / Lupulesku I,ly-e-lupulesku-i,sofascore
1105476,OH J / Odo S,oh-j-odo-s,sofascore
1105475,Quek I / Ng W L,quek-i-ng-w-l,sofascore
1105728,Sykora D.,sykora-david,sofascore
1105670,Muller F.,muller-felix,sofascore
1105729,Stechly W.,stechly-witold,sofascore
1105484,Botha B / Liang J,botha-b-liang-j,sofascore
1105483,Ly E / Sareen A,ly-e-sareen-a,sofascore
1105485,Goda H / Meshref D,goda-h-meshref-d,sofascore
1105478,Naresh N / Naresh S,naresh-n-naresh-s,sofascore
1105480,Dani M / Omotayo O,dani-m-omotayo-o,sofascore
1105479,Pistej L / Pucar T,pistej-l-pucar-t,sofascore
1105481,Jee M / Psihogios C,jee-m-psihogios-c,sofascore
1105482,Dragoman A / Liu Y,dragoman-a-liu-y,sofascore
1106119,Lewczuk M.,lewczuk-marian,sofascore
1106520,Huang Y / Lin S,huang-y-lin-s,sofascore
1106319,Doo H K / Shin Y,doo-h-k-shin-y,sofascore
1107303,Vavrecka D.,vavrecka-david,sofascore
1107305,Olejnik M.,olejnik-mikolaj,sofascore
1107469,Bartak R.,bartak-radim,sofascore
1107304,Vega S.,vega-sergio,sofascore
1107664,Deng S.,deng-shengfu,sofascore
1108695,Michal D.,michal-dere,sofascore
1108791,Tkaczyk H.,tkaczyk-henryk,sofascore
1108792,Twarog M.,twarog-mariusz,sofascore
1109010,Michalczyk J.,michalczyk-jakub,sofascore
1109011,Kosmal D.,kosmal-dawid,sofascore
1109153,Zenkner M.,zenkner-martin,sofascore
1109079,Xiong C.,xiong-charles,sofascore
1109301,Jirout V.,jirout-vojtech,sofascore
1109286,Juhasz M.,juhasz-mark,sofascore
1109782,King A.,king-amadji,sofascore
1109783,Gafarou M.,gafarou-mouyassir,sofascore
1109784,Animasahun A.,animasahun-abayomi,sofascore
1109869,Bello M.,bello-mustapha,sofascore
1109785,Nuhu I.,nuhu-ibrahim-gado,sofascore
1109794,Agunbiade S.,agunbiade-sultan,sofascore
1109787,Yitagesu Y.,yitagesu-yohannes,sofascore
1109792,Sanni A.,sanni-abdulraheem,sofascore
1109793,Agbodjan E.,agbodjan-elias,sofascore
1109786,Lawal A.,lawal-amidu,sofascore
525441,Ayoola K.,ayoola-kabirat,sofascore
1109819,Coleman A.,coleman-agnes,sofascore
1109887,Emmanuel J.,emmanuel-joy,sofascore
525435,Bisola A.,bisola-asiaju,sofascore
1109827,Falana I.,falana-iyanu-oluwa,sofascore
1109823,Ahmed M.,ahmed-maryam,sofascore
525592,Sezuo A.,sezuo-aziza,sofascore
1109832,Ajuwon A.,ajuwon-anuoluwapo,sofascore
1109880,Amadji S.,amadji-stecy,sofascore
1109883,Amah A.,amah-ayoko-fanida,sofascore
1109884,Mbah O.,mbah-onyinyechi,sofascore
1109821,Ahmed F.,ahmed-fatimoh,sofascore
1109882,Yehiya A.,yehiya-alaa,sofascore
1109837,Akeem S.,akeem-sadiat-alimat,sofascore
1109881,Okanlawon K.,okanlawon-kadijat,sofascore
1109781,Stodolica M.,stodolica-mikolaj,sofascore
1109789,Azeez Y.,azeez-yaya,sofascore
1109788,Bello I.,bello-ibrahim,sofascore
1109796,Akakpo K.,akakpo-kossi,sofascore
1109795,Assou A.,assou-atarou,sofascore
1109790,Adesanya S.,adesanya-sodiq,sofascore
1109791,Ayoola U.,ayoola-usman,sofascore
525438,Fabunmi Mathew,fabunmi-mathew,sofascore
1109849,Ojo F.,ojo-favour,sofascore
1109886,Akadiri Z.,akadiri-ziadath,sofascore
1109888,Agueh L.,agueh-lyntia,sofascore
1109885,Yessoufou M.,yessoufou-madinath,sofascore
1109890,Aruna M.,aruna-mariam,sofascore
1109846,Faleye D.,faleye-deborah,sofascore
1109889,Okafor C.,okafor-chinenye,sofascore
1109845,Azeez Y / Faleye D,azeez-y-faleye-d,sofascore
1109847,Adegoke M O / Rabiu A,adegoke-m-o-rabiu-a,sofascore
1109844,Rolland J / Pavade P,rolland-j-pavade-p,sofascore
1109848,Mati T / Ojo F,mati-t-ojo-f,sofascore
1109843,Mosteirin C.,mosteirin-camilo,sofascore
1109842,Asmu A.,asmu-agustin,sofascore
1109852,Reyes M.,reyes-macarena,sofascore
1109851,Pereyra M.,pereyra-manuela,sofascore
1109850,Frias L.,frias-luciana,sofascore
1109853,Shahmuradyan M.,shahmuradyan-mariam,sofascore
1109854,Ramirez C.,ramirez-catalina,sofascore
1110276,Havel J.,havel-jiri,sofascore
1109822,Commey E / Marfo J,commey-e-marfo-j,sofascore
1109828,Agon G / King A,agon-g-king-a,sofascore
1109833,Adebakin T / Oladejo Q,adebakin-t-oladejo-q,sofascore
1109825,Aklie I / Quarcoo E,aklie-i-quarcoo-e,sofascore
1109830,Adeoye H / Adesanya S,adeoye-h-adesanya-s,sofascore
1109824,Animasahun A / Lawal A,animasahun-a-lawal-a,sofascore
1109826,Mati T / Omeh A,mati-t-omeh-a,sofascore
1110541,Baisya P / Pal A,baisya-p-pal-a,sofascore
1110540,Chambet-Weil R / Altinkaya S,chambet-weil-r-altinkaya-s,sofascore
1110543,Olabiyi M / Yessoufou M,olabiyi-m-yessoufou-m,sofascore
1110542,Ghosh A / Sinha Roy K,ghosh-a-sinha-roy-k,sofascore
1110544,Dani M / Kotecha T,dani-m-kotecha-t,sofascore
1109836,Akeem S A / Hussain H,akeem-s-a-hussain-h,sofascore
1109818,Bisola A / Falana I O,bisola-a-falana-i-o,sofascore
1109829,Ajuwon A / Oyeniyi K,ajuwon-a-oyeniyi-k,sofascore
1109817,Borquaye B / Coleman A,borquaye-b-coleman-a,sofascore
1109820,Ahmed F / Ahmed M,ahmed-f-ahmed-m,sofascore
1110065,Carrizo B.,carrizo-benjamin,sofascore
1110064,Rodriguez S.,rodriguez-santiago,sofascore
1109863,Castro R / Galvano N,castro-r-galvano-n,sofascore
1109865,Uda Y / Yoshiyama R,uda-y-yoshiyama-r,sofascore
1109856,Verdonschot W / Walther R,verdonschot-w-walther-r,sofascore
1109857,Hamada K / Kobayashi H,hamada-k-kobayashi-h,sofascore
1109858,Bayona L / Gilabert R,bayona-l-gilabert-r,sofascore
1109859,Kuo G-H / Liao C-T,kuo-g-h-liao-c-t,sofascore
1109864,Doti Arado F / Iizuka L K,doti-arado-f-iizuka-l-k,sofascore
1109870,Olave A / Vega S,olave-a-vega-s,sofascore
1109874,Doti Arado F / Takahashi G,doti-arado-f-takahashi-g,sofascore
1109871,Fuentes L N / Shahmuradyan M,fuentes-l-n-shahmuradyan-m,sofascore
1109872,Thakkar M V / Ghosh SW,thakkar-m-v-ghosh-sw,sofascore
1109873,Shinozuka H / Odo S,shinozuka-h-odo-s,sofascore
1109877,Fiore B / Senaga Shiray K A,fiore-b-senaga-shiray-k-a,sofascore
1109876,Pereyra M / Shahmuradyan M,pereyra-m-shahmuradyan-m,sofascore
1109879,Barcenas C / Reyes M,barcenas-c-reyes-m,sofascore
1109875,Prates J / Strassburger V,prates-j-strassburger-v,sofascore
1109878,Chen C-S / Huang Y-H,chen-c-s-huang-y-h,sofascore
1110277,Moravek J.,moravek-jan,sofascore
1110551,Boboye S.,boboye-samuel,sofascore
1110546,Gnanasekaran S / Pal A,gnanasekaran-s-pal-a,sofascore
1110549,Ayoola U / Azeez Y,ayoola-u-azeez-y,sofascore
1110554,Adegoke M O / Kuti M,adegoke-m-o-kuti-m,sofascore
1110552,Karnavar A / Neumann L,karnavar-a-neumann-l,sofascore
1110548,Bello F / Fashola A,bello-f-fashola-a,sofascore
1110550,Faleye D / Mbah O,faleye-d-mbah-o,sofascore
1110547,Akinsete A E / Odusanya A,akinsete-a-e-odusanya-a,sofascore
1110555,Ayoola K / Rabiu A,ayoola-k-rabiu-a,sofascore
1110553,Okafor C / Sezuo A,okafor-c-sezuo-a,sofascore
1110556,Ojo F / Okanlawon K,ojo-f-okanlawon-k,sofascore
1110531,Parola V.,parola-valentina-maite,sofascore
1110533,Fuentes L N / Orencel A,fuentes-l-n-orencel-a,sofascore
1110535,Bentancor M / Callaba N,bentancor-m-callaba-n,sofascore
1110538,Bae H / Bourrassaud F,bae-h-bourrassaud-f,sofascore
1110539,Deschamps H / Naranjo A,deschamps-h-naranjo-a,sofascore
1110527,Castro R / Barcenas C,castro-r-barcenas-c,sofascore
1110528,Cifuentes H / Molero C,cifuentes-h-molero-c,sofascore
1110529,Bentancor M / Parola V M,bentancor-m-parola-v-m,sofascore
1110530,Lorenzo S / Codina A,lorenzo-s-codina-a,sofascore
1110532,Joo C / Lee E,joo-c-lee-e,sofascore
1110534,Frias L / Parola V M,frias-l-parola-v-m,sofascore
1110537,Batra M / Ghosh SW,batra-m-ghosh-sw,sofascore
1110857,Kudelka A.,kudelka-adam,sofascore
1110858,Kysely S.,kysely-stepan,sofascore
1111097,Simecek J.,simecek-jakub,sofascore
1111098,Kysely O.,kysely-ondrej,sofascore
1111354,Hirman R.,hirman-radek,sofascore
1111884,Moledo K.,moledo-kyrian,sofascore
1111777,Badura J.,badura-jaroslaw,sofascore
1112177,Fiammingo F.,fiammingo-fabiano,sofascore
1112178,Fujii D.,fujii-davi,sofascore
1112176,Gondo G.,gondo-guilherme,sofascore
1112175,Iwamoto V.,iwamoto-vitor,sofascore
1112179,Kano S / Prates J,kano-s-prates-j,sofascore
1112180,Su T T / Zeng Z,su-t-t-zeng-z,sofascore
1112181,Hatakeyama J / Sarda M A,hatakeyama-j-sarda-m-a,sofascore
1112187,Aida S / Oikawa M,aida-s-oikawa-m,sofascore
1112183,Shim J / Turrini R,shim-j-turrini-r,sofascore
1112184,Noguti H / Yamane H,noguti-h-yamane-h,sofascore
1112185,Olave A / Vos E,olave-a-vos-e,sofascore
1112186,Vos E / Rios V,vos-e-rios-v,sofascore
1111553,Zellmann A.,zellmann-alexander,sofascore
1112496,Agnone M / Amorim I,agnone-m-amorim-i,sofascore
1112498,Cheng I-C / Huang Y-J,cheng-i-c-huang-y-j,sofascore
1112494,Iizuka L K / Teodoro G,iizuka-l-k-teodoro-g,sofascore
1112495,Bae H / Lorenzo S,bae-h-lorenzo-s,sofascore
1112493,Bardet L / Bourrassaud F,bardet-l-bourrassaud-f,sofascore
1112501,Chang Y-A / Li Y-J,chang-y-a-li-y-j,sofascore
1112500,Doti Arado F / Senaga Shiray K A,doti-arado-f-senaga-shiray-k-a,sofascore
1112499,Aida S / Hashimoto H,aida-s-hashimoto-h,sofascore
1112182,Hatakeyama J.,hatakeyama-julia,sofascore
1112492,Agnone M.,agnone-maiara,sofascore
1112497,Amorim I.,amorim-isabel,sofascore
1112559,Mendes M.,mendes-maria,sofascore
1112772,Svechota V.,svechota-vojtech,sofascore
1113289,Moosmann K.,moosmann-kai,sofascore
1113907,Paszkiewicz M.,paszkiewicz-michal,sofascore
1114201,Choi H.,choi-hojun,sofascore
1114204,Moraga V.,moraga-victor,sofascore
1114205,Lee H.,lee-hoyun,sofascore
1114199,Kaden Xu.,xu-kaden,sofascore
1114200,Jia J.,jia-jaden,sofascore
1114198,Yiran Wu.,wu-yiran,sofascore
1114207,Han D.,han-doyun,sofascore
1114202,Jang M.,jang-minhyeok,sofascore
1113906,Becak M.,becak-matej,sofascore
1114580,Wang T.,wang-tiancheng,sofascore
1114589,Rios E.,rios-enrique,sofascore
1114574,Choi J.,choi-jiwook,sofascore
1105474,Botha B.,botha-bosman,sofascore
1114572,Nie C.,nie-chulong,sofascore
1114571,Choi Ji / Lee Dah,choi-ji-lee-dah,sofascore
1114581,Picard V / Picard C,picard-v-picard-c,sofascore
1114578,Lee Ho / Barcenas C,lee-ho-barcenas-c,sofascore
1114583,Kouraichi A / Lutz CA,kouraichi-a-lutz-ca,sofascore
1114570,Nie C / Schreiner F,nie-c-schreiner-f,sofascore
1114575,Jia J / Chen Hi,jia-j-chen-hi,sofascore
1114573,Wang Tia / Chen L,wang-tia-chen-l,sofascore
1114582,Naresh N / Yeoh I,naresh-n-yeoh-i,sofascore
1114585,Sakai Y / Aso R,sakai-y-aso-r,sofascore
1114586,Vila R / Brito E,vila-r-brito-e,sofascore
1114569,Hagihara K / Akae K,hagihara-k-akae-k,sofascore
1114567,Kim W / Yang H E,kim-w-yang-h-e,sofascore
1114568,Liang Jis / Moyland S,liang-jis-moyland-s,sofascore
1114587,Sareen A / Cossio Aceves A,sareen-a-cossio-aceves-a,sofascore
1114588,Aida S / Sato H,aida-s-sato-h,sofascore
1114590,Wang K.,wang-ke,sofascore
1114584,Picard C.,picard-claire,sofascore
1114579,Chen H.,chen-hildy,sofascore
1114576,Chen L.,chen-lichen,sofascore
1114577,Lee D.,lee-dahye,sofascore
1114596,Ding Z.,ding-zige,sofascore
1114611,Lee S.,lee-seungeun,sofascore
1114592,Chen L / Guo J,chen-l-guo-j,sofascore
1114591,Choi Yes / Lee Dah,choi-yes-lee-dah,sofascore
1114594,Tang Ya / Wang Ke,tang-ya-wang-ke,sofascore
1114595,Ding Z / Yeoh I,ding-z-yeoh-i,sofascore
1114598,Haug B / MA J,haug-b-ma-j,sofascore
1114600,Choi J / Kang D,choi-j-kang-d,sofascore
1114599,Jia J / Kanamitsu K,jia-j-kanamitsu-k,sofascore
1114601,Kouraichi A / Picard V,kouraichi-a-picard-v,sofascore
1114593,Kim B / Lee H,kim-b-lee-h,sofascore
1114597,Kim Taehy / Kim Wo,kim-taehy-kim-wo,sofascore
1114605,Choi Ho / Park Gan,choi-ho-park-gan,sofascore
1114602,Bae W / Nie C,bae-w-nie-c,sofascore
1114603,Hagihara K / Sakai Y,hagihara-k-sakai-y,sofascore
1114604,Averin A / Moraga V,averin-a-moraga-v,sofascore
1114612,Lutz CA / Picard C,lutz-ca-picard-c,sofascore
1115666,Vaclahovsky O.,vaclahovsky-oldrich,sofascore
1115667,Adach R.,adach-rafal,sofascore
1115792,Luo A / Luo I,luo-a-luo-i,sofascore
1115791,Naresh S / Yeoh I,naresh-s-yeoh-i,sofascore
1115789,Lin X / Akasheva Z,lin-x-akasheva-z,sofascore
1115794,Naresh N / Ding Z,naresh-n-ding-z,sofascore
1115790,Averin A / Wang K,averin-a-wang-k,sofascore
1115796,Wang Z.,wang-zexuan,sofascore
1115797,Jonathan Li.,li-jonathan,sofascore
1115793,Luo A.,luo-alex,sofascore
1115795,Luo I.,luo-isabella,sofascore
1115802,Luo A / Sareen A,luo-a-sareen-a,sofascore
1115801,Li J / Wang Z,li-j-wang-z,sofascore
1115803,Averin A / Jia J,averin-a-jia-j,sofascore
1115804,Han D / Kim B,han-d-kim-b,sofascore
1115805,Jang M / Lee H,jang-m-lee-h,sofascore
1115798,Chen H / Luo I,chen-h-luo-i,sofascore
1115799,Choi Y / Lee D,choi-y-lee-d,sofascore
1115947,Ho K K / Wong H T,ho-k-k-wong-h-t,sofascore
1115949,Kwan M H / Lee H M K,kwan-m-h-lee-h-m-k,sofascore
1115950,Manychanh L / Keomany B,manychanh-l-keomany-b,sofascore
1115953,Nguyen A T / Nguyen K,nguyen-a-t-nguyen-k,sofascore
1115948,Asazu A / Takeya M,asazu-a-takeya-m,sofascore
1115944,Yiu K T / Kong T L,yiu-k-t-kong-t-l,sofascore
1115945,Soiphuang N / Wonglakhon P,soiphuang-n-wonglakhon-p,sofascore
1115954,Ng H S / Papadimitriou M,ng-h-s-papadimitriou-m,sofascore
1115956,Yang Z Y / Chiang J,yang-z-y-chiang-j,sofascore
1115958,Rivera Tormis E D / Laude A J,rivera-tormis-e-d-laude-a-j,sofascore
1115966,Ho J / Kim Hay,ho-j-kim-hay,sofascore
1115959,Sengmany P / Sisomboun C,sengmany-p-sisomboun-c,sofascore
1115964,Vongsa A / Liu R,vongsa-a-liu-r,sofascore
1115968,Nuchchart S / Sawettabut J,nuchchart-s-sawettabut-j,sofascore
1115969,Sengmany P / Vongsa A,sengmany-p-vongsa-a,sofascore
1115970,Dinh A H / Le D D,dinh-a-h-le-d-d,sofascore
1115973,Douangdala P / Ounthahalath P,douangdala-p-ounthahalath-p,sofascore
1115976,Manychanh L / Xaysavath X,manychanh-l-xaysavath-x,sofascore
1115978,Kongphet P / Vongdalasinh S A,kongphet-p-vongdalasinh-s-a,sofascore
1115985,Gonzales R / Misal J R,gonzales-r-misal-j-r,sofascore
1115986,Le E / Loy X Y,le-e-loy-x-y,sofascore
1115981,Haque A / Patel V,haque-a-patel-v,sofascore
1115984,Preechayan T / Soiphuang N,preechayan-t-soiphuang-n,sofascore
1115987,Im J Z / Ng H S,im-j-z-ng-h-s,sofascore
1115989,Nayre J M / Rivera Tormis E D,nayre-j-m-rivera-tormis-e-d,sofascore
1115972,Dinh Duc Le.,le-dinh-duc,sofascore
1115952,Manychanh L.,manychanh-laokham,sofascore
1115979,Kongphet P.,kongphet-phinith,sofascore
1115955,Hong Siu Ng.,ng-hong-siu,sofascore
1116003,Junindra M.,junindra-muhammad,sofascore
1115975,Ounthahalath P.,ounthahalath-phetsamay,sofascore
1115982,Haque A.,haque-asif,sofascore
1115983,Patel V.,patel-vighney,sofascore
1092462,Preechayan T.,preechayan-thitaphat,sofascore
1115946,Soiphuang N.,soiphuang-nimit,sofascore
1116004,Dogra H.,dogra-hitesh,sofascore
1116005,Vannavongsa S.,vannavongsa-somsaiy,sofascore
1115977,Xaysavath X.,xaysavath-xaysana,sofascore
1116006,Ximom C.,ximom-chonny,sofascore
1115971,Dinh A.,dinh-anh-hoang,sofascore
1115988,Jin Zhen Im.,im-jin-zhen,sofascore
1116007,Altaher A.,altaher-ali,sofascore
1115974,Douangdala P.,douangdala-phoutthavong,sofascore
1115980,Vongdalasinh S.,vongdalasinh-seng-arthid,sofascore
1115806,Lee Y.,lee-yubi,sofascore
1115892,Moyland S / Wang A,moyland-s-wang-a,sofascore
1115990,Dael E R / Fadol R J,dael-e-r-fadol-r-j,sofascore
1115992,Chanvanitborikan P / Wonglakhon P,chanvanitborikan-p-wonglakhon-p,sofascore
1115993,Sisomboun C / Xaiphetvong T,sisomboun-c-xaiphetvong-t,sofascore
1115999,Keomany B / Nomichith C,keomany-b-nomichith-c,sofascore
1116001,Chen C-I / Peng Y-H,chen-c-i-peng-y-h,sofascore
1115994,Ho Y / Lim J S,ho-y-lim-j-s,sofascore
1115996,Kittiphan P / Kiyavong P,kittiphan-p-kiyavong-p,sofascore
1115941,Simecek J.,simecek-jindrich,sofascore
1116406,Hudecek M.,hudecek-michal,sofascore
1116410,Kostepski R.,kostepski-robert,sofascore
1116846,Bhattacharjee A / Baisya P,bhattacharjee-a-baisya-p,sofascore
1116847,Kim Dae / Choi Ha,kim-dae-choi-ha,sofascore
1116883,Hung J-K / Wu Y S,hung-j-k-wu-y-s,sofascore
1116890,Tan N / Donner M,tan-n-donner-m,sofascore
1116886,Xaysavath X / Nomichith C,xaysavath-x-nomichith-c,sofascore
1116887,Le E / Ser L Q,le-e-ser-l-q,sofascore
1116848,Lin Y-C / Wu J-E,lin-y-c-wu-j-e,sofascore
1116889,Meissner C / Walker S,meissner-c-walker-s,sofascore
1116882,Ho J / Kim Dae,ho-j-kim-dae,sofascore
1116891,Ghosh A / Gnanasekaran S,ghosh-a-gnanasekaran-s,sofascore
1116881,Chua J S H / Dani M,chua-j-s-h-dani-m,sofascore
1116892,Cruz K R / Laude A J,cruz-k-r-laude-a-j,sofascore
1116888,Chiang J / Tan Z Y,chiang-j-tan-z-y,sofascore
1116893,Buddhadasa H S / Le N,buddhadasa-h-s-le-n,sofascore
1116884,Donner M / Papadimitriou M,donner-m-papadimitriou-m,sofascore
1116885,Lee D / Lee Seoj,lee-d-lee-seoj,sofascore
1116878,Keerthiratne A.,keerthiratne-adeepa,sofascore
1073628,Yang Z.,yang-ze-yi,sofascore
1115967,Vongsa A.,vongsa-anane,sofascore
1115960,Sengmany P.,sengmany-phongsavanh,sofascore
509509,Ellsworth Le.,le-ellsworth,sofascore
1115995,Xaiphetvong T.,xaiphetvong-thipphavanh,sofascore
1116845,Nguyen T.,nguyen-thi-nga,sofascore
1115962,Sisomboun C.,sisomboun-choutiphone,sofascore
1115951,Keomany B.,keomany-bounleut,sofascore
1115998,Kiyavong P.,kiyavong-phetsamay,sofascore
1115957,Chiang J.,chiang-janelle,sofascore
1116000,Nomichith C.,nomichith-chanthida,sofascore
1116880,Nguyen Le.,le-nguyen,sofascore
1116002,Chen C.,chen-chia-i,sofascore
1115961,Laude A.,laude-angelou-joyce,sofascore
1116877,Bhoota R.,bhoota-riana,sofascore
1116879,Lee S.,lee-seojin,sofascore
1115965,Liu R.,liu-ruohan,sofascore
1115997,Kittiphan P.,kittiphan-panita,sofascore
1117338,Sjogren E.,sjogren-elias,sofascore
1117339,Benjegard S.,benjegard-siri,sofascore
1117340,Nilsson A.,nilsson-alice,sofascore
1117342,Heo Y.,heo-yerim,sofascore
1117575,Heczko D.,heczko-david,sofascore
1117576,Heczko M.,heczko-marcel,sofascore
1117577,Walek A.,walek-adrian,sofascore
1117578,Samuel Byrtus,byrtus-samuel,sofascore
1118068,Wallin A.,wallin-adam,sofascore
1118059,Friis M / Baasan N,friis-m-baasan-n,sofascore
1118060,Mladenovic L / Varady B,mladenovic-l-varady-b,sofascore
1118056,Cheng I-C / Chien T-C,cheng-i-c-chien-t-c,sofascore
1118058,Ishiy V / Mino A,ishiy-v-mino-a,sofascore
1118061,Friis M / Ranefur E,friis-m-ranefur-e,sofascore
1118403,Matsushima S / Odo S,matsushima-s-odo-s,sofascore
1118057,Kaufmann A / Liu Y,kaufmann-a-liu-y,sofascore
1118062,Hansson M / Roose A,hansson-m-roose-a,sofascore
1118063,Baasan N / Bergand F,baasan-n-bergand-f,sofascore
323090,Lebrun F / Poret T,lebrun-f-poret-t,sofascore
1118064,Ng W L / Shan X,ng-w-l-shan-x,sofascore
1118065,Liang J / Wen R,liang-j-wen-r,sofascore
1118066,Bae H / Castro R,bae-h-castro-r,sofascore
1119478,Varbanov P.,varbanov-plamen,sofascore
1119476,Abe Y.,abe-yuto,sofascore
1119477,Noda S.,noda-sota,sofascore
923931,Petkov V.,petkov-vladimir,sofascore
1119482,Kosev I / Petkov V,kosev-i-petkov-v,sofascore
1119483,Abe Y / Noda S,abe-y-noda-s,sofascore
1119479,Ninkovic U / Radovic F,ninkovic-u-radovic-f,sofascore
1119481,Kotev R / Varbanov P,kotev-r-varbanov-p,sofascore
1118924,Nagasaki M / Shin Y,nagasaki-m-shin-y,sofascore
1119362,Patil G.,patil-gururaj,sofascore
1119513,Ono D.,ono-daito,sofascore
1119480,Ninkovic U.,ninkovic-uros,sofascore
1120067,Abe Y / Kimura K,abe-y-kimura-k,sofascore
1119525,Hristev H / Georgieva T,hristev-h-georgieva-t,sofascore
1119519,Ono D / Okada K,ono-d-okada-k,sofascore
1119520,Dani M / Mischek K,dani-m-mischek-k,sofascore
1119521,Kosev I / Mutlu S,kosev-i-mutlu-s,sofascore
1119524,Zhubanov S / Koshkumbayeva Z,zhubanov-s-koshkumbayeva-z,sofascore
1119518,Kharki I / Mirkadirova S,kharki-i-mirkadirova-s,sofascore
1119523,Noda S / Tamura M,noda-s-tamura-m,sofascore
1119516,Nikolova N.,nikolova-nina,sofascore
1119514,Spasova D.,spasova-daria,sofascore
1119517,Tamura M.,tamura-mika,sofascore
1119515,Piperova K.,piperova-kalina,sofascore
1119540,Koshkumbayeva Z / Rahimi E,koshkumbayeva-z-rahimi-e,sofascore
1119545,Hristova K / Persova V,hristova-k-persova-v,sofascore
1119546,Cincurova E / Puchovanova N,cincurova-e-puchovanova-n,sofascore
1119544,Okada K / Tamura M,okada-k-tamura-m,sofascore
1119881,Lee Z / Zaharia E,lee-z-zaharia-e,sofascore
1119543,Ono D / Zakharov V,ono-d-zakharov-v,sofascore
1119541,Dani M / Valuch A,dani-m-valuch-a,sofascore
1119542,Szantosi D / Szudi A,szantosi-d-szudi-a,sofascore
1119813,Kostadinov D / Sariev S,kostadinov-d-sariev-s,sofascore
1120700,Cyndera J.,cyndera-jakub,sofascore
1121305,Buryan J.,buryan-jiri,sofascore
1121767,Martinko T / Klempererova A,martinko-t-klempererova-a,sofascore
1121768,Kostal D / Sazimova A,kostal-d-sazimova-a,sofascore
1121770,Datta N.,datta-nabajit,sofascore
1121766,Makara J.,makara-jakub,sofascore
1121771,Portokalis A.,portokalis-antonis,sofascore
1121795,Szotkowski J.,szotkowski-jan,sofascore
1121796,Chalupa M.,chalupa-michal,sofascore
1121780,Nielsen M S / Stoffregen M L,nielsen-m-s-stoffregen-m-l,sofascore
1121782,Klempererova A / Scibraniova M,klempererova-a-scibraniova-m,sofascore
1121783,Petrovova N / Zaderova L,petrovova-n-zaderova-l,sofascore
1121784,Sikorska M / Zakrzewska A,sikorska-m-zakrzewska-a,sofascore
1121785,Sazimova A / Sommerova H,sazimova-a-sommerova-h,sofascore
1121777,Duffoo F / Fernandez C,duffoo-f-fernandez-c,sofascore
1121779,Kostal D / Makara J,kostal-d-makara-j,sofascore
1121874,Dutta R / Portokalis A,dutta-r-portokalis-a,sofascore
1121776,Kadlec V / Sommerova H,kadlec-v-sommerova-h,sofascore
1121778,Valenta J / Hrabicova K,valenta-j-hrabicova-k,sofascore
1121772,Makara J / Scibraniova M,makara-j-scibraniova-m,sofascore
1121773,Valenet E I / Wiltschkova D,valenet-e-i-wiltschkova-d,sofascore
1121775,Moravek R / Vasendova J,moravek-r-vasendova-j,sofascore
1122058,Blaszczyk M / Wegrzyn K,blaszczyk-m-wegrzyn-k,sofascore
1122049,Chambet-Weil R / Scholz V,chambet-weil-r-scholz-v,sofascore
1122056,Liu Z / Mischek K,liu-z-mischek-k,sofascore
1122051,Sip M / Zaderova L,sip-m-zaderova-l,sofascore
1122052,Kurmangaliyev A / Massart L,kurmangaliyev-a-massart-l,sofascore
1122055,Valuch A / Labosova E,valuch-a-labosova-e,sofascore
1122057,Yoshiyama K / Ojio Y,yoshiyama-k-ojio-y,sofascore
1122054,Nayre J M / Men S,nayre-j-m-men-s,sofascore
1122053,Kaucky J / Kodetova H,kaucky-j-kodetova-h,sofascore
1121781,Nielsen M.,nielsen-maribo-sally,sofascore
1122048,Yuan L.,yuan-liu,sofascore
1121769,Sazimova A.,sazimova-adela,sofascore
1121774,Scibraniova M.,scibraniova-magdalena,sofascore
1122050,Blaszczyk M.,blaszczyk-marcel,sofascore
1122059,Iwaida S.,iwaida-shunto,sofascore
1121797,Lasota L.,lasota-laurent,sofascore
1122278,Calvo Machado A.,calvo-machado-alejandro,sofascore
1122475,Cappuccio C.,cappuccio-constantino,sofascore
1122500,Betelu R.,betelu-remi,sofascore
1122501,Islamovic T.,islamovic-tin,sofascore
1122558,Wong J.,wong-jaryl,sofascore
1122559,Kramaric Z.,kramaric-zvonimir,sofascore
1122742,Brochard B.,brochard-benjamin,sofascore
1122497,Kim Y.,kim-yerin,sofascore
1122736,Szosznyak E.,szosznyak-emma,sofascore
1122116,Blaszczyk M / Gawlas M,blaszczyk-m-gawlas-m,sofascore
1122117,Kadlec V / Sip M,kadlec-v-sip-m,sofascore
1122112,Nayre J M / Valenet E I,nayre-j-m-valenet-e-i,sofascore
1122115,Kaucky J / Martinko T,kaucky-j-martinko-t,sofascore
1122113,Abbasi A / Muramatsu Y,abbasi-a-muramatsu-y,sofascore
1122122,Kolasa S / Zalewski M,kolasa-s-zalewski-m,sofascore
1122111,Malobabic I / Massart L,malobabic-i-massart-l,sofascore
1122109,Kodetova H / Neumann J,kodetova-h-neumann-j,sofascore
1122114,Berzosa M / Riera J,berzosa-m-riera-j,sofascore
1122110,Bajor N / Brzyska A,bajor-n-brzyska-a,sofascore
1122775,Samek C.,samek-ctirad,sofascore
1122737,Jason Li.,li-jason,sofascore
1123030,Laroche T.,laroche-thomas,sofascore
1123187,Fomin A.,fomin-andriej,sofascore
1123817,Nurman N.,nurman-nursaya,sofascore
1123816,Bekmukhambetova Z.,bekmukhambetova-zhaniya,sofascore
1123822,Khaniyazova N.,khaniyazova-noila,sofascore
1123823,Akhmadaliyeva S.,akhmadaliyeva-shakhzoda,sofascore
1123824,Serikbay N.,serikbay-nazym,sofascore
1123826,Lukyanova M.,lukyanova-mariya,sofascore
1123827,Sandybayeva M.,sandybayeva-malika,sofascore
1123829,Lavrova Y.,lavrova-yelizaveta,sofascore
1123830,Tsimashkova L.,tsimashkova-lizaveta,sofascore
1123831,Darya Fu.,fu-darya,sofascore
1123880,Panfilova M.,panfilova-maria,sofascore
1123819,Niyetkaliyev B.,niyetkaliyev-bolat,sofascore
1123818,Oralkhanov A.,oralkhanov-arnur,sofascore
1123820,Kabdyluakhitov K.,kabdyluakhitov-kadirali,sofascore
1123821,Shi C.,shi-chenyang,sofascore
1123825,Gerassimenko T.,gerassimenko-timofey,sofascore
1123828,Tikhonov E.,tikhonov-evgeny,sofascore
1123833,Shi D.,shi-danyang,sofascore
1123834,Jiyenbayev T.,jiyenbayev-temirlan,sofascore
1123832,Kassym N.,kassym-nurislam,sofascore
1123034,Petrek T.,petrek-tomas,sofascore
1123945,Iskandarov S / Kamalova A,iskandarov-s-kamalova-a,sofascore
1123946,Kurmambayev S / Zhaxylykova A,kurmambayev-s-zhaxylykova-a,sofascore
1123949,Kobayashi H / Yokoi S,kobayashi-h-yokoi-s,sofascore
1123938,Neumann L / Nguyen A T,neumann-l-nguyen-a-t,sofascore
1123939,Kenzhigulov D / Kunats H,kenzhigulov-d-kunats-h,sofascore
1123942,Sidorenko V / Tikhonov E,sidorenko-v-tikhonov-e,sofascore
1123940,Hong Yu T / Im J Z,hong-yu-t-im-j-z,sofascore
1123944,Alsuwailem S / Bu Shulaybi A,alsuwailem-s-bu-shulaybi-a,sofascore
1123943,Fu D / Zhaxylykova A,fu-d-zhaxylykova-a,sofascore
1123941,Kim S / Yang H E,kim-s-yang-h-e,sofascore
1123947,Miashchanskaya U / Tsimashkova L,miashchanskaya-u-tsimashkova-l,sofascore
1123948,Koshkumbayeva Z / Torshayeva G,koshkumbayeva-z-torshayeva-g,sofascore
1124200,Urban W.,urban-wojciech,sofascore
1124479,Park Gyu / Kim N,park-gyu-kim-n,sofascore
1124480,Zakharov V / Romanovskaya A,zakharov-v-romanovskaya-a,sofascore
1124483,Sakai Y / Yoshiyama R,sakai-y-yoshiyama-r,sofascore
1124482,de Nutte S / Ghosh S,de-nutte-s-ghosh-s,sofascore
1124481,Kukulkova T / Lupulesku I,kukulkova-t-lupulesku-i,sofascore
1124490,Kostyk K.,kostyk-kamil,sofascore
1124484,Chen J / Zhou Q,chen-j-zhou-q,sofascore
1124485,He Z / Wang X,he-z-wang-x,sofascore
1124489,Pilch J.,pilch-jakub,sofascore
1124756,Choi E.,choi-enoch,sofascore
1124975,Vesely M.,vesely-michal,sofascore
1125068,Sup M.,sup-michal,sofascore
1125451,Schmitt C.,schmitt-cosmo,sofascore
1125452,Chen Y.,chen-yi-teng,sofascore
1125262,Kuan C.,kuan-cheok-lam,sofascore
1125263,Chon Fai He.,he-chon-fai,sofascore
1125261,Stepien D.,stepien-damian,sofascore
1126592,Atakul M.,atakul-muhammet,sofascore
1126589,Seunghwan OH.,oh-seunghwan,sofascore
1126608,Taher O.,taher-omar,sofascore
1126604,Ghosh S.,ghosh-shubhrajeet,sofascore
1126607,Syed A.,syed-ali-abbas,sofascore
1126602,Al-Nuaimi A.,al-nuaimi-ameer,sofascore
1126587,Chew C / Loy M Y,chew-c-loy-m-y,sofascore
1126588,Kim D / OH S,kim-d-oh-s,sofascore
1126590,Hameed A / Hameed N,hameed-a-hameed-n,sofascore
1126593,Grebnev M / Voronina V,grebnev-m-voronina-v,sofascore
1126595,Tikhonov E / Panfilova M,tikhonov-e-panfilova-m,sofascore
1126596,Castillo Arocha C A / Gonzalez R,castillo-arocha-c-a-gonzalez-r,sofascore
1126598,Rios Romero C J A / Obando C,rios-romero-c-j-a-obando-c,sofascore
1126599,Ocal G / Demir M C,ocal-g-demir-m-c,sofascore
1126601,Al-Nuaimi A / Takahashi G,al-nuaimi-a-takahashi-g,sofascore
509508,Le E / Lai C,le-e-lai-c,sofascore
342655,Zelinka J / Labosova E,zelinka-j-labosova-e,sofascore
1126597,Medina Blanco R J / Gomez Olivera C,medina-blanco-r-j-gomez-olivera-c,sofascore
1126594,Kalantari F.,kalantari-fatemeh,sofascore
1126161,Reindl N.,reindl-niclas,sofascore
1126591,Hameed N.,hameed-nesmah,sofascore
1126600,Demir M.,demir-merve-cansu,sofascore
1127107,Rios C.,rios-carlos,sofascore
1126663,Kobayashi H / Aso R,kobayashi-h-aso-r,sofascore
1127105,Kim D / Yoo S,kim-d-yoo-s,sofascore
1127106,Mishra S / Watanabe L,mishra-s-watanabe-l,sofascore
1127150,Chen A / Choi H,chen-a-choi-h,sofascore
1127151,Dani M / Batra M,dani-m-batra-m,sofascore
1127141,Okano S / Idesawa K,okano-s-idesawa-k,sofascore
1126609,Abraamian E / Voronina V,abraamian-e-voronina-v,sofascore
1126610,Kim D / Yoo Y,kim-d-yoo-y,sofascore
1126605,Ashtari M / Rahimi E,ashtari-m-rahimi-e,sofascore
1126603,Lai C / Tan Z Y,lai-c-tan-z-y,sofascore
1126606,Sommerova H / Vasendova J,sommerova-h-vasendova-j,sofascore
1127147,Panfilova M / Tailakova M,panfilova-m-tailakova-m,sofascore
1127148,Cosic D / Jeger M,cosic-d-jeger-m,sofascore
1127149,Altinkaya S / Demir M C,altinkaya-s-demir-m-c,sofascore
1127104,Woskowicz M.,woskowicz-mateusz,sofascore
1127144,Rios C / Tovar Giraldo J A,rios-c-tovar-giraldo-j-a,sofascore
1127142,Sidorenko V / Tikhonov A,sidorenko-v-tikhonov-a,sofascore
1127145,Le E / Pang K,le-e-pang-k,sofascore
1127143,Chen A / Yilmaz T,chen-a-yilmaz-t,sofascore
1127146,Andersen M B / Tauler N,andersen-m-b-tauler-n,sofascore
1127322,Baban N.,baban-nico,sofascore
1128148,Mammadli Y.,mammadli-yaghmur,sofascore
1128150,Mikayilova Z.,mikayilova-zemfira,sofascore
1128149,Asgarova A.,asgarova-aylin,sofascore
1128158,Taher M.,taher-mohammed,sofascore
1128159,Hajili R.,hajili-rustam,sofascore
1128157,Hasanov H.,hasanov-hilal,sofascore
1128160,Mammadov N.,mammadov-nihad,sofascore
1128065,Smolka K.,smolka-kamil,sofascore
1128165,Kahraman K / Demir M C,kahraman-k-demir-m-c,sofascore
1128164,Srivastava D / Goyal G,srivastava-d-goyal-g,sofascore
1128175,Iskandarov S / Karnavar A,iskandarov-s-karnavar-a,sofascore
1128177,Ahmadzada A / Guluzade O,ahmadzada-a-guluzade-o,sofascore
1128174,Hasanov H / Mammadov N,hasanov-h-mammadov-n,sofascore
1128172,Andersen M B / Vos E,andersen-m-b-vos-e,sofascore
1128173,Mishra S / Srivastava D,mishra-s-srivastava-d,sofascore
1128176,Chen A / Rebetez Y,chen-a-rebetez-y,sofascore
1128178,Guluzade O.,guluzade-onur,sofascore
1128657,Burgos N / Takahashi G,burgos-n-takahashi-g,sofascore
1128656,Vos E / Watanabe L,vos-e-watanabe-l,sofascore
1128655,Ahmadzada A / Nurmatova M,ahmadzada-a-nurmatova-m,sofascore
1128161,Abdulhamidova L / Mikayilova Z,abdulhamidova-l-mikayilova-z,sofascore
1128162,Papadimitriou M / Rahimi E,papadimitriou-m-rahimi-e,sofascore
1128163,Asgarova A / Mammadli Y,asgarova-a-mammadli-y,sofascore
1128648,Choi H / Yoo S,choi-h-yoo-s,sofascore
1128647,Ortega D / Tofant A,ortega-d-tofant-a,sofascore
1128650,Rad E F / Zhang S,rad-e-f-zhang-s,sofascore
1128646,Senaga Shiray K A / Takahashi G,senaga-shiray-k-a-takahashi-g,sofascore
1128649,Aso R / Sasao A,aso-r-sasao-a,sofascore
1128651,Sakai Y / Suzuki H,sakai-y-suzuki-h,sofascore
1128652,Chew C / Chua J S H,chew-c-chua-j-s-h,sofascore
1128654,Kahraman K / Yilmaz T,kahraman-k-yilmaz-t,sofascore
1128653,Rios Romero C J A / Tovar Giraldo J A,rios-romero-c-j-a-tovar-giraldo-j-a,sofascore
1128851,Levicky M.,levicky-matej,sofascore
1129274,Baranowski J.,baranowski-jakub,sofascore
1129275,Twarog M.,twarog-mateusz,sofascore
1129558,Chojnacki P.,chojnacki-pawel,sofascore
1130573,Zidek V.,zidek-vaclav,sofascore
1130525,Elbeialy M.,elbeialy-mohamed-ahmed-elsayed,sofascore
1131088,Pal A / Jee M,pal-a-jee-m,sofascore
1131093,Yuan L / Wang Yidi,yuan-l-wang-yidi,sofascore
1131095,Falck M / Varady B,falck-m-varady-b,sofascore
1131090,Xiang P / Xue F,xiang-p-xue-f,sofascore
1131094,Huang Y / Wen R,huang-y-wen-r,sofascore
1131098,Chen Yua / Kuai M,chen-yua-kuai-m,sofascore
1131097,Sareen A / Ghorpade Y,sareen-a-ghorpade-y,sofascore
1131099,Dragoman A / Lutz Ch,dragoman-a-lutz-ch,sofascore
1131100,Wang Yidi / Zhang L,wang-yidi-zhang-l,sofascore
1131091,Wang Xiaot / Xu Yi,wang-xiaot-xu-yi,sofascore
1131101,Bae H / Cifuentes H,bae-h-cifuentes-h,sofascore
1131096,Habesohn D / Yiu K T,habesohn-d-yiu-k-t,sofascore
1131089,Hayata H / Joo C,hayata-h-joo-c,sofascore
1131576,Burkacki A.,burkacki-adrian,sofascore
1131977,Szczepanski M.,szczepanski-mateusz,sofascore
1131092,Bertelsmeier A / Jain P,bertelsmeier-a-jain-p,sofascore
1132523,Oborny D.,oborny-dominik,sofascore
1132524,Guliak R.,guliak-roman,sofascore
1132703,Komorowicz J.,komorowicz-jakub,sofascore
1133509,Maszczynski D.,maszczynski-dariusz,sofascore
1133964,Lauber J.,lauber-jakub,sofascore
1135704,Rybak K.,rybak-kazimierz,sofascore
1133596,Moldova,moldova,sofascore
1136026,Terna D.,terna-denis,sofascore
1136298,Nagy J.,nagy-judit,sofascore
1136300,Nagy R.,nagy-rebeka,sofascore
1136348,Sadikovic M.,sadikovic-melisa,sofascore
1136109,Czuj W.,czuj-wladyslaw,sofascore
1136873,Whitton L.,whitton-lara,sofascore
1137093,Petery J.,petery-johanna,sofascore
1137125,Dumont T.,dumont-tessy,sofascore
1136756,Fejtek O.,fejtek-ondrej,sofascore
1137041,Kolovratnik P.,kolovratnik-petr,sofascore
1137543,Jahoda M.,jahoda-milan,sofascore
1138207,Hunter J.,hunter-joseph,sofascore
1138203,Trumpauskas L.,trumpauskas-larry,sofascore
1138204,Thomis F.,thomis-felix,sofascore
1138206,Piwowar K.,piwowar-kacper,sofascore
1138205,Piwowar J.,piwowar-jakub,sofascore
1138208,Makhkamov D.,makhkamov-doniyor,sofascore
1138209,Radiven M.,radiven-max,sofascore
1138215,Lutz C / Zarif A,lutz-c-zarif-a,sofascore
1138224,Jesiek J.,jesiek-jakub,sofascore
1138211,Lee Z / Yoo S,lee-z-yoo-s,sofascore
1138213,Batra M / Chitale D P,batra-m-chitale-d-p,sofascore
1138210,Shi X / Zhang X,shi-x-zhang-x,sofascore
1138212,Ng W L / Wong H T,ng-w-l-wong-h-t,sofascore
1138214,Griesel M / Schreiner F,griesel-m-schreiner-f,sofascore
1138675,Han F / Yang Y,han-f-yang-y,sofascore
1138676,Earley S / Ho T-T,earley-s-ho-t-t,sofascore
1138216,Quek I / Ser L Q,quek-i-ser-l-q,sofascore
1138674,Uda Y / Shin Y,uda-y-shin-y,sofascore
1138677,Harimoto M / Hashimoto H,harimoto-m-hashimoto-h,sofascore
1138679,Hursey A / Szocs B C,hursey-a-szocs-b-c,sofascore
1138678,Drinkhall P / Hursey A,drinkhall-p-hursey-a,sofascore
1138861,Jurena D.,jurena-daniel,sofascore
1138862,Szymanski M.,szymanski-mateusz,sofascore
1139063,Barton D.,barton-david,sofascore
1139158,Schafer L.,schafer-lorenz,sofascore
1139616,Barton A.,barton-aleksander,sofascore
1140110,Kulczycki A.,kulczycki-alan,sofascore
1140361,Matysek V.,matysek-vlastimil,sofascore
1140410,Navratil T.,navratil-tomas,sofascore
1141114,Drazan P.,drazan-pavel,sofascore
1141695,Sokolowski O.,sokolowski-oskar,sofascore
1141665,Stehlik P.,stehlik-petr,sofascore
1142174,Cseri A.,cseri-adam,sofascore
1142173,Harencak J.,harencak-jakub,sofascore
1145242,Silva I.,silva-irina,sofascore
1145245,Wang J.,wang-jin,sofascore
1145244,Byun Seoyoung,byun-seoyoung,sofascore
1145077,Green C / Ho T,green-c-ho-t,sofascore
1145078,Lorenzo S / Arguelles C,lorenzo-s-arguelles-c,sofascore
1145075,Jarvis T D / Hursey A,jarvis-t-d-hursey-a,sofascore
1145076,Kim G / Yoo Y,kim-g-yoo-y,sofascore
1145080,Tauber M / Rios V,tauber-m-rios-v,sofascore
1145084,Kobayashi H / Takeya M,kobayashi-h-takeya-m,sofascore
1145081,Mati T / Rodriguez A,mati-t-rodriguez-a,sofascore
1145082,Rios C / Obando C,rios-c-obando-c,sofascore
1145083,Seo J / Heo Y,seo-j-heo-y,sofascore
1145079,Abiodun T / Leal J,abiodun-t-leal-j,sofascore
1143835,Kurek P.,kurek-pawel,sofascore
1143836,Delikatny K.,delikatny-kacper,sofascore
1145250,Laine-Campino C.,laine-campino-clement,sofascore
1145207,Shushan E.,shushan-eitay,sofascore
1145206,Griesel M / Hursey A,griesel-m-hursey-a,sofascore
1145203,Ho T-T / Moret R,ho-t-t-moret-r,sofascore
1145204,Koshkumbayeva Z / Mirkadirova S,koshkumbayeva-z-mirkadirova-s,sofascore
1145209,Igarashi F / Kobayashi H,igarashi-f-kobayashi-h,sofascore
1145210,Kim G / Kwon H,kim-g-kwon-h,sofascore
1145189,Kharki I / Zakharov V,kharki-i-zakharov-v,sofascore
1145190,Pinto D / Vallino F,pinto-d-vallino-f,sofascore
1145205,Shushan E / Tauber M,shushan-e-tauber-m,sofascore
1145208,Mati T / Okanlawon U I,mati-t-okanlawon-u-i,sofascore
1148070,Kwon H / Kim S,kwon-h-kim-s,sofascore
1148071,Laine-Campino C / Pinto M,laine-campino-c-pinto-m,sofascore
1148049,Geraldo J / Santa Comba M,geraldo-j-santa-comba-m,sofascore
1148003,Goncalves C.,goncalves-carlos,sofascore
1148007,Leal J / Santa Comba M,leal-j-santa-comba-m,sofascore
1148006,Kim S / Yoo Y,kim-s-yoo-y,sofascore
1148004,Heo Y / Ji E,heo-y-ji-e,sofascore
1148005,Burgos B / Rodriguez A,burgos-b-rodriguez-a,sofascore
1148008,LE E / Quek I,le-e-quek-i,sofascore
1148009,Haug B / Teodoro G,haug-b-teodoro-g,sofascore
1148010,Kim D / Seo J,kim-d-seo-j,sofascore
1148011,Cho D / Kim M,cho-d-kim-m,sofascore
1148012,Abiodun T / Laine-Campino C,abiodun-t-laine-campino-c,sofascore
1149588,Cao A.,cao-andrew,sofascore
1149587,Cabrera T.,cabrera-tomas,sofascore
1149586,Perkowski K.,perkowski-kacper,sofascore
1149589,Matsushita T.,matsushita-taisei,sofascore
1149590,Michna S.,michna-samuel,sofascore
1149591,Pakula A.,pakula-aleks,sofascore
1149592,Zyworonek P.,zyworonek-patryk,sofascore
1149635,Blaszczyk M / Formela R,blaszczyk-m-formela-r,sofascore
1149638,Michna S / Zyworonek P,michna-s-zyworonek-p,sofascore
1149642,Dziuba P / Felkel G,dziuba-p-felkel-g,sofascore
1149643,Klajber A / Palusek S,klajber-a-palusek-s,sofascore
1149639,Kveton O / Moravek R,kveton-o-moravek-r,sofascore
1149644,Igarashi F / Matsushita T,igarashi-f-matsushita-t,sofascore
1149585,Zelezik J.,zelezik-jacek,sofascore
1149634,Kveton O / Kodetova H,kveton-o-kodetova-h,sofascore
1149637,Igarashi F / Yokoi S,igarashi-f-yokoi-s,sofascore
1149641,Shushan E / Davidov E,shushan-e-davidov-e,sofascore
1149640,Tauber M / Rodriguez A,tauber-m-rodriguez-a,sofascore
1150434,Luu F / Moyland S,luu-f-moyland-s,sofascore
1150435,Kolasa S / Wegrzyn A,kolasa-s-wegrzyn-a,sofascore
1150436,Valenta J / Polakova V,valenta-j-polakova-v,sofascore
1150437,Zelinka J / Burgos B,zelinka-j-burgos-b,sofascore
1150439,Kubik M / Bajor N,kubik-m-bajor-n,sofascore
1150438,Lum N / Psihogios C,lum-n-psihogios-c,sofascore
1150421,Gajewska N.,gajewska-natalia,sofascore
1150641,Tomas L.,tomas-lukas,sofascore
1149636,Formela R.,formela-rafal,sofascore
1150422,Chua J S H / Le E,chua-j-s-h-le-e,sofascore
1150424,Kubik M / Meissner C,kubik-m-meissner-c,sofascore
1150423,Gawlas M / Kolasa S,gawlas-m-kolasa-s,sofascore
1150427,Bertrand I / Stoyanov N,bertrand-i-stoyanov-n,sofascore
1150426,Bae H / Bae W,bae-h-bae-w,sofascore
1150425,Kaucky J / Valenta J,kaucky-j-valenta-j,sofascore
1150433,Pawelec Z.,pawelec-zuzanna,sofascore
1150428,Chevallier C / Robbes J,chevallier-c-robbes-j,sofascore
1150429,Matiunina V / Neumann J,matiunina-v-neumann-j,sofascore
1150432,Davidov E / Psihogios C,davidov-e-psihogios-c,sofascore
1150430,Gajewska N / Pawelec Z,gajewska-n-pawelec-z,sofascore
1150431,Cruz K R / Moyland S,cruz-k-r-moyland-s,sofascore
1150772,Jeger M / Kukulkova T,jeger-m-kukulkova-t,sofascore
1150577,Denis Zhurenko,denis-zhurenko,sofascore
1150584,Evgeniy Petrov,evgeniy-petrov,sofascore
1150836,Lukasz Bednarek,lukasz-bednarek,sofascore
1150834,Mariusz Saluda,mariusz-saluda,sofascore
1150847,Anton Zheleznov,anton-zheleznov,sofascore
1150849,Mateusz Kukkuk,mateusz-kukkuk,sofascore
1150850,Zbigniew Kisala,zbigniew-kisala,sofascore
1150642,Tokarski K.,tokarski-krzysztof,sofascore
1150837,Serhii Hovorunets,sergey-govorunets,sofascore
1150840,Regush A.,andrey-regush,sofascore
1150841,Slozka V.,viktor-slozka,sofascore
1150842,Kaderabek O.,ondrej-kaderabek,sofascore
1150843,Makara M.,michal-makara,sofascore
1150838,Kozoriz D.,denys-kozoriz,sofascore
1145289,Alicante Tenis de Mes,alicante-tenis-de-mes,sofascore
1145291,Fenerbahce SK,fenerbahce-sk,sofascore
1145288,CD Indiana Games,cd-indiana-games,sofascore
1150946,Cervenka J.,cervenka-jan,sofascore
1145290,CD 1 de Maio,clube-desportivo-1-de-maio,sofascore
1151489,Kaneyoshi Y.,kaneyoshi-yuka,sofascore
1151629,Moreno A.,moreno-alex,sofascore
1151443,Lam N.,lam-nathan,sofascore
1151615,AL Balushi M / AL Riyami A,al-balushi-m-al-riyami-a,sofascore
1151616,Aida S / Mladenovic L,aida-s-mladenovic-l,sofascore
1151617,Gupta A / Suravajjula S,gupta-a-suravajjula-s,sofascore
1151614,AL Farsi L / AL Rashdi B,al-farsi-l-al-rashdi-b,sofascore
1151640,Kucharek J.,kucharek-jerzy,sofascore
1152372,Jain P / Pal A,jain-p-pal-a,sofascore
1152373,Jang W / Park Gyu,jang-w-park-gyu,sofascore
1152374,Hamada K / Sakai Y,hamada-k-sakai-y,sofascore
1152375,Shams N / Zalewski M,shams-n-zalewski-m,sofascore
1152404,Shams H / Zalewski M,shams-h-zalewski-m,sofascore
1152370,Liu Ya / Wu Jiam,liu-ya-wu-jiam,sofascore
1152368,Kutumbale A / Mukherjee S,kutumbale-a-mukherjee-s,sofascore
1152369,Chitale D P / Ghosh S,chitale-d-p-ghosh-s,sofascore
1152729,Cabis M.,cabis-michal,sofascore
1152730,Prikasky L.,prikasky-libor,sofascore
1152731,Navedla M.,navedla-matyas,sofascore
1153590,Stephany L.,stephany-loris,sofascore
1153592,Sahr A.,sahr-aaron,sofascore
1153594,Gevers P.,gevers-per,sofascore
1153595,Stojanoski G.,stojanoski-georgij,sofascore
1153591,Lee Y.,lee-yeonsu,sofascore
1153611,Antoine-Michard M.,antoine-michard-maxime,sofascore
1153600,Stojanoski M.,stojanoski-mihail,sofascore
1153598,Closset T / Gevers P,closset-t-gevers-p,sofascore
1153601,Ban I / Zeljko F,ban-i-zeljko-f,sofascore
1153596,Dorcescu D / Fruchart B,dorcescu-d-fruchart-b,sofascore
1153599,Camara G / de Boer M,camara-g-de-boer-m,sofascore
1152995,Ulrich N.,ulrich-numa,sofascore
1152996,Tamari T.,tamari-taiga,sofascore
1154083,Fruchart B / Cok I,fruchart-b-cok-i,sofascore
1154081,Jang S / Yang H E,jang-s-yang-h-e,sofascore
1154082,Sahr A / Sadikovic E,sahr-a-sadikovic-e,sofascore
1154086,van Dessel M / Men S,van-dessel-m-men-s,sofascore
1154084,Stephany L / Scholz V,stephany-l-scholz-v,sofascore
1154080,Kang D / Lee D,kang-d-lee-d,sofascore
1154085,Ranefur E / Bergstrom L,ranefur-e-bergstrom-l,sofascore
1154087,Mende R.,mende-rin,sofascore
1153593,Gerassimenko A / Gerassimenko T,gerassimenko-a-gerassimenko-t,sofascore
1153597,Sahr A / Stephany L,sahr-a-stephany-l,sofascore
1154125,Abbasi A / Bhanja R,abbasi-a-bhanja-r,sofascore
1154121,Jang S / Kim D,jang-s-kim-d,sofascore
1154122,Kang D / Muramatsu Y,kang-d-muramatsu-y,sofascore
1154124,Haug B / Meissner C,haug-b-meissner-c,sofascore
1154126,Perez J / Teodoro G,perez-j-teodoro-g,sofascore
1154120,Sakai Y / Yokotani J,sakai-y-yokotani-j,sofascore
1154123,Cruz Aponte D E / Guete D,cruz-aponte-d-e-guete-d,sofascore
1154106,Akae K / Mende R,akae-k-mende-r,sofascore
1154107,Hansson M / Rahimi E,hansson-m-rahimi-e,sofascore
1154110,Lee Seun / Park Gah,lee-seun-park-gah,sofascore
1154108,Choi S / Lee D,choi-s-lee-d,sofascore
1154109,Sadikovic E / Scholz V,sadikovic-e-scholz-v,sofascore
1154104,Cok I / Labosova E,cok-i-labosova-e,sofascore
1154105,Puchovanova N / Wiltschkova D,puchovanova-n-wiltschkova-d,sofascore
1154303,Bergstrom L / Varady B,bergstrom-l-varady-b,sofascore
1154816,Ulrych M.,ulrych-martin,sofascore
1154634,Ilia Ostryi,ilia-ostryi,sofascore
1154637,Cmil M.,marcel-cmil,sofascore
1154638,Melnik O.,melnik-orest,sofascore
1154639,Didyk A.,didyk-andriy,sofascore
1154641,Osipov S.,osipov-sergey,sofascore
1154642,Korniichuk V.,korniichuk-vitalii,sofascore
379326,Pytsko I.,pytsko-ivan,sofascore
1154640,Maltsev D.,maltsev-denys,sofascore
1154643,Kovshun Y.,kovshun-yaroslav,sofascore
1154644,Muller P.,muller-patrik,sofascore
1154645,Akopyan A.,akopyan-artur,sofascore
1154647,Zinov M.,zinov-mykyta,sofascore
1154646,Voronenkov V.,voronenkov-volodymyr,sofascore
1154649,Kasyanov A.,kasyanov-artem,sofascore
1154648,Borodii A.,borodii-artiom,sofascore
1154652,Alexandru D.,alexandru-duplii,sofascore
1154653,Uzun A.,uzun-alexander,sofascore
1154650,Durovic R.,durovic-roman,sofascore
1154651,Liska T.,liska-tomas,sofascore
1154654,Stetsenko M.,maxim-stetsenko,sofascore
1154655,Ovsienko O.,ovsienko-oleksandr,sofascore
1154659,Urezchenko Y.,urezchenko-yurii,sofascore
1154660,Zvolinskyi Y.,zvolinskyi-yurii,sofascore
1154657,Habrelyan D.,habrelyan-daniil,sofascore
1154656,Maksymiv S.,maximiv-sergey,sofascore
1154658,Maksymkiv O.,maksymkiv-oleh,sofascore
1154664,Kurliuk V.,kurliuk-valentyn,sofascore
1154665,Sushko I.,sushko-ivan,sofascore
1154661,Chuhai S.,chuhai-serhii,sofascore
1154662,Vedernicov A.,vedernicov-alexandru,sofascore
1154663,Mihalachi I.,mihalachi-igor,sofascore
1154666,Kaidakov V.,kaidakov-volodymyr,sofascore
1154667,Kuzmenko G.,kuzmenko-gregory,sofascore
1154668,Nitchenko I.,nitchenko-ivan,sofascore
1154669,Plakhtyi B.,plakhtyi-bohdan,sofascore
1154695,Levytskyi O.,levytskyi-oleksandr,sofascore
1154696,Hrytsenko E.,hrytsenko-evhenii,sofascore
1154697,Hnoievoi R.,hnoievoi-roman,sofascore
1154968,Potmesil P.,potmesil-pavel,sofascore
1154969,Wojtaszczyk W.,wojtaszczyk-wojciech,sofascore
1155071,Husek F.,filip-husek,sofascore
1155256,Cipriano J.,cipriano-jacopo,sofascore
501968,Etim O.,etim-orok,sofascore
1155314,Augustine E / Fashola A,augustine-e-fashola-a,sofascore
1155315,Monteiro J / Leal J,monteiro-j-leal-j,sofascore
1155416,Loth M.,loth-manon,sofascore
1155409,Zalewski M / Wielgos Z,zalewski-m-wielgos-z,sofascore
1155410,Naresh N / Massart L,naresh-n-massart-l,sofascore
1155317,Doyen A / Friis M,doyen-a-friis-m,sofascore
1155320,Istrate A T / Ursut H S,istrate-a-t-ursut-h-s,sofascore
1155319,Bhanja R / Desai H,bhanja-r-desai-h,sofascore
1155318,Dziuba P / Zalewski M,dziuba-p-zalewski-m,sofascore
1155321,Riera J / Rodriguez A,riera-j-rodriguez-a,sofascore
1155316,Dymytrenko A / Massart L,dymytrenko-a-massart-l,sofascore
1155423,Allegranza G / Pinto D,allegranza-g-pinto-d,sofascore
1155422,Cho SE / Pistej L,cho-se-pistej-l,sofascore
1155421,Naresh N / Suravajjula S,naresh-n-suravajjula-s,sofascore
1155420,Loth M / Picu M,loth-m-picu-m,sofascore
1155415,Bernatskyi E.,bernatskyi-eduard,sofascore
1156115,Napirko O.,oleh-napirko,sofascore
1156129,Kylo S.,serhey-kylo,sofascore
424403,Yurkov D.,yurkov-dmitriy,sofascore
1156121,Liashchevskyi S.,liashchevskyi-serhii,sofascore
1156117,Wasik P.,wasik-petr,sofascore
1156127,Skyba M.,martin-skyba,sofascore
1156116,Konkulovskyi R.,konkulovskyi-roman,sofascore
1156140,Burylov V.,burylov-volodymyr,sofascore
1156135,Hlavacek T.,hlavacek-tomas,sofascore
1156141,Vasatko Z.,vasatko-zdenek,sofascore
1156138,Marek V.,marek-vyskocil,sofascore
1156123,Hura O.,hura-orest,sofascore
1156132,Andryushchenko R.,roman-andryushchenko,sofascore
1156134,Shyshman O.,oleksandr-shyshman,sofascore
1156340,Zustina L.,zustina-lukas,sofascore
1156341,Mrowetz B.,mrowetz-bruno,sofascore
1156342,Slivka T.,slivka-tadeas,sofascore
1156343,Sindler J.,sindler-jaroslav,sofascore
1156344,Sikora R.,sikora-robert,sofascore
1156345,Pawlik D.,pawlik-dominik,sofascore
1156346,Kulhanek T.,kulhanek-tomas,sofascore
1156347,Heuman I.,heuman-ivan,sofascore
1156126,Oliynyk H.,oliynyk-hryhoriy,sofascore
1156125,Stanciu D.,stanciu-dinu,sofascore
1156142,Capbatut P.,capbatut-petru,sofascore
1156120,Honcharenko S.,honcharenko-serhii,sofascore
1156137,Matviichuk V.,vasyl-matviichuk,sofascore
1156128,Mirchu S.,mirchu-sergey,sofascore
1156124,Calev L.,leonid-calev,sofascore
1156119,Hryhoriev R.,hryhoriev-roman,sofascore
1156131,Matveichuk R.,roman-matveichuk,sofascore
1156136,Fomin M.,fomin-mykyta,sofascore
1156133,Krojidlo J.,krojidlo-jan,sofascore
1156144,Chumak V.,chumak-valentin,sofascore
1156143,Veigl L.,veigl-lukas,sofascore
1156145,Shyndel O.,shindel-oleksiy,sofascore
1156158,Calmis A.,calmis-andrei,sofascore
1156157,Bodac A.,bodac-alexandr,sofascore
1156167,Sulima I.,sulima-ilie,sofascore
1156192,Toma N.,toma-nicolae,sofascore
1156311,Baranskyi S.,baranskyi-serhii,sofascore
1156162,Bambuleac C.,bambuleac-cristian,sofascore
1156212,Uzun N.,uzun-nykolai,sofascore
1156169,Ungurean M.,ungurean-maksim,sofascore
1156231,Iasciuc V.,iasciuc-victor,sofascore
1156154,Toman V.,vojtech-toman,sofascore
1156153,Bertho T.,tadeas-bertho,sofascore
1156310,Gashlama A.,gashlama-alexandr,sofascore
1156309,Ciubinidze M.,ciubinidze-miroslav,sofascore
424343,Volodymyr Ivasiv,ivasiv-volodymyr,sofascore
1156316,Veremiichuk Y.,veremiichuk-yaroslav,sofascore
1156315,Ursu S.,ursu-sergiu,sofascore
1156300,Loboda M.,myroslav-loboda,sofascore
1156312,Homylko A.,homylko-andrii,sofascore
1156314,Mishchenko O.,mishchenko-oleksandr,sofascore
1156313,Kovalchuk A.,kovalchuk-aleksandr,sofascore
1156336,Tihoniuc  V.,victor-tikhonyuk,sofascore
1156334,Salaru N.,nicolae-salaru,sofascore
1156366,Ghimp F.,fiodor-ghimp,sofascore
1156367,Urechean V.,vadim-urechean,sofascore
1156331,Rubets V.,rubets-vitalii,sofascore
1156317,Prylepa D.,dmytro-prylepa,sofascore
1156318,Maliuk S.,sergey-maluk,sofascore
1156332,Marhol J.,marhol-jan,sofascore
1156362,Khavanskyi D.,denis-khavansky,sofascore
1156368,Saakian V.,vihen-saakian,sofascore
1156420,Sveshnykov R.,roman-sveshnykov,sofascore
1156333,Holomek T.,holomek-tomas,sofascore
1156335,Mezera O.,ondrej-mezera,sofascore
1156348,Dusan Cecotka,cecotka-dusan,sofascore
1156349,Dokoupil J.,dokoupil-jiri,sofascore
1156350,Pawlik D.,pawlik-dalibor,sofascore
1156351,Travnicek J.,travnicek-jakub,sofascore
1156352,Macurak M.,macurak-michal,sofascore
1156565,Mandrysz F.,mandrysz-filip,sofascore
1156566,Hitzger J.,hitzger-jakub,sofascore
1156353,Orszulik J.,orszulik-jan,sofascore
1156369,Voinarovskyi F.,fedir-voinarovskyi,sofascore
1156418,Kryvoshyi S.,serhii-kryvoshyi,sofascore
1156447,Cojocaru D.,dorin-cojocaru,sofascore
1156448,Butnaru D.,dumitru-butnaru,sofascore
1156413,Dubinin I.,ihor-dubinin,sofascore
1156417,Vasylets A.,andrii-vasylets,sofascore
1156422,Dobrovolskyi V.,vladimir-dobrovolsky,sofascore
1156421,Martynenko O.,oleh-martynenko,sofascore
1156457,Corghencea R.,radomir-corghencea,sofascore
1156452,Bucos O.,oleg-bucos,sofascore
1156424,Lyman O.,oleksandr-lyman,sofascore
1156423,Pereiaslov A.,andrii-pereiaslov,sofascore
1156427,Buianover H.,hennadii-buiano,sofascore
1156416,Kushnirenko S.,sergiy-kushnyrenko,sofascore
1156428,Elfemov I.,ivan-elfemov,sofascore
1156454,Chadima O.,ondrej-chadima,sofascore
1156455,Oplt P.,pavel-oplt,sofascore
1156458,Marenco A.,anton-marenco,sofascore
1156461,Burucenco V.,vadim-burucenco,sofascore
1156459,Cioclea I.,igor-m-cioclea,sofascore
1156460,Casapciuc S.,stanislav-casapciuc,sofascore
1156453,Strutinskiy O.,oleksandr-strutinskiy,sofascore
1156445,Zhyrnov O.,aleksandr-zhirnov,sofascore
1156462,Turcan V.,victor-turcan,sofascore
1156472,Belibov D.,daniel-belibov,sofascore
1156473,Dobrjinschi O.,oleg-dobrjinschi,sofascore
1156446,Sedivy Z.,sedivy-zdenek,sofascore
1156451,Heinzl L.,lukas-heinzl,sofascore
1156449,Kolman L.,leon-kolman,sofascore
1156444,Pavlik A.,adam-pavlik,sofascore
1156474,Gribcov D.,dmitri-gribcov,sofascore
1156475,Plescaci V.,vitalie-plescaci,sofascore
1156544,Mitul A.,anatoli-mitul,sofascore
1156554,Paniivan H.,paniivan-hennadii,sofascore
1156559,Yavorskiy O.,yavorskiy-oleksandr,sofascore
1156450,Danylo Us.,danylo-us,sofascore
1156456,Plakushchyi P.,pavel-plakushchyi,sofascore
1156553,Culaghin D.,culaghin-dmitri,sofascore
1156552,Iskander C.,iskander-christopher,sofascore
1156593,Barancean S.,sergiu-barancean,sofascore
1156571,Kosogolov A.,alexandr-kosogolov,sofascore
1156576,Palii D.,dmytro-palii,sofascore
1156590,Badanin O.,oleksandr-badanin,sofascore
1156583,Hryhorii Prokopenko,grigoriy-prokopenko,sofascore
1156584,Ihor Sorochan,ihor-sorochan,sofascore
1156561,Kalensky S.,kalensky-stepan,sofascore
1156560,Miroshnychenko S.,miroshnychenko-serhii,sofascore
1156573,Anatoliy Lysyi,anatoliy-lysyi,sofascore
1156555,Obraz M.,obraz-martin,sofascore
1156558,Chornobai M.,chornobai-mykola,sofascore
1156557,Stibor M.,stibor-michal,sofascore
1156556,Myler M.,myler-matej,sofascore
1156662,Chmelicek M.,chmelicek-martin,sofascore
1156663,Reska V.,reska-vladislav,sofascore
1156849,Cizek A.,cizek-ales,sofascore
1156850,Molin T.,molin-tomas,sofascore
1156851,Horky J.,horky-jakub,sofascore
1156572,Nikolenko A.,anatolii-nikolenko,sofascore
1156586,Jachym Juppa,jachym-juppa,sofascore
1156582,Gavryshko O.,gavryshko-oleg,sofascore
1156594,Lopata V.,vladimir-lopata,sofascore
1156682,Buianov E.,buianov-eduard,sofascore
1156660,Meriacri A.,aurel-meriacri,sofascore
1156575,Neborak D.,dmytro-neborak,sofascore
1156587,Gruber J.,josef-gruber,sofascore
1156585,Ivan Arkhipov,ivan-arkhipov,sofascore
1156588,Hanacek J.,josef-hanacek,sofascore
1156591,Petr Maly,petr-maly,sofascore
1156581,Kubos F.,filip-kubos,sofascore
1156748,Dirul V.,dirul-vitalie,sofascore
1156592,Ruslan Haiseniuk,ruslan-haysenyuk,sofascore
1156722,Turcanu M.,turcanu-maxim,sofascore
1156589,Hrynenko K.,kostiantyn-hrynenko,sofascore
1156574,Derevynskyi D.,dmytro-derevynskyi,sofascore
1156746,Sirbu V.,sirbu-veaceslav,sofascore
1156717,Fastov A.,fastov-andrii,sofascore
1156712,Aldayev D.,aldayev-denis,sofascore
1156780,Mykola Karnauh,mykola-karnauh,sofascore
1156740,Romanenko V.,romanenko-valerii,sofascore
1156736,Boklah R.,boklah-roman,sofascore
1156738,Sideltsev S.,sideltsev-sergii,sofascore
1156735,Pisa R.,pisa-radovan,sofascore
1156731,Kolos O.,kolos-oleksandr,sofascore
1156751,Priadko Y.,priadko-yurii,sofascore
1156730,Shvydkyi O.,shvydkyi-oleg,sofascore
1156729,Novik D.,novik-dmytro,sofascore
1156716,Bakin E.,bakin-evgenii,sofascore
1156715,Ruzicka D.,ruzicka-dominik,sofascore
1156726,Barton M.,barton-milan,sofascore
1156739,Hucko T.,hucko-tomas,sofascore
1156852,Precek E.,precek-erik,sofascore
1156853,Volny J.,volny-jakub,sofascore
1156854,Vitasek D.,vitasek-daniel,sofascore
1156855,Gembala J.,gembala-jan,sofascore
1156890,Sobota M.,sobota-martin,sofascore
1156891,Jakub Lysek,lysek-jakub,sofascore
1156892,Stempak T.,stempak-tomas,sofascore
1156724,Tiutiunnyk M.,tiutiunnyk-maksym,sofascore
1156733,Ziakun O.,ziakun-oleksandr,sofascore
1156737,Aristarkhov S.,aristarkhov-serhii,sofascore
1156720,Hendrych L.,hendrych-ladislav,sofascore
1156721,Krutina L.,krutina-lukas,sofascore
1156727,Vydra M.,vydra-milan,sofascore
1156734,Slunecko R.,slunecko-radek,sofascore
1156725,Snizek M.,snizek-michal,sofascore
1156718,Vasylyshyn I.,vasylyshyn-ihor,sofascore
1156732,Tymofeev O.,tymofeev-oleksandr,sofascore
1156719,Seeman J.,seeman-jan,sofascore
1156870,Yevgeniy Zotov,yevgeniy-zotov,sofascore
1156714,Shchegelskyi D.,shchegelskyi-dmytro,sofascore
1156749,Vladyslav Kovalchuk,kovalchuk-vladyslav,sofascore
1156723,Maksym Khomenko,khomenko-maksym,sofascore
1156728,Slozka M.,slozka-mykola,sofascore
1156873,Rotari A.,alexei-rotari,sofascore
1156902,Kalenyk S.,serhii-kalenyk,sofascore
1156897,Obishchenko A.,andrii-obishchenko,sofascore
1156876,Orlowski P.,petr-orlowski,sofascore
1156901,Stopin O.,oleh-stopin,sofascore
1156894,Korotin Y.,yevhenii-korotin,sofascore
1156963,Kocur M.,kocur-michal,sofascore
1156964,Oleksik J.,oleksik-jan,sofascore
1157039,Krupnik SR L.,krupnik-sr-lukas,sofascore
464968,Pham R.,pham-remy,sofascore
1156900,Mykhailo Khalenko,mykhailo-khalenko,sofascore
1156906,Simchuk V.,viacheslav-simchuk,sofascore
1156957,Anghel V.,anghel-vitalie,sofascore
1156952,Demian F.,fiodor-demian,sofascore
1156948,Ihor Torgachov,ihor-torgachov,sofascore
1156949,Ziakun V.,viktor-ziakun,sofascore
1156950,Priadko S.,serhii-priadko,sofascore
1156954,Fexa M.,martin-fexa,sofascore
1156953,Farsky K.,karel-farsky,sofascore
1156960,Zaporojan V.,vladimir-zaporojan,sofascore
1156951,Kotiash A.,andrii-kotiash,sofascore
1156965,Cotorcea O.,oleg-cotorcea,sofascore
1156962,Mocan D.,david-mocan,sofascore
1156955,Tichy J.,jiri-tichy,sofascore
1156993,Spivacov O.,oleg-spivacov,sofascore
1156967,Kulishov H.,hryhorii-kulishov,sofascore
1157128,Vrnak J.,jan-vrnak,sofascore
1157130,Cervenak M.,miroslav-cervenak,sofascore
1157129,Svitac M.,matej-svitac,sofascore
1157453,Burmakin Y.,burmakin-yuri,sofascore
1157344,Arbidan A.,arbidan-aleksandr-anatolevich,sofascore
1157351,Narzukov D.,narzukov-dmitry,sofascore
1157350,Kuzmin A.,kuzmin-alexander,sofascore
1157354,Vasilev V.,vasilev-vadim,sofascore
1157454,Shkolnikov Y.,shkolnikov-yuri,sofascore
1157440,Kustov D.,kustov-dmitry,sofascore
1157176,Rotaru M.,rotaru-mihail,sofascore
1157131,Zhurba O.,oleksandr-zhurba,sofascore
1157175,Ciugureanu V.,ciugureanu-valeriu,sofascore
1157132,Debnar R.,radovan-debnar,sofascore
1157133,Kaganovych V.,vitalii-kaganovych,sofascore
1157180,Filip M.,mihail-filip,sofascore
1157179,Todiras I.,ion-todiras,sofascore
1157249,Galiuc E.,evgheni-galiuc,sofascore
1156878,Iurcenco I.,iuri-iurcenco,sofascore
1157304,Hyriavyi V.,victor-giryavy,sofascore
1157483,Skulina D.,skulina-david,sofascore
1157667,Osvald D.,osvald-david,sofascore
1157668,Matus J.,matus-jiri,sofascore
1157481,Khomyakov V.,khomyakov-vladislav,sofascore
1157482,Taltykin M.,taltykin-mikhail,sofascore
1157343,Mikhailov A.,aleksei-mikhailov,sofascore
1157441,Zubov A.,zubov-alexey,sofascore
1157433,Yankovsky A.,yankovsky-andrey,sofascore
1157644,Akkuratov A.,alexey-akkuratov,sofascore
424442,Bogomolov A.,bogomolov-albert,sofascore
1157372,Turnaev V.,turnaev-vladislav,sofascore
1157447,Sitnikov R.,sitnikov-roman,sofascore
1157664,Telnov E.,evgeny-telnov,sofascore
424455,Kutin V.,kutin-valery-vjacheslavovich,sofascore
351164,Nikulin S.,sergey-nikulin,sofascore
1157446,Agapov N.,agapov-nikolay,sofascore
1157432,Khramov A.,khramov-andrey,sofascore
1157384,Shershnev A.,shershnev-alexey,sofascore
1157346,Vasyutin I.,ilya-vasyutin,sofascore
1157434,Skoblov A.,skoblov-anton,sofascore
1157449,Akulin V.,akulin-valeriy,sofascore
1157302,Radkovsky A.,adam-radkovsky,sofascore
1157303,Evzen Ondracek,evzen-ondracek,sofascore
1156875,Titov A.,alexei-titov,sofascore
1157532,Policiuc A.,polichuk-oleksandr,sofascore
1157633,Turcanu R.,roman-turcanu,sofascore
1157657,Melnyk Y.,yuriy-melnyk,sofascore
1157711,Devyatnikov D.,daniil-devyatnikov,sofascore
1157709,Khrameev A.,andrei-khrameev,sofascore
1157730,Mokei A.,anton-mokei,sofascore
1157727,Lysakovskii S.,sergei-lysakovskii,sofascore
1157729,Mikhailovich P.,pontus-andrei-mikhailovich,sofascore
1157719,Shafiev R.,ruslan-shafiev,sofascore
1157708,Logunov A.,alexander-logunov,sofascore
1157759,Zhuk A.,aleksey-zhuk,sofascore
1157760,Konstantin Atomanchik,konstantin-atomanchik,sofascore
1157714,Didovich S.,sergey-didovich,sofascore
1157721,Chilek V.,vladimir-chilek,sofascore
1157720,Kuzhovnik S.,sergey-kuzhovnik,sofascore
1157718,Rustam Abdeev,rustam-abdeev,sofascore
1157722,Bairakov A.,andrei-bairakov,sofascore
1157724,Toporkov I.,ivan-toporkov,sofascore
1157723,Aleksei Aleksandrovich Shubin,aleksei-aleksandrovich-shubin,sofascore
1157443,Shipitsyn G.,shipitsyn-gennady,sofascore
1157452,Khurgin V.,khurgin-vladimir,sofascore
1157342,Andrei Nosov,andrei-nosov,sofascore
1157345,Denisov A.,artem-igorevich-denisov,sofascore
1157349,Skomskov V.,skomskov-valerii,sofascore
1157347,Kariukhin A.,kariukhin-alexander,sofascore
1157341,Izrailit A.,aleksandr-izrailit,sofascore
1157348,Stepanov S.,stepanov-sergey,sofascore
1157448,Sergey Drykin,drykin-sergey,sofascore
1157442,Kharlamov D.,kharlamov-dmitry,sofascore
1157451,Ayupov V.,ayupov-valery,sofascore
1157445,Mareev N.,mareev-nikita,sofascore
1157444,Atiunin M.,atiunin-mikhail,sofascore
1157480,Pryakhin V.,pryakhin-vadim,sofascore
1157744,Konstantinov D.,dmitry-konstantinov,sofascore
1157673,Tsybulsky V.,vladimir-tsybulsky,sofascore
1157674,Kadulin M.,maxim-kadulin,sofascore
1157746,Havrylov Y.,yurii-havrylov,sofascore
1157725,Pismennyi A.,aleksandr-pismennyi,sofascore
1157656,Simek J.,jakub-simek,sofascore
1157749,Melintii V.,vladimir-melintii,sofascore
1157785,Jan Rochowanski,jan-rochowanski,sofascore
1157716,Strigutsky D.,dmitry-strigutsky,sofascore
1157713,Kurilchik I.,ilya-kurilchik,sofascore
1157715,Skochelenkov K.,kiriil-skochelenkov,sofascore
1157717,Koshel V.,vladimir-koshel,sofascore
1157712,Martychan I.,igor-martychan,sofascore
1157710,Dmitrii Kulesha,kulesha-dmitrii,sofascore
1157707,Shepelevich I.,igor-shepelevich,sofascore
1157916,Lyalkov V.,vitaliy-lyalkov,sofascore
1157905,Nekhvedovich V.,vadim-nekhvedovich,sofascore
1157907,Serdiuk S.,sergei-serdiuk,sofascore
1157910,Ermolenko V.,vasily-ermolenko,sofascore
1157748,Redkin A.,andrey-redkin,sofascore
1157743,Olhovoi E.,evgenii-olhovoi,sofascore
1157741,Alexander Libatsky,alexander-libatsky,sofascore
1157726,Ivashov R.,roman-ivashov,sofascore
1157742,Danila Mikhailov,danila-mikhailov,sofascore
1157728,Kolunov O.,oleg-kolunov,sofascore
1157745,Ignatov M.,mikhail-ignatov,sofascore
1157705,Barchukov K.,konstantin-barchukov,sofascore
1157706,Yugov V.,vasily-yugov,sofascore
424486,Komarov D.,komarov-denis,sofascore
1157704,Kanygin D.,dmitry-kanygin,sofascore
1157763,Damir Nuriev,damir-nuriev,sofascore
1157761,Egorov P.,pavel-egorov,sofascore
1158013,Dmitry Tsarsky,dmitry-tsarsky,sofascore
1157812,Torianyk O.,oleh-torianyk,sofascore
1157813,Oleksandr Hoholev,oleksandr-hoholev,sofascore
1157811,Fedir Chashchin,fedir-chashchin,sofascore
1157815,Pohorilyi M.,pohorilyi-mykola,sofascore
1157816,Kruglyak V.,volodymyr-kruglyak,sofascore
1157814,Ondrej Horak,ondrej-horak,sofascore
1157938,Virlan A.,adrian-virlan,sofascore
1158014,Jirousek K.,karel-jirousek,sofascore
1158015,Vorel M.,martin-vorel,sofascore
1158272,Hengyu MA.,ma-hengyu,sofascore
1157922,Los A.,artem-los,sofascore
1157920,Glushko A.,alexander-glushko,sofascore
1157936,Petr Kernoga,petr-kernoga,sofascore
1157924,Galimov M.,mihail-galimov,sofascore
1157923,Gilenkov E.,evgenii-gilenkov,sofascore
1157921,Tokarevskii A.,anatolii-tokarevskii,sofascore
1158130,Masharskiy A.,aleksey-masharskiy,sofascore
1158132,Sergey Arefev,sergey-arefev,sofascore
1158133,Anishchenko V.,viktor-anishchenko,sofascore
1158131,Gus S.,sergei-gus,sofascore
1158129,Mutianko E.,evgenii-mutianko,sofascore
1158101,Kurial P.,kurial-patrik,sofascore
1158102,Krupa D.,krupa-daniel,sofascore
1158086,Danilov O.,oleh-danilov,sofascore
1158016,Nikita Shchavelev,nikita-shchavelev,sofascore
1158012,Kruglov A.,alexander-kruglov,sofascore
1158085,Barashkov O.,oleg-barashkov,sofascore
1158084,Poidashev A.,artem-poidashev,sofascore
1158087,Vitaly Baibakov,vitaly-baibakov,sofascore
1158268,Andrey Dontsenko,andrey-dontsenko,sofascore
1158269,Konstantinov S.,sergei-konstantinov,sofascore
1158202,Kochetkov K.,konstantin-kochetkov,sofascore
374559,Senyk M.,senyk-mykhailo,sofascore
1158019,Yuri Shcherbak,yuri-shcherbak,sofascore
1158018,Viktor Sydorchuk,viktor-sydorchuk,sofascore
1156879,Evgheni Cilcic,evgheni-cilcic,sofascore
1156871,Dubrovin V.,vsevolod-dubrovin,sofascore
1158017,Lobas V.,valentyn-lobas,sofascore
1156899,Copusciu M.,mihail-copusciu,sofascore
1158277,Kryvyi I.,ivan-kryvyi,sofascore
1158274,Serdiuk I.,ihor-serdiuk,sofascore
1158279,Pavel Sourek,pavel-sourek,sofascore
1158278,Kuzyshyn O.,oleh-kuzyshyn,sofascore
1158141,Kulesh A.,alexey-kulesh,sofascore
1158143,Vadim Beloded,vadim-beloded,sofascore
1158139,Tsykunov A.,aleksei-tsykunov,sofascore
1158140,Volsky A.,alexander-volsky,sofascore
1158343,Brutskiy V.,vladislav-brutskiy,sofascore
1158405,Mikhaylovskiy O.,oleg-mikhaylovskiy,sofascore
1158344,Siniavskii V.,vladimir-siniavskii,sofascore
1158340,Aleksandr Kazak,aleksandr-kazak,sofascore
1158342,Aituganov M.,marat-aituganov,sofascore
1158341,Kozich E.,evgeny-kozich,sofascore
1158350,Palat J.,palat-jiri,sofascore
1158411,Jonas B.,jonas-bartolomej,sofascore
1158273,Aleksandr Idrisov,aleksandr-idrisov,sofascore
1158238,Kondratyev G.,gennadiy-kondratyev,sofascore
1158362,Ivanov A.,alexey-ivanov,sofascore
1158234,Lavrov A.,andrey-lavrov,sofascore
1158233,Andrey Kogotkov,andrey-kogotkov,sofascore
1158275,Chistiakov A.,andrei-chistiakov,sofascore
1158335,Sevalnev N.,nikolay-sevalnev,sofascore
424500,Anisimov E.,anisimov-evgeny,sofascore
1158334,Ledyaev E.,evgeny-ledyaev,sofascore
1158083,Yatsiuk A.,andrey-yatsiuk,sofascore
1158348,Kononenko T.,taras-kononenko,sofascore
1158346,Malcoci M.,mihail-malcoci,sofascore
1158333,Kuzmenko A.,anatoly-kuzmenko,sofascore
1158337,Tsys D.,dmytro-tsys,sofascore
1158336,Hybl T.,tomas-hybl,sofascore
1158276,Kantarevych D.,denys-kantarevych,sofascore
1158406,Hlina P.,petr-hlina,sofascore
406801,Kulagin A.,kulagin-aleksandr,sofascore
1158452,Naumenko O.,oleg-naumenko,sofascore
1158453,Sergey Lugovskiy,sergey-lugovskiy,sofascore
1158451,Igor Zhelobkovich,igor-zhelobkovich,sofascore
1158454,Viktor Kozlov,viktor-kozlov,sofascore
1158550,Matvey Kravchuk,matvey-kravchuk,sofascore
1158506,Chovancik Z.,chovancik-zdenek,sofascore
1158502,Kizakisz N.,kizakisz-nikolaosz,sofascore
1158359,Kirillov A.,anton-kirillov,sofascore
1158360,Davlitshin I.,ildar-davlitshin,sofascore
1158361,Vasilevskii K.,kirill-vasilevskii,sofascore
1158351,Nikita Tolmachev,nikita-tolmachev,sofascore
424621,Cheklin M.,cheklin-mikhail,sofascore
1158347,Frolov A.,alexander-frolov,sofascore
1158426,Ananiev V.,vitalii-ananiev,sofascore
1158428,Mares J.,jan-mares,sofascore
1158469,Bulat P.,petru-bulat,sofascore
1158429,Pina J.,jan-pina,sofascore
1158504,Smazik L.,libor-smazik,sofascore
1158503,Kuksa Z.,zdenek-kuksa,sofascore
1158457,Vladimir Mukhorovsky,vladimir-mukhorovsky,sofascore
1158458,Bokovoy Y.,yuriy-bokovoy,sofascore
1157906,Chertkov D.,dmitrii-chertkov,sofascore
1158549,Muroveiko N.,nikolai-muroveiko,sofascore
1158547,Denis Vezhnovets,denis-vezhnovets,sofascore
1158548,Mikhail Chernovets,mikhail-chernovets,sofascore
1158463,Ampleev A.,andrey-ampleev,sofascore
1158468,Oleg Denisov,oleg-denisov,sofascore
1158551,Vladimir Mazyrko,vladimir-mazyrko,sofascore
1159134,Yakovlev F.,fedor-yakovlev,sofascore
1159135,Moiseenko A.,alexander-moiseenko,sofascore
1159136,Krasnov K.,kirill-krasnov,sofascore
1159456,Horak T.,horak-tomas,sofascore
1159380,Policiuc A.,policiuc-alexandru,sofascore
1159382,Zelinka M.,zelinka-matus,sofascore
1159381,Gasparovic D.,gasparovic-david,sofascore
1159542,Chernyshov A.,alexey-chernyshov,sofascore
1159545,Pashkevich V.,vladislav-pashkevich,sofascore
1159543,Kuznetsov S.,sergey-timofeyevich-kuznetsov,sofascore
1159540,Rek L.,rek-lukas-dominik,sofascore
1159651,Solle R.,solle-radovan,sofascore
1159544,Oanta M.,mihail-oanta,sofascore
1159601,Oleksandr Kuravskyi,oleksandr-kuravskyi,sofascore
1159701,Skalda J.,skalda-jan,sofascore
1159738,Tao Y.,tao-yuchang,sofascore
1159684,Alexander Dekhtyarenko,alexander-dekhtyarenko,sofascore
1159842,Vadim Inozemcev,vadim-inozemcev,sofascore
1159697,Vladimir Gulnitsky,vladimir-gulnitsky,sofascore
1159686,Evstratii V.,viorel-evstratii,sofascore
1159685,Boico E.,evghenii-boico,sofascore
1159693,Boura L.,lukas-boura,sofascore
1159841,Danylov S.,serhii-danylov,sofascore
1159839,Kovarik M.,matej-kovarik,sofascore
1159847,Vasyliev V.,volodymyr-vasyliev,sofascore
1159840,Vana M.,miroslav-vana,sofascore
1159769,Priesol D.,priesol-daniel,sofascore
1160018,Sokolowski O.,sokolowski-oliwier,sofascore
424646,Troyanov Y.,troyanov-yaroslav,sofascore
1158456,Andrey Vasilenko,andrey-vasilenko,sofascore
1159995,Mocan Veaceslav,mocan-veaceslav,sofascore
1160014,Valerii Kobzar,valerii-kobzar,sofascore
1160013,Roienko T.,timofey-royenko,sofascore
1160015,Klymenko V.,vitalii-klymenko,sofascore
1160016,Kotrbacek P.,petr-kotrbacek,sofascore
1160064,Aleksandr Pavlov,aleksandr-pavlov,sofascore
1159949,Roman Malinovsky,roman-malinovsky,sofascore
1159948,Biserov M.,mikhail-biserov,sofascore
424475,Safonov V.,safonov-vladimir,sofascore
1160177,Mutu V.,vyacheslav-mutu,sofascore
1160178,Sarapanovschi I.,iurie-sarapanovschi,sofascore
1160283,Skerbinz P.,skerbinz-patrick,sofascore
1160065,Vladimir Bushma,vladimir-bushma,sofascore
1160230,Yuri Tokarevskiy,yuri-tokarevskiy,sofascore
1160366,Solilo D.,solilo-dominik,sofascore
1160282,Alexey Zhelubenkov,alexey-zhelubenkov,sofascore
1160222,Gazhula O.,oleksii-gazhula,sofascore
1160354,Mejzlik J.,jakub-mejzlik,sofascore
1160425,Burak I.,ihor-burak,sofascore
1160436,Deshuk A.,andrey-deshuk,sofascore
1160689,Benes J.,benes-jiri,sofascore
1160754,Aleksandr Kerner,aleksandr-kerner,sofascore
1160834,Jinek M.,jinek-matyas,sofascore
1156872,Scofari V.,vladimir-scofari,sofascore
1160817,Lobanov A.,arsenii-lobanov,sofascore
1160838,Oleksandr Bolnyh,bolnyh-oleksandr,sofascore
1160955,Metla O.,oleksii-metla,sofascore
1158142,Belotskii M.,maksim-belotskii,sofascore
1160958,Andreev D.,denis-andreev,sofascore
1160921,Plischenko S.,sergey-plischenko,sofascore
1160959,Korol D.,dmitrii-korol,sofascore
1161036,Skipor V.,vladimir-skipor,sofascore
1161043,Izhikov N.,nikolai-izhikov,sofascore
1161044,Stroyev A.,aleksey-stroyev,sofascore
1158363,Manushin A.,alexey-manushin,sofascore
1161031,Shulhachyk P.,pavlo-shulhachyk,sofascore
1161042,Vana M.,martin-vana,sofascore
1161143,Yevdokymov D.,daniil-yevdokymov,sofascore
1161145,Tkalich M.,maxim-tkalich,sofascore
1161144,Kuzko S.,stanislav-kuzko,sofascore
1161037,Viktor Lukashevich,viktor-lukashevich,sofascore
1161294,Ruzicka J.,ruzicka-jakub,sofascore
1161148,Premysl Rucky,premysl-rucky,sofascore
1161413,Slavik L.,slavik-lukas,sofascore
1161724,Gordei S.,sergei-gordei,sofascore
1161717,Drozd K.,drozd-kamil,sofascore
1161641,Dvoracek A.,adam-dvoracek,sofascore
1161830,Melnikov M.,mikhail-melnikov,sofascore
1161831,Tsvetkov V.,vyacheslav-tsvetkov,sofascore
1161866,Oleksandr Sydorchuk,oleksandr-sydoruk,sofascore
1161699,Mazur R.,roman-mazur,sofascore
1161881,Fencl P.,pavel-fencl,sofascore
1161959,Kucherovskiy S.,sergey-kucherovskiy,sofascore
